book_key,title,author,pages,average_rating,published_date
2145253,Il romantico,William  Boyd,464.0,3.75,2022.0
958696,Niets is waar,Lisa Jewell,11.0,4.0,2023.0
1793387,Pražské mordy: Skutečné kriminální případy z let první republiky (1918–1938),Dan Hrubý,408.0,4.5,2021.0
403063,"Treasured Grace (Heart of the Frontier, #1)",Tracie Peterson,316.0,3.54545454545455,2017.0
1686003,Mysterious Secrets of the Dark Kingdom: The Battle for Planet Earth,J.P. Timmons,414.0,5.0,1991.0
2098912,"Chocola et Vanilla, Tome 6",Moyoco Anno,176.0,5.0,2006.0
2574091,"Rebeldes, ni putas ni sumisas",Gemma Lienas,160.0,2.0,2005.0
1485607,Очевидность фильма: Аббас Киаростами,Jean-Luc Nancy,112.0,5.0,2001.0
916302,الخراسانية في شرح عقيدة الرازيين,عبدالعزيز بن مرزوق الطريفي,896.0,5.0,
1156099,Sinserious,JanJan Untamed,760.0,5.0,
2338982,Breaking the Bank,Yona Zeldis McDonough,349.0,4.0,2009.0
754716,Pandemic (The Extinction Files #1),A.G. Riddle,720.0,4.0,2017.0
945543,"Gentleman Wanted (Black Aces, #4)",Emma Mountford,96.0,5.0,
317588,Unexpected,Jack Ryder,42.0,3.0,
645583,Black Hawk Down: A Story of Modern War,Mark Bowden,496.0,4.55555555555556,1999.0
1801139,La respuesta del Universo: Creando su vida ideal mediante la ley de la atracción,Félix Torán Martí,,5.0,2008.0
1958019,Uncanny X-Men (1963-2011) #106,Chris Claremont,18.0,3.0,1977.0
784608,Filthy (Foreign Exchange #2),S.E. Hall,149.0,4.0,
2169617,প্রজাপতির দিন,Nuha Chowdhury,15.0,4.0,2022.0
1079691,"火盃的考驗 (哈利波特, #4)",J.K. Rowling,768.0,4.0,2000.0
2064408,The Coldest Girl in Coldtown,Holly Black,422.0,4.0,2013.0
1694862,Royal Discipline (Royal Discipline #1),Annabel Joseph,151.0,4.66666666666667,2016.0
823422,Pandora's Jar: Women in the Greek Myths,Natalie Haynes,275.0,4.4,2020.0
1779482,The Man of Feeling (Broadview Edition),Henry MacKenzie,224.0,4.0,1771.0
2498551,The Year That Follows,Scott Lasser,257.0,4.0,2009.0
643657,Murder Runs in the Family (Honey Driver Mystery #13),Jean G. Goodhind,307.0,4.36363636363636,2016.0
830024,"Cibola brennt (The Expanse, #4)",James S.A. Corey,656.0,3.5,2014.0
876772,L'homme qui plantait des arbres,Jean Giono,58.0,4.16666666666667,1953.0
1106952,Uncertain Magic,Laura Kinsale,384.0,4.16666666666667,1987.0
1081865,الخنجر,Anatoli Rybakov,322.0,4.0,1948.0
567050,Barred for Life: How Black Flag’s Iconic Logo became Punk Rock’s Secret Handshake,Stewart Dean Ebersole,328.0,2.0,2012.0
1444346,Coraline By Neil Gaiman,Neil Gaiman,,4.0,2002.0
1138031,Carretera maldita,Richard  Bachman,363.0,3.0,1981.0
952367,BattleTech Legends: Ghost of Winter,Stephen Kenson,280.0,4.0,1999.0
1738029,Unspoken Abandonment: Sometimes the hardest part of going to war is coming home,Bryan A. Wood,208.0,4.28571428571429,2012.0
1546946,Stone Cold,Sarah Humpherys,308.0,5.0,2022.0
1678503,How to Beat Wall Street - Everything You Need to Make Money in the Markets Plus! 20 Trading System Ideas,J.B. Marwood,,4.5,2013.0
2287421,Grădina Raiului,Ernest Hemingway,240.0,3.33333333333333,1986.0
1335881,Games for Actors and Non-Actors,Augusto Boal,301.0,4.71428571428571,1975.0
1055585,My Stubborn Heart,Becky Wade,352.0,4.0,2012.0
915075,Born in the GDR: Life in the Shadow of the Wall,Hester Vaizey,224.0,4.0,2014.0
525975,Faerie Heart,Livi Michael,181.0,2.0,2009.0
1050273,The Midas Bomb,Steven M. Moore,219.0,5.0,2009.0
1728209,A girl's story,Annie Ernaux,106.0,3.25,2016.0
394539,Las semillas de la vida. Parte 3: Vida (Spanish Edition),Mónica Andrés Lacasta,180.0,5.0,
125106,Duality,Cove Penn,291.0,5.0,
2415493,The Game,Vi Keeland,359.0,3.92307692307692,2023.0
392444,"How to Win the War on Truth: An Illustrated Guide to How Mistruths Are Sold, Why They Stick, and How to Reclaim Reality",Samuel C. Spitale,304.0,4.5,2022.0
1668554,Superior Day,Team Getname,,4.0,2011.0
2583913,The Mother-in-Law,Sally Hepworth,384.0,4.0,2019.0
196862,Burning Cold: The Cruise Ship Prinsendam And the Greatest Sea Rescue of All Time,H. Paul Jeffers,304.0,3.0,2006.0
2534667,Love in the Ruins,Barbara Cartland,124.0,5.0,
202238,Social Intelligence: The New Science of Human Relationships,Daniel Goleman,416.0,4.10294117647059,2006.0
1341526,"Longe dos Olhos, Perto do Coração",Jenny Colgan,368.0,2.0,2020.0
1539158,Tự đào giếng trước khi chết khát,Harvey MacKay,408.0,3.0,1997.0
1145343,"Perfect Pact (Mason Creek, #27)",Cary Hart,169.0,5.0,
616660,Puissance de la douceur,Anne Dufourmantelle,128.0,5.0,2013.0
2178270,Jennifer Crusie 3-Book Set: What the Lady Wants/ Manhunting/ Getting Rid of Bradley,Jennifer Crusie,,5.0,1995.0
1172043,The Stone Girl's Story,Sarah Beth Durst,336.0,5.0,2018.0
415444,Se busca canguro,Marta Claus,345.0,2.66666666666667,
1027814,Crossed Trails,Bob Blink,254.0,4.0,
790731,99 Days,AnnaLisa Grant,246.0,5.0,
1253365,Bottle of Lies (Bennett Sisters; Dead Flat #1),Lise McClendon,63.0,3.0,2019.0
2422091,The Visions of Ransom Lake,Marcia Lynn McClure,296.0,4.45,2002.0
2091148,"¡Camarero, este café está frío!: Primeros auxilios para mejorar la asertividad, la comunicación y las relaciones personales (Cuadrilátero de libros) (Spanish Edition)",Raquel Ballesteros,208.0,4.0,2016.0
2092484,French Exit,Patrick deWitt,304.0,4.0,2018.0
1916600,Memories Unwound,Ruby Dhal,180.0,4.0,
612893,One Piece 59: La Mort De Portgas D. Ace,Eiichiro Oda,208.0,5.0,2010.0
2328238,Richard Scarry's Best Rainy Day Book Ever,Richard Scarry,144.0,5.0,1974.0
37906,Geoengineering: The Gamble,Gernot Wagner,203.0,4.0,
309834,"I diavoli sono qui (Chief Inspector Armand Gamache, #16)",Louise Penny,616.0,5.0,2020.0
1763153,Little Fox in the Forest,Stephanie Graegin,40.0,4.0,2017.0
769178,O Segredo do Chocolate,James Runcie,208.0,4.0,2001.0
604012,"Happy Shitty Life, Vol. 5",Harada,192.0,4.0,2023.0
470062,Dante's Divine Comedy: Inferno : Journey to Joy,Kathryn Lindskoog,226.0,5.0,1320.0
753077,"The Dead in Their Vaulted Arches (Flavia de Luce, #6)",Alan Bradley,310.0,4.25165562913907,2014.0
2328812,Vampire Dormitory 2,Ema Tōyama,160.0,4.0,2019.0
97097,"Heartsick (Archie Sheridan & Gretchen Lowell, #1)",Chelsea Cain,324.0,4.0,2007.0
2152837,Mózg ćwiczy. Czyli jak utrzymać umysł w dobrej formie,Kaja Nordengen,256.0,4.0,2018.0
2597201,In the Beginning: Compelling Evidence for Creation and the Flood (7th Edition),Walter T. Brown,328.0,4.0,1989.0
1141086,ناريا,حسن علي أنواري,168.0,4.0,
1238167,Puppet on a Chain,Alistair MacLean,222.0,3.0,1969.0
2305731,Unrest,Yeng Pway Ngon,317.0,3.0,2009.0
1562602,Shoes and Baby,S.Y. Robins,43.0,5.0,2015.0
1567494,A Cellist's Life (Strings Backstage),Colin Hampton,128.0,4.0,2000.0
980545,Secrets of Power Salary Negotiating: Inside Secrets From a Master Negotiator,Roger Dawson,288.0,4.0,2006.0
945790,The Tent,Margaret Atwood,176.0,5.0,2006.0
1638051,The Key to Heaven,Ray Comfort,192.0,5.0,1997.0
263853,"Murder in the Latin Quarter (Maggie Newberry Mysteries, #7)",Susan Kiernan-Lewis,392.0,4.42857142857143,2016.0
909436,Piddly Poems for Children: Volume 1,Benny Bellamacina,34.0,4.0,2009.0
2178508,"Chico Bento: O Casamento da Rosinha, #23",Mauricio de Sousa,66.0,4.0,2017.0
409253,Praxeological Ethics,J. W. Rich,155.0,4.0,
2377562,People Called Kolkata,People Places Project ..,302.0,5.0,
933620,Весёлая семейка,Nikolay Nosov,520.0,5.0,1954.0
2413736,Famous Last,Brian  Lancaster,359.0,2.0,
1413398,Het boek Daniel,Chris De Stoop,256.0,4.24,2020.0
2044360,"Sternenschweif, 77, Geheimnis des Mondes (German Edition)",Linda Chapman,0.0,3.0,
92391,The New Journalism,Tom Wolfe,394.0,4.5,1973.0
145054,Your Score,Anthony Davenport,224.0,4.0,2018.0
1656238,Malik (Kif Warriors #1),Kiki Burrelli,188.0,4.0,2019.0
1463506,A democracia equilibrista: Políticos e burocratas no Brasil (Portuguese Edition),Pedro Abramovay,184.0,4.25,2022.0
2493559,En busca del misterio,Fernando Jiménez del Oso,333.0,4.0,
2552956,La revelación de los templarios,Lynn Picknett,0.0,3.0,1997.0
26331,The Stay At Home Chef Family Favorites Cookbook,Rachel Farnsworth,352.0,5.0,
10390,De cómo un rey perdió Francia,Maurice Druon,329.0,2.8,1977.0
173273,Kick Back,K.J .,305.0,4.8,2020.0
1147512,Trillions: How a Band of Wall Street Renegades Invented the Index Fund and Changed Finance Forever,Robin Wigglesworth,352.0,5.0,
127955,"Light from Her Mirror (Mirrors Don't Lie, #3)",Becki Willis,306.0,5.0,2014.0
1174343,Raptor: A Journey through Birds,James Macdonald Lockhart,384.0,3.0,2016.0
849527,The Haunting of Blackwood House,Darcy Coates,358.0,3.95833333333333,2015.0
263128,"Bibliocollège - Nouvelles réalistes, Guy de Maupassant",Guy de Maupassant,128.0,3.0,
2085520,One Bit at a Time,Sydney Presley,65.0,4.0,2015.0
1734497,El hombre que sabía demasiado,G.K. Chesterton,288.0,4.0,1922.0
2206034,Christmas Games (Italian Edition),Mariarosaria Guarino,177.0,5.0,
667335,This Mum Runs,Jo Pavey,0.0,4.8,2016.0
1703254,The Bad Boy and the Tomboy,Nicole Nwosu,354.0,5.0,2016.0
136515,"Kingdom of Corruption (The Fausti Family, #4)",Annie Rose Welch,502.0,5.0,2019.0
284849,"Die Tage des Hirsches (Die Grenzländersaga, #1)",Liliana Bodoc,315.0,3.0,1999.0
2587155,"The End of Me (The Single Lady Spy, #1)",Tara Brown,279.0,3.5,2013.0
2527215,Verbrenn all meine Briefe: Roman – »Sein Buch ist kein Krimi und könnte doch aufregender nicht sein.« Christine Westermann,Alex Schulman,0.0,3.66666666666667,2018.0
82372,"A Dark, Dark Tale",Ruth Brown,32.0,3.83333333333333,1981.0
2322059,Die Djurkovic und ihr Metzger,Thomas Raab,264.0,3.0,2020.0
2462551,"Ringworld's Children (Ringworld, #4)",Larry Niven,284.0,4.0,2004.0
1214020,Wartime Wishes at Bletchley Park (The Bletchley Park Girls #3),Molly Green,464.0,4.29411764705882,
2533139,شهداء العنود,علي الحجي,118.0,3.0,
2185657,Tomorrow is near but today is here (Mindful Mia #2),Asaf Rozanes,36.0,3.0,
448597,"Como Dibujar Manga, Volumen 2: Tecnicas",Matsuoka Hideki,120.0,5.0,2000.0
2065111,A Treacherous Paradise,Henning Mankell,386.0,5.0,2011.0
2148749,Mrs. Wiggins (Thorndike Press Large Print Black Voices),Mary Monroe,484.0,3.0,2021.0
1462630,The Final Storm,Liz  Hambleton,320.0,4.23529411764706,2022.0
1746772,Duivelswerk,Mo Hayder,352.0,3.5,2006.0
975792,Ο Τονγκολέλε δεν ήξερε να χορεύει,Sergio Ramírez,416.0,3.0,2021.0
1809325,Stolen by the Warlord (Ash Planet Warriors #1),V.K. Ludwig,254.0,4.0,
2120197,Marilia Carneiro No Camarim Das Oito (Portuguese Edition),Mühlhaus Carla,189.0,3.0,
1129248,"Wo die Spuren aufhören (Chief Inspector Armand Gamache, #10)",Louise Penny,480.0,4.0,2014.0
854234,Unf*ck Yourself,Yellow Kite,224.0,4.625,2016.0
1246861,"Confessional (Liam Devlin, #3)",Jack Higgins,256.0,3.93333333333333,1985.0
2576820,Shadow (Golden Skulls MC #11),Rebecca Joyce,0.0,5.0,
1538527,"Garment of Shadows (Mary Russell, #12)",Laurie R. King,304.0,5.0,2012.0
1967637,Canción de sangre,Julia   Ember,272.0,3.0,2020.0
1502120,PANDORA: End of Days,Peter J. Ang,204.0,4.11764705882353,2012.0
499950,"Among the Brave (Shadow Children, #5)",Margaret Peterson Haddix,252.0,3.90909090909091,2004.0
2097299,La libertà e i suoi nemici nell'età della guerra al terrorismo,Michael Walzer,109.0,5.0,
236450,The Light We Carry: Overcoming in Uncertain Times,Michelle Obama,319.0,4.24775784753363,2022.0
1145189,"Pekoe Most Poison (A Tea Shop Mystery, #18)",Laura Childs,317.0,3.66666666666667,2017.0
910755,The Revised Kama Sutra,Richard Crasta,333.0,4.0,1993.0
1230620,Game Project Completed: How Successful Indie Game Developers Finish Their Projects,Thomas Schwarzl,116.0,4.0,2014.0
2491684,White Lies in Blue Ink,Isabella J. Mansfield,52.0,4.0,2015.0
1085002,"My Forbidden Billionaire (My Way to Romance, #1)",Kristine W. Joy,343.0,3.83333333333333,
737977,가면속의 사랑 28,Yu-Rang Han,163.0,4.0,
2315953,Best Foot Forward (Brass Knuckles & Tattered Wings #1),Martin Svolgart,88.0,3.0,2020.0
2133151,Interesting Narrative and Other Writings,Olaudah Equiano,355.0,4.0,1789.0
1406700,Summer at Enid’s,Britt Laux,174.0,4.0,
2492545,A Country Doctor's Notebook,Mikhail Bulgakov,162.0,5.0,1925.0
1457753,Apple Seeds in the Snow (The Zemkoska Chronicles),Helen Rygh-Pedersen,358.0,3.0,
57978,Thalia De Luca,Jaclin Marie,252.0,3.36363636363636,2020.0
188966,La ragazza di Bube,Carlo Cassola,219.0,4.5,1960.0
487617,What's So Great About the Eiffel Tower?: 70 Questions That Will Change the Way You Think about Architecture,Jonathan Glancey,176.0,3.66666666666667,
127884,الحب بذكاء : كيف تجدين الرجل الذي تحلمين به؟ أو كيف تصلحين شأن زوجك,Phillip C. McGraw,304.0,2.33333333333333,2005.0
1958111,Road Story,Julienne van Loon,166.0,4.0,2005.0
721744,F,Daniel Kehlmann,384.0,4.0,2013.0
211472,The Missing Word: A Novel,Concita De Gregorio,118.0,4.0,2015.0
1005736,"Shadow Summoner (Choronzon Chronicles, #1)",Tess Adair,309.0,3.0,2018.0
1362240,For Women and Girls Only: Reshaping Jewish Orthodoxy Through the Arts in the Digital Age,Jessica Roda,336.0,5.0,2024.0
1358046,A concepção semântica da verdade,Alfred Tarski,252.0,4.0,
822825,"One Last Chance (Oak Grove, #3)",Nancy Stopper,,3.0,
436832,Pretty Please: A Book of Manners (Disney Princess),Kiki Thorpe,64.0,3.0,2005.0
1252285,El beso azul,Jordi Sierra i Fabra,431.0,5.0,
917475,"Maliciously Obedient (Obedient, #1)",Julia Kent,246.0,3.73333333333333,2013.0
273958,The Dying Earth RPG,Robin D. Laws,192.0,4.0,2001.0
2129579,Dead Highways: Origins (Book 1),Richard  Brown,257.0,4.0,2012.0
2125983,De bekendste methodieken voor no-nonsense coachen - Zes praktische aanpakken voor effectieve coaching,Anne de Jong,173.0,3.0,
765747,Fearless,Jordan Silver,54.0,4.0,2018.0
2092181,La buena novela,Laurence Cossé,416.0,4.0,2009.0
659980,Coral Cafe (Coral Cottage at Summer Beach),Jan Moran,258.0,4.0,
2268707,Conquering Chaos,Catelynn Lowell,161.0,3.5,2015.0
1677663,The Sirens of Soleil City,Sarah C. Johns,304.0,4.0,
1329417,"Homebodies (Out of Uniform, #4.5)",Annabeth Albert,35.0,4.0,2018.0
459227,The Houseboat,Dane Bahr,256.0,3.28571428571429,2022.0
961383,Draaidagen,Bianca Boer,270.0,2.0,
1015477,"Magnet (Terran Times Second Wave, #14)",Viola Grace,90.0,4.0,2014.0
221795,Leuchtfeuer,Dani Shapiro,288.0,2.0,2022.0
801408,دنقلا,إدريس علي,168.0,3.58333333333333,1993.0
2086815,Tensei Oujo wa Kyou mo Hata o Tatakioru Vol.1,Bisu,,4.0,
1864187,Carnival of Souls,Melissa Marr,306.0,3.58181818181818,2012.0
1273933,Sun Tzu for Women: The Art of War for Winning in Business,Becky Sheetz-Runkle,225.0,5.0,2010.0
38812,Oasis (Inferno #2),J.R. Gray,232.0,4.5,2019.0
873814,Amazon Elastic Compute Cloud (EC2) User Guide for Linux Instances,Amazon Web Services,892.0,4.33333333333333,2012.0
2223156,Undercover Love,Lucy Score,188.0,4.4,2015.0
1163473,"One More Mountain (Breadwinner, #5)",Deborah Ellis,192.0,4.4,
2217464,All We Like Sheep,Mary G. Peeples,104.0,3.0,1987.0
2016418,When in Rome...,Gemma Townley,306.0,3.66666666666667,2004.0
1734832,"Chicken Soup for the Soul: Living with Alzheimer’s  & Other Dementias: 101 Stories of Caregiving, Coping, and Compassion",Amy Newmark,400.0,4.66666666666667,2014.0
1124482,The Snake Has All the Lines,Jean Kerr,163.0,4.0,1960.0
2050574,Reincarnated as the Piggy Duke: This Time I’m Gonna Tell Her How I Feel! Volume 8 (Reincarnated as the Piggy Duke: This Time I'm Gonna Tell Her How I Feel!),Rhythm Aida,242.0,5.0,
2216915,Morgen mag ik naar huis: 10 dagen op zaal met Maar,unknown author,0.0,5.0,
1675214,ليس من الضروري أن تتنفس! It's not neccessary to breathe!,علي جابر الفيفي,18.0,4.0,2020.0
1679512,Núi thần (Tập 2),Thomas Mann,748.0,5.0,1924.0
2359551,"How to Break a Dragon's Heart (How to Train Your Dragon, #8)",Cressida Cowell,320.0,4.66666666666667,2009.0
876938,World Religions: The Great Faiths Explored and Explained,John Bowker,216.0,3.9,1997.0
1191767,The Scaredy Cat (Usborne First Reading Level 3),Russell Punter,48.0,3.0,2008.0
2427382,Anne Boleyn,Marie Louise Bruce,380.0,3.0,1972.0
1899249,Francotirador,Chris Kyle,,4.5,2012.0
1640939,Le Catilinarie,Marcus Tullius Cicero,201.0,3.4,-63.0
17226,The Wrong Man (John Bailey #5),Tim Ayliffe,352.0,4.0,
1146086,The Pain Eater,Beth Goobie,236.0,3.92307692307692,2016.0
1658449,Ashes in the Wind,Kathleen E. Woodiwiss,664.0,4.19318181818182,1979.0
1375705,Lords of Eire: An Irish Medieval Romance Bundle,Kathryn Le Veque,1257.0,5.0,
297803,Batman/Superman (2019-2021) #10,Joshua Williamson,24.0,3.0,
2001666,Das Brot der frühen Jahre,Heinrich Böll,336.0,4.0,1955.0
2425171,Sanctuary (The Chosen Trilogy #1),Cheyenne Nikole,435.0,3.0,
932812,Voices from the Plain of Jars: Life under an Air War (New Perspectives in SE Asian Studies),Fred Branfman,176.0,4.5,1972.0
1407465,The Shocking Story of Electricity: Internet Referenced (Young Reading),Anna Claybourne,64.0,5.0,2006.0
469613,Dead Rising,Carl Hose,95.0,4.0,2010.0
375792,High School Queens,Zachary Ryan,302.0,2.5,
2187368,الموسيقي الأعمى,Vladimir Korolenko,188.0,4.0,1886.0
2455455,拔魔,冰临神下,,2.0,
771056,And She Was (Brenna Spector #1),Alison Gaylin,402.0,4.5,2012.0
1843556,Das Haus über dem Fjord,Kristin Valla,319.0,5.0,2019.0
2517474,A Pale View of Hills,Kazuo Ishiguro,192.0,1.0,1982.0
826167,White Is for Witching,Helen Oyeyemi,283.0,3.93333333333333,2009.0
1245984,Life on the Mississippi,Mark Twain,317.0,4.57142857142857,1883.0
2147572,The Fall of Troy,Quintus Smyrnaeus,301.0,3.5,350.0
1924601,"DAD: Untold Stories Of Fatherhood, Love, Mental Health and Masculinity",Elliott Rae,400.0,5.0,
1635121,The Art of Submission (The Art of D/s #1),Ella Dominguez,364.0,4.0,2012.0
2048311,The Faith Healer of Olive Avenue,Manuel Muñoz,239.0,4.0,2007.0
2524433,"Her Fearless Warrior (Lunarian Warriors, #6)",Roxie Ray,252.0,3.5,2020.0
1340715,Don't Go to Sleep Yet! (Sammy Bird),V. Moua,0.0,5.0,
2401444,Elegant and Easy Rooms,Dylan  Landis,240.0,3.0,1997.0
1856150,"Summary Of The 1619 Project: A New Origin Story By Nikole Hannah-Jones | Get The Key Ideas In Minutes, Not Hours",Rapid Reads,,3.0,
2488614,Eat That Frog,Brian Tracy,128.0,4.0,2001.0
608731,A Fisherman of the Inland Sea,Ursula K. Le Guin,193.0,5.0,1994.0
665960,Fossil Hunter,John B. Olson,368.0,2.0,2008.0
1693277,Millennial Love,Olivia Petter,240.0,3.5,
431801,Riikinkukon paratiisi,Jojo Moyes,511.0,3.0,2005.0
2506182,"Peligro Inminente (Jack Ryan, #5)",Tom Clancy,624.0,4.0,1989.0
203490,Vampire Knight T10 Ed Double,Matsuri Hino,256.0,4.0,
1683923,Satin Anvils,Eric Beeny,6.0,5.0,
2012998,Recall-Devil-King: Summon-A Demon-Lord To My World's-Vol.1,Vera Solorzano,360.0,4.0,
577828,The Crying of Lot 49,Thomas Pynchon,128.0,4.0,1966.0
1537042,Como Entender os Homens: O Que Você Deve Saber (Portuguese Edition),Seu Relacionamento Melhor,36.0,4.0,
1371601,"Kissing Cupid (Rancho Estate, #5)",Sonia Francesca,128.0,5.0,2005.0
1044157,1984,George Orwell,384.0,4.0,1949.0
103162,Mathematics Explained for Primary Teachers [with eBook Access Code],Derek W. Haylock,496.0,4.0,1995.0
1596409,"Avercamp, laat twintigste eeuw",Stephan Enter,27.0,4.0,
382175,The Cindy Chronicles: The Complete Set,RaShelle Workman,393.0,3.33333333333333,2013.0
545377,At War with Ourselves: My Tour of Duty in the Trump White House,H.R. McMaster,348.0,4.21428571428571,2024.0
2340967,Marvel Share Your Universe Sampler,Marvel Comics,27.0,4.5,
170449,Aristokratas Maskvoje,Amor Towles,544.0,4.08333333333333,2016.0
1938519,How to Remember,Cari Dubiel,298.0,5.0,2020.0
533798,Wild Goose Chase (Palm Island #4),K.M. Neuhold,265.0,4.2,2023.0
2465730,La Tête d'un homme,Georges Simenon,186.0,4.0,1931.0
2124956,The Woman in the Water,Will Barton,207.0,4.0,
911875,Politics and Aesthetics,Jacques Rancière,120.0,3.0,
1241883,The Fortnight in September,R.C. Sherriff,304.0,4.66666666666667,1931.0
52432,"Contes et légendes inachevés : Le Premier Age (Contes et Légendes inachevés, #1)",J.R.R. Tolkien,256.0,3.625,
1158071,Saksı Olmanın Faydaları,Stephen Chbosky,285.0,4.16666666666667,1999.0
742020,Jefferson's War: America's First War on Terror 1801-1805,Joseph Wheelan,414.0,5.0,2001.0
1735456,Amelia's Storm (Brides of Bethany Springs #7),Charlotte Dearing,222.0,4.0,
1458385,"Laid-Back Camp, Vol. 13",Afro,178.0,3.0,2022.0
273146,Onschuldig verleden,Viveca Sten,381.0,3.0,2010.0
1665164,Gulbja zvaigznājs,Rolanda Bula,254.0,4.5,
1009869,"The Solid-State Shuffle (Sunken City Capers, #1)",Jeffrey A. Ballard,270.0,5.0,2016.0
970136,Il Grido Del Gabbiano,Emmanuelle Laborit,212.0,5.0,1994.0
1022484,Atlantis in Peril,T.A. Barron,272.0,5.0,2015.0
383332,The Texas Ranch: The Complete Series,Jodi  Walker,782.0,4.16666666666667,
481492,Unholy Ground (Inspector Matt Minogue #2),John Brady,304.0,5.0,1989.0
745418,In the Wake,Per Petterson,230.0,4.27272727272727,2000.0
1054817,Нова Європа,Катерина Зарембо,176.0,3.0,2018.0
1296855,Sàpiens 2. Els pilars de la civilització: Una història gràfica 2,Yuval Noah Harari,256.0,3.0,2021.0
2035264,Fiance For Christmas (Christmas),Catherine George,192.0,4.0,1998.0
394065,Finding Me,Michelle Knight,,4.0,2014.0
604893,"Betrayal of Thieves (Legends of Dimmingwood, #2)",C. Greenwood,175.0,4.09090909090909,2012.0
566794,Con Respeto: Bridging the Distances Between Culturally Diverse Families and Schools: An Ethnographic Portrait,Guadalupe Valdés,240.0,5.0,
1588852,Fed After Midnight,Latrexa Nova,113.0,4.5,
587457,Happily Ever After (Runaway Princess: Flicka #5),Blair Babylon,314.0,4.33333333333333,
1509695,Religion for Atheists: A Non-Believer's Guide to the Uses of Religion,Alain de Botton,320.0,4.0,2011.0
2589402,Bulgaria Mexicalli,Gerardo Arana Villarreal,42.0,5.0,2011.0
876941,Contemplation by Franz Kafka (1998-09-01),Franz Kafka,,3.0,1912.0
1486551,Back Door Horse (Green Mountain Romance Book 1),Heather    Wallace,264.0,4.5,
2018080,The War That Ended Peace: The Road To 1914,Margaret MacMillan,739.0,5.0,2013.0
1672267,The Last Championship (Pitstop #1.5),Bridget L. Rose,,4.0,
1259748,All the Horses of Iceland,Sarah Tolmie,112.0,3.72727272727273,2022.0
2154368,الهروب إلى الحرية,حسين الشهرستاني,288.0,3.0,2010.0
224534,"Up to Me (The Bad Boys, #2)",M. Leighton,289.0,4.24610591900312,2013.0
206838,The Ladies of Missalonghi,Colleen McCullough,189.0,3.70588235294118,1987.0
2064430,"Retour à la lumière (Le veilleur des brumes, #3)",Robert Kondo,195.0,5.0,2019.0
51672,Triumph of Truth: Rajiv Gandhi Assassination-The Investigation,D.R. Kaarthikeyan,280.0,4.0,2004.0
2473576,"Any Old Diamonds (Lilywhite Boys, #1)",K.J. Charles,320.0,4.48484848484848,2019.0
1951552,Seven Years of Darkness,You-Jeong Jeong,338.0,3.0,2011.0
693457,The House of Paper,Carlos María Domínguez,112.0,3.66666666666667,2002.0
2089073,حب تصميم الشعارات : دليلُ صناعة الهويَّات التجاريَّة المتميِّزة,ديفيد ايراي,220.0,4.0,2009.0
2199459,Betrayal (Immortal Protectors #1),H.M. McQueen,225.0,5.0,2015.0
1162029,"The Book of Humans: A Brief History of Culture, Sex, War and the Evolution of Us",Adam Rutherford,273.0,3.82758620689655,2016.0
1707227,Making Faces,Kevyn Aucoin,160.0,4.55813953488372,1997.0
1908349,"Of Snow and Roses (Magically Ever After, #1)",T.M. Franklin,277.0,3.5,2020.0
1117577,قصص الأنبياء في القرآن الكريم,مركز المعارف للمناهج والمتون التعليمية,364.0,3.5,
1977271,Por qué fracasan los países,Daron Acemoğlu,600.0,3.0,2012.0
349879,You'll Know in Your Heart (The Gods Made Me Do It #7),Lisa Oliver,208.0,4.6,2019.0
2069017,"Hallo, Mister Gott, hier spricht Anna",Fynn,,3.0,1974.0
430242,"Wildest Dreams (Thunder Point, #9)",Robyn Carr,361.0,4.61111111111111,2015.0
2099411,Family Graces,Kathryn Magendie,280.0,4.0,2012.0
921211,Le journal intime de Sally Mara,Raymond Queneau,,4.0,1950.0
1427916,Viva Coldplay!: A Biography,Martin Roach,199.0,4.0,2010.0
1239213,Allegiance to Power: A Political Espionage Thriller,Steven Lee,321.0,3.0,
1147207,Omicidio al Roadhouse,James    Ross,382.0,3.0,1940.0
1646949,The Killer Wore Cashmere Socks,Dixie Howell,242.0,5.0,
2141707,Baby Animals from Africa: A rhyming picture book for children aged 0-5,Barb Asselin,25.0,3.4,2014.0
2171038,Working with Bitches: Identify the Eight Types of Office Mean Girls and Rise Above Workplace Nastiness,Meredith Fuller,273.0,5.0,2013.0
2568613,The Firebird's Tale,Anya  Ow,217.0,3.0,
1688989,Beyond the Veil,Burgs,331.0,5.0,2008.0
1883044,The Dreaming Road,Elizabeth Moore,378.0,5.0,
12471,"Shift Happens (New Orleans Nocturnes, #2)",Carrie Pulkinen,242.0,3.33333333333333,2020.0
1300637,"Throne of Glass Collection (Throne of Glass, #1-3)",Sarah J. Maas,0.0,4.90322580645161,2014.0
1328525,Distant Relations: Iran and Lebanon in the Last 500 Years,H.E. Chehabi,288.0,4.0,2006.0
2305192,"The Miracle of the Bread, the Fish, and the Boy",Anthony   DeStefano,32.0,4.0,
483426,The Black Velvet Coat,Jill G. Hall,351.0,3.875,2015.0
2423896,Revolutionary Witchcraft: A Guide to Magical Activism,Sarah Lyons,168.0,5.0,
187289,Van Halen Rising: How a Southern California Backyard Party Band Saved Heavy Metal,Greg Renoff,400.0,4.38095238095238,2015.0
215343,Toubab,Núria Tamarit,116.0,4.0,
1513331,"Der gefallene Engel (Black Dagger, #39)",J.R. Ward,640.0,4.0,2023.0
1581454,CONSEQUENCES: DNA DOESN'T LIE... OR DOES IT?,Heather Dawn Gray,279.0,4.5,
2547165,Smoke: Poems,Jeanne Bryner,96.0,5.0,2012.0
785008,Curly Verse: Selected Poems,Michael Leunig,132.0,4.5,2010.0
2191963,Discover Europe (Lonely Planet Discover),Oliver Berry,1810.0,4.0,2010.0
1321581,Doctor Who: The Deviant Strain,Justin Richards,259.0,3.0,2005.0
1844469,"Alpha Fighter (The Alpha Fighter, #1)",Ava Ashley,238.0,4.0,2014.0
1628776,Thrown Away Child,Louise   Allen,285.0,4.69230769230769,2017.0
644310,Los Caballeros de Neraka,Margaret Weis,511.0,2.0,2000.0
2463236,Coil Quake Rift,Nathan Elias,239.0,4.0,
2196754,Cafe Kitchen: Relaxed Food for Friends from the Lantana Cafe,Shelagh Ryan,160.0,3.0,2014.0
1625737,Fortunate: Orphan Series Book One,Dandridge Monroe,271.0,4.5,
1032311,Những bông hoa trên tầng áp mái,V.C. Andrews,479.0,4.0,1979.0
345306,Bright Hair About the Bone,MissDisoriental,805.0,5.0,
701227,"Bought Mafia Bride (The Bonanno Family, #4)",Mae Doyle,236.0,4.66666666666667,2021.0
1854924,"Off the Page (Between the Lines, #2)",Jodi Picoult,356.0,3.78947368421053,2015.0
213246,Finding Chris Evans: The Fortune Teller Edition,Elizabeth Bemis,24.0,2.0,
1809759,"Nocturna (Gardiens des Cités Perdues, #6)",Shannon Messenger,768.0,4.7,2017.0
2527423,"Orte des lebendigen Todes: Kafka, de Chirico und die anderen",László F. Földényi,90.0,5.0,2018.0
989983,A Gipszangyal,Dezső Kosztolányi,341.0,3.0,2010.0
1173744,Darth Vadar,Jack Torrance,34.0,2.0,
1240650,Captivating: Unveiling the Mystery of a Woman's Soul,John Eldredge,256.0,3.25,2004.0
2584559,Teddy,Jason Rekulak,416.0,4.0,2022.0
1879767,Fisica per poeti. Lo scienziato come uomo e artista: storia della fisica da Galileo ai nostri giorni,Robert H. March,390.0,3.0,1978.0
1143941,"Liza ""A nest of nobles""",Ivan Turgenev,180.0,3.0,1859.0
2045942,Ni aquí ni en ningún otro lugar,Patricia Esteban Erlés,248.0,4.0,2021.0
2342303,"Treasure Island (Reading and Training Step 3, Book + CD)",Peter Foreman,124.0,5.0,1883.0
1333052,The Power of Your Subconscious Mind,Joseph Murphy,160.0,5.0,1963.0
2028129,The Yellow House,Sarah M. Broom,400.0,4.0,2019.0
1873173,"On a Wicked Dawn (Cynster, #9)",Stephanie Laurens,421.0,4.17391304347826,2002.0
889114,"The Jeremiah Study Bible, NKJV: What It Says. What It Means. What It Means for You.",David Jeremiah,2176.0,5.0,2004.0
2406305,We Survived the Holocaust: The Bluma and Felix Goldberg Story,Frank W.  Baker,156.0,3.0,
1326076,The Gruesome Acts of Capitalism,David  Lester,112.0,3.5,2004.0
32044,A Few Rules for Predicting the Future: An Essay,Octavia E. Butler,54.0,5.0,
549402,L'éternité n'est pas si longue,Fanny Chiarello,294.0,2.5,2010.0
1954299,"Multiple Sclerosis,an Enigma",Terry Crawford Palardy,176.0,5.0,2011.0
154429,The Guardian Mist,Susan Stoker,148.0,4.0,
259377,Judy: A Dog In A Million,Damien Lewis,384.0,3.57142857142857,2014.0
1684617,Daughters of War (Leonora Trilogy #1),Hilary Green,224.0,2.0,2011.0
786805,Gone to the Woods: Surviving a Lost Childhood,Gary Paulsen,344.0,4.66666666666667,2021.0
1642287,"Balladen om sångfåglar och ormar (The Hunger Games, #0)",Suzanne Collins,,2.0,2020.0
86822,The Better Mom Devotional: Shaping Our Hearts as We Shape Our Homes,Ruth Schwenk,224.0,4.6,
590662,Я іду шукати,Анастасія Нікуліна,448.0,5.0,
776402,The Vatican's Secret Scroll,Aldivan Torres,74.0,2.0,
2339919,Nonprofit Consulting Essentials: What Nonprofits and Consultants Need to Know,Penelope Cagney,272.0,4.0,2010.0
2331030,Luke Skywalker and the Shadows of Mindor (Star Wars),Matthew Woodring Stover,337.0,4.0,2008.0
1325815,Crazy Busy (Pack of 25),Kevin DeYoung,6.0,5.0,2013.0
2336470,The Worlds of J. R. R. Tolkien: The Places That Inspired Middle-earth,John  Garth,208.0,4.75,2020.0
1132667,"The Lovers: Afghanistan's Romeo and Juliet, the True Story of How They Defied Their Families and Escaped an Honor Killing",Rod Nordland,362.0,4.23076923076923,2015.0
288227,"So Great a Cause (The Work and the Glory, #8)",Gerald N. Lund,511.0,4.52631578947368,1997.0
1341523,The House at Sea's End,Elly Griffiths,0.0,5.0,2011.0
2268634,"Руки, ​полные дождя",Мэй,384.0,4.0,
1785680,The Silence of War: An Old Marine in a Young Marine's War,Terry  Mcgowan,314.0,2.5,2016.0
1582784,Hikikomori,Kevin  Kuhn,223.0,3.0,2012.0
98236,Erik Çekirdeği,Leo Tolstoy,77.0,4.33333333333333,2008.0
2266964,Garden Earth - From Hunter and Gatherers to Global Capitalism and Thereafter,Gunnar Rundgren,,5.0,2012.0
1244579,Teenage Mutant Ninja Turtles Adventures Vol. 14,Dean Clarrain,115.0,5.0,2017.0
2259214,Better than Best friends,Ahona Sadhu,,3.0,
1254953,Jak mluvit a působit na druhé při obchodním jednání,Dale Carnegie,188.0,2.0,1962.0
166912,The Never Ending Story,Michael Ende,384.0,4.2,1979.0
1158706,Изобретение Мореля: сборник рассказов (Личная библиотека Борхеса),Adolfo Bioy Casares,317.0,4.66666666666667,1940.0
1371992,Love and Death: Two Louisiana Stories,Sam Irwin,45.0,5.0,2013.0
849021,"The Sleepover: The unputdownable, page-turning psychological thriller from bestseller Keri Beevis",Keri Beevis,364.0,4.5,2022.0
2302101,High-Caliber Christmas,B.J. Daniels,224.0,5.0,2005.0
1716218,Ultimate Sacrifice,S.E. Green,224.0,4.0,2017.0
1237473,Abraham Lincoln Burns in Hell: Issue #2,B.L. Blankenship,0.0,5.0,
1193676,"Fabulupus: How to be young, successful and fabulous (with lupus)",Jodie Nimigon-Young,184.0,4.0,2014.0
2044982,Lead with Your Heart: Lessons from a Life with Horses,Allan J. Hamilton,233.0,4.5,
546112,Topchefs en Westmalle,Norbert Koreman,169.0,5.0,2005.0
1615547,By Franz Kafka Die Verwandlung,unknown author,0.0,5.0,
1934097,The Interloper: Lee Harvey Oswald Inside the Soviet Union,Peter Savodnik,288.0,3.5,2012.0
738038,Streunende Köter,Domenico Mungo,313.0,5.0,2008.0
2369604,Diario de hazañas de Lobito,Ian Whybrow,128.0,5.0,1996.0
1226963,"Приказки, Оскар Уайлд",Oscar Wilde,171.0,3.0,1888.0
2279373,Waiting to Wake,Mary DeRosa Hughes,135.0,5.0,
924145,Über das Meer: Mit Syrern auf der Flucht nach Europa,Wolfgang  Bauer,133.0,3.0,2014.0
1496313,"The Promise of Love (Includes: Fast Track, #4.5; Shadow Stalkers, #1)",Lori Foster,320.0,5.0,2011.0
873162,Cade (Cutler Brothers #1),Paige Tyler,,4.0,2007.0
860003,I Malavoglia,Giovanni Verga,,3.75,1881.0
1773107,Only Passing Through: The Story of Sojourner Truth,Anne Rockwell,40.0,5.0,2000.0
174301,"Overland: Istanbul to Kathmandu, Adventures along the Hashish Trail",Benson Lamb,185.0,5.0,
503496,Hungerwinter (Oppenheimer #5),Harald Gilbers,446.0,3.0,2020.0
2551179,How Leaders Create Chaos: And Why They Should,Sam Chand,156.0,4.0,
1446288,The Beatles: The Illustrated Biography,E. Good,224.0,4.0,2008.0
1908503,"The Gulag Archipelago, 1918-1956: An Experiment in Literary Investigation, Books V-VII",Aleksandr Solzhenitsyn,576.0,4.41666666666667,1973.0
2264376,wees blij voor mij,Annick Verslegers,,4.0,
2177367,A Treasury of Science Fiction,Groff Conklin,192.0,3.0,1948.0
1169208,Wer war Jesus?: Theologisch-politische Interventionen,Gerd Lüdemann,98.0,1.0,2012.0
895058,Adachi and Shimamura (Light Novel) Vol. 8,Hitoma Iruma,278.0,4.5,2019.0
207224,De zomer die alles was,Mariska Overman,189.0,4.8,
1019596,More Than Scars,Sarah Brocious,333.0,4.55555555555556,2014.0
453887,De Spelen van het Biezebos,Marc de Bel,116.0,5.0,2024.0
510299,The Fall of Rome,R.A. Lafferty,302.0,3.66666666666667,1971.0
1331560,Scottish Folk Tales for Children,Judy Paterson,192.0,3.0,
862200,Ulysses Moore. Die Tür zur Zeit,Pierdomenico Baccalario,0.0,4.0,2004.0
2285416,کهربا,محمدعلی سپانلو,277.0,2.0,
1992792,The Book of Runes,Ralph H. Blum,159.0,4.0,1982.0
92940,The Crown of Rosemund,Michele Ashman Bell,256.0,3.66666666666667,2021.0
315448,The Dark Knight Devotionals: Finding Biblical Truth In The World Of Batman,Daniel V. Debs,112.0,2.0,
1822237,Jack and Jill: A Village Story,Louisa May Alcott,497.0,5.0,1880.0
1023014,Invasão Vertical dos Bárbaros,Mário Ferreira dos Santos,168.0,1.0,1967.0
2339507,Alice's Adventures in Wonderland (Annotated),Lewis Carroll,81.0,4.0,1865.0
483136,Yesterday's Tears (The Alexander Gray Series Book 2),Robert B Marcus Jr,329.0,4.0,
400283,Blackstone's Pursuits (Oz Blackstone #1),Quintin Jardine,260.0,2.5,1996.0
1472880,Nulteliv,Espen Friberg,,5.0,2016.0
2198388,O Homem Que Valia $500 000 (Blueberry #14),Jean-Michel Charlier,48.0,4.0,1973.0
1914892,"Pátá vlna (Pátá vlna, #1)",Rick Yancey,445.0,4.25,2013.0
1927354,The Lewis Family: Old Habits Die Hard (The Lewis Series Book 1),Niki Jilvontae,125.0,3.0,
733395,"Better Late Than Never (Gifted, #2)",Marilyn Kaye,224.0,3.9375,2009.0
225751,Zwykli śmiertelnicy,Erin Jade Lange,368.0,3.40740740740741,2022.0
366717,"A Decent Ride (Terry Lawson, #3)",Irvine Welsh,483.0,3.5,2015.0
1169416,Οι μάνες της άδειας αγκαλιάς,Θοδωρής Παπαθεοδώρου,485.0,4.25,2010.0
2015275,The Healers by Ann Cleeves (20-Nov-2014) Paperback,Ann Cleeves,0.0,3.0,1995.0
900345,La re-evolución empresarial del siglo XXI,Luigi Valdés,532.0,4.0,
2590934,Sueños de frontera (La Negra) (Spanish Edition),Paco Ignacio Taibo II,96.0,3.0,2003.0
1964143,"When Our Worlds Stand Still (Our Worlds, #3)",Lindsey Iler,,5.0,
1382152,مادونایی با پالتو پوست,Sabahattin Ali,200.0,4.0,1943.0
1004018,Windows 10: Windows 10 User Guide (Tech Geek Book 4),Alex Benjamin,69.0,3.0,2015.0
275797,Flame of Deception: The Wielders of Power (Flame of Deception #1),Matt Trevizo,512.0,5.0,2023.0
2023228,Medical-Legal Aspects of Occupational Lung Disease,Stuart A. Levy,192.0,4.0,2012.0
1975138,"Yvain, or, The Knight with the Lion",Chrétien de Troyes,224.0,3.73170731707317,1176.0
1297892,Her Mother's Secret,Rosanna Ley,436.0,4.24137931034483,2018.0
919158,Complete Korean: Intermediate,Mark Vincent,420.0,3.0,2014.0
1841623,Słownik,Jenny Erpenbeck,104.0,5.0,2004.0
164160,Corpus hermeticum,Hermes Trismegistus,104.0,4.0,1998.0
1484942,Garden Girls Cozy Mysteries Series: Boxed Set Four (Books 10-12) (Garden Girls Cozy Mysteries Boxed Set series Book 4),Hope Callaghan,453.0,4.33333333333333,
25054,Eb & Flow,Kelly J. Baptist,224.0,4.2,
834006,Palatul de la Miazănoapte,Carlos Ruiz Zafón,246.0,3.33333333333333,1994.0
2058939,"Realms of the Dragons (Forgotten Realms: Anthologies, #9)",Philip Athans,371.0,3.85714285714286,2004.0
546647,"The Runes of the Earth (The Last Chronicles of Thomas Covenant, #1)",Stephen R. Donaldson,772.0,4.0,2004.0
1205324,"Delia's Shadow (Delia Martin, #1)",Jaime Lee Moyer,336.0,3.2,2013.0
1008160,Dungeons of the Gods - Book 5 of Main Character hides his Strength (A Dark Fantasy LitRPG Adventure),Road Warrior,592.0,5.0,
195988,The Red Pony,John Steinbeck,95.0,3.5613810741688,1933.0
110955,Poe's Children: The New Horror: An Anthology,Peter Straub,610.0,3.0,2008.0
380440,The Death of Truth,Michiko Kakutani,142.0,3.33333333333333,2018.0
1804816,"Kim Jiyoung, née en 1982",Cho Nam-Joo,216.0,3.9,2016.0
34851,Тайната история,Donna Tartt,720.0,4.72727272727273,1992.0
1090364,"Bloodsucking Fiends (A Love Story, #1)",Christopher Moore,300.0,4.08080808080808,1995.0
1506646,Civil Partnership,Gino Meriano,128.0,1.0,2009.0
1178863,Psychology: A Beginner's Guide,G. Neil Martin,256.0,4.0,2008.0
443482,"Anti-inflammatory Diet: 30 Day Anti-Inflammatory Diet Plan to Absolutely Eliminate Pain, Lose Weight & Self-Healing (Weight Loss, Lose Weight, Fight Inflammation, Anti Inflammatory Recipes Book 1)",Shae Sparks,76.0,4.0,
1109773,I GRANDI SUCCESSI DELL’ERA SHŌ,unknown author,,5.0,
924948,السادس من نوفمبر .. المرأة وقيادة السيارة 1990 م,عائشة محمد المانع,292.0,3.75,2013.0
416030,Il treno dell'ultima notte,Dacia Maraini,430.0,4.3,2008.0
2099117,قصری در پیرنه,Jostein Gaarder,,5.0,2008.0
547638,A Very Murdering Battle: A dramatic adventure for Captain Daniel Rawson (Captain Rawson series Book 5),Edward Marston,339.0,5.0,2011.0
232320,Hitler's Pope: The Secret History of Pius XII,John Cornwell,464.0,3.9,1999.0
2161858,"The Science of Supervillainy (The Supervillainy Saga, #4)",C.T. Phipps,202.0,4.33333333333333,2017.0
710307,The Courier,Kjell Ola Dahl,384.0,4.66666666666667,2012.0
781912,Der Greif,Wolfgang Hohlbein,612.0,5.0,1989.0
433268,Burning Bright,Melissa Scott,362.0,3.33333333333333,1993.0
1625493,Cuckoo Summer,Jonathan Tulloch,256.0,4.0,2022.0
1658978,Coins of England and the United Kingdom,Stephen   Mitchell,531.0,4.0,1991.0
1860218,ผู้หญิงอย่าหยุดรวย : Smart Women Will Be Rich,เมษ พิชญพล,232.0,3.0,
1245946,Selected Poems,Sylvia Plath,85.0,4.06060606060606,1981.0
143492,The Most Commonly Asked Questions About 'A Course in Miracles',Gloria Wapnick,179.0,5.0,1995.0
22484,Маминото детенце,Любен Каравелов,88.0,3.875,1869.0
2028265,"Raven (Ruthless Paradise, #5)",Lexi Ray,476.0,4.6,
707289,"Moving Target (Ali Reynolds, #9)",J.A. Jance,340.0,4.04347826086957,2014.0
799163,The Incredible Hulk: Tempest Fugit,Peter David,144.0,3.0,2005.0
1640393,¿Hablamos del suicidio? (UNIVERSO DE LETRAS),Carmen Sánchez Alegre,,3.5,
1020704,I problemi dei bambini,Françoise Dolto,281.0,2.0,1994.0
1767286,Jeremiah's Bell: FREE SAMPLE (DCI Daley #8),Denzil Meyrick,,4.0,
163244,"Reading Comprehension: How To Drastically Improve Your Reading Comprehension and Speed Reading Fast! (Reading Skills, Speed Reading)",Adrian J. Williams,48.0,2.0,2014.0
1814997,Scales & Scoundrels #4,Sebastian Girner,30.0,5.0,2017.0
1289205,"A Deal with the Devil (The Devil Trilogy, #2)",Amelia Wilde,232.0,5.0,2021.0
2441938,"Texas Legacy (Texas Soul, #6)",Sara York,264.0,4.5,2013.0
1743878,"Wilderness Travel (Dark Titan, #2)",Thomas A. Watson,337.0,5.0,2015.0
1734693,Spectator (Tales of the Glitch Guardians #6),Dr. Block,83.0,5.0,
98386,"Secrets Collide (Bluegrass Brothers, #5)",Kathleen Brooks,245.0,4.8,2013.0
2572539,Betulkan Tatabahasa,Tan Wee Chien,148.0,5.0,
2386828,The Mystery of the Fortress (Durgo Rahasya): Detective Byomkesh Bakshy,Sharadindu Bandyopadhyay,140.0,2.0,1952.0
1862418,The Rise and Fall of the Soviet Empire,Brian Crozier,848.0,4.33333333333333,1999.0
51957,"Get Shit Done: 2019 Organizer has Weekly Views with To-Do Lists, Funny Holidays & Inspirational Quotes as well as 2019 Vision Board to Set Goals, ... and 20+ Ruled Notes Pages. (Naught Planners)",NOT A BOOK,149.0,4.0,
1768998,Haunted Sweets (Samantha Sweet Magical Cozy Mysteries #17),Connie Shelton,244.0,4.375,2023.0
764341,Operatie Verity (Dutch Edition),Elizabeth Wein,363.0,4.0,2012.0
1458919,This Changes Everything,Helen McGinn,266.0,4.05555555555556,
1137603,Corrompidos pela Escuridão: Máfia Sangue e Honra (Portuguese Edition),Dani Moraes,575.0,4.0,
897629,V.,Thomas Pynchon,547.0,4.05263157894737,1963.0
1728856,Find Her (The Erodium Trilogy #1),Kenneth Zink,272.0,3.0,2021.0
1699757,"Hi-Fructose: Collected Edition, Vol. 1",First Last,100.0,4.4,2008.0
1841801,"Temps glaciaires (Commissaire Adamsberg, #10)",Fred Vargas,497.0,4.20512820512821,2015.0
1178280,Knowing God,EMIKO AMOTSUKA,106.0,5.0,
2375003,Turma da Mônica Jovem #18 - Surge Uma Estrela Parte 1,Mauricio de Sousa,128.0,3.0,2010.0
2374195,Das Jahr des Dugong,John Ironmonger,132.0,4.05,
1149263,Narraciones Extraordinarias,Edgar Allan Poe,,3.0,1840.0
904553,Bird With the Heart of a Mountain,Barbara Mariconda,312.0,5.0,2014.0
163107,"A Kiss of Shadows (Meredith Gentry, #1)",Laurell K. Hamilton,16.0,5.0,2000.0
116862,Виланд,Оксана Кириллова,670.0,5.0,
2106880,Deep Space: The NASA Mission Reports: Apogee Books Space Series 48,Robert Godwin,432.0,5.0,2005.0
2499188,"Secret Baby Next Door (Doctors of Denver, #14)",K.C. Crowne,252.0,4.16666666666667,
1852771,Extrañas,Guillermo Arriaga,409.0,4.1551724137931,
1300300,"Stay: A Story of Family, Love, and Other Traumas",Julie Fingersh,248.0,5.0,
39120,Dreadful Water (Dreadful Water #1),Hartley GoodWeather,441.0,4.16666666666667,2002.0
1367289,Amazonernes Ring,Anne Fortier,628.0,3.0,2014.0
1885871,Таинственная карта,Галина Юзефович,540.0,4.0,
86327,Retriever Ransom (Pet Whisperer P.I. Book 10),Molly Fitz,202.0,4.0,2020.0
907596,The Death Cycle Machine,Charlotte Mayerson,0.0,5.0,1998.0
144912,Waterside Cottages,Barbara Jacksier,266.0,5.0,2009.0
929151,Omdat ik altijd al de jouwe was,Emma Anna,400.0,5.0,
913338,"Lord, Light My Path: Finding a way through anxious times",J.  Martin,34.0,4.5,
98259,Amazona,Canizales,96.0,4.0,2019.0
628858,Return to De Grasceby Manor: ...and the Search for Helen (James Hansone Ghost Mysteries Book 3),Paul L. Money,321.0,4.75,
1002555,"Kahayatle (Apocalypsis, #1)",Elle Casey,385.0,4.42857142857143,2012.0
1498505,Jeder Mensch,Ferdinand von Schirach,33.0,4.02777777777778,
435194,"Iluze (Mentalista, #1)",Camilla Läckberg,576.0,5.0,2021.0
16077,Возвращение со звезд,Stanisław Lem,320.0,3.8,1961.0
275775,Realms and Rebels,Chloe Adler,2178.0,4.5,2018.0
923250,Leopolis: A Samantha Duncan Mystery (Samantha Duncan Mysteries Book 15),Daisy Thurbin,127.0,5.0,
300973,"Playing with Fyre (Fyre & Ashes, #1)",Logan Fox,102.0,3.16666666666667,2021.0
584871,Tender Harvest,Kimberly Llewellyn,190.0,4.0,2013.0
1598767,I Must Fly,Sheila Scott,224.0,5.0,
578033,The Only Women I seem to Attract are Washed-Up Heroines: Book 1,Heidi Fisk,280.0,4.0,
2084708,Made for Goodness: And Why This Makes All the Difference,Desmond Tutu,224.0,3.0,2011.0
1652777,"Post mortem (Kay Scarpetta, #1)",Patricia Daniels Cornwell,352.0,4.0,1990.0
575560,Bütün Şiirleri,Ahmet Hamdi Tanpınar,176.0,2.0,1961.0
1634896,Ed Kemper: Conversations with a Killer: The Shocking True Story of the Co-Ed Butcher (Volume 6),Dary Matera,288.0,3.90909090909091,
2379394,The Lass and the Highland Beast: Scottish Medieval Highlander Romance (Bewitching Clan Robertson Book 2),Fiona Faris,463.0,5.0,
342858,Mariana,Susanna Kearsley,382.0,4.25,1994.0
1013192,Hindsight: Echoes Through Time,Mary Turner Thomson,234.0,4.0,
416463,Wild Chances (Wyoming Wilds #3),Jason   Collins,212.0,3.5,
905095,Teddy,Laurence Luckinbill,176.0,4.0,2021.0
1130611,"River Pirates (A Brothers of the Mountain Adventure, Story #2)",Jeremy  Perry,20.0,5.0,
1552836,Een jongensoorlog,J. Bernlef,132.0,2.0,2005.0
1920951,The Name of the World,Denis Johnson,129.0,4.0,2000.0
648196,"Barrayar (Vorkosigan Saga, #7)",Lois McMaster Bujold,445.0,4.0,1991.0
1918974,The Understory: A Female Environmentalist in the Land of the Midnight Sun,M.E. Schuman,298.0,5.0,
2529966,Lust Queen / Lust Victim,Don Elliott,258.0,3.0,2014.0
1905234,"The Breaker New Waves, Vol 17",Jeon Geuk-Jin,,5.0,
1087035,Meddling with Mistletoe,Liz    Johnson,256.0,3.85714285714286,2024.0
299621,"アオハライド 4 (Ao Haru Ride Light Novel, #4)",Akiko Abe,210.0,5.0,2013.0
1367499,From a Buick 8,Stephen        King,467.0,3.0,2002.0
1998296,Liebewesen,Caroline Schmitt,,4.0,2023.0
1760495,Three Dublin Plays: The Shadow of a Gunman / Juno and the Paycock / The Plough and the Stars,Seán O'Casey,272.0,4.33333333333333,1969.0
277680,Welcome to the Dark Side (The Fallen Men Series Special Editions),Giana Darling,554.0,4.0,2018.0
1649684,"The Only One (Blackwood, #2)",Melissa Ellen,358.0,4.0,2017.0
1727636,"A Game of Thrones (A Song of Ice and Fire, #1)",George R.R. Martin,,4.22222222222222,1996.0
1445122,Tethered Souls (Tethered Twins #2),Mike Essex,356.0,3.0,2013.0
2268797,Travels with Walt Disney: A Photographic Voyage Around the World (Disney Editions Deluxe),Jeff Kurtti,160.0,5.0,
1483583,"Sevcik Violin Studies - Opus 2, Part 3: School of Bowing Technique",Otakar Ševčík,24.0,3.0,2004.0
615375,Coconut Island (Lei Crime),J.L. Oakley,116.0,5.0,
2351501,"The Other Side of Silence (Bernie Gunther, #11)",Philip Kerr,341.0,1.0,2016.0
978022,رأيت الله,مصطفى محمود,192.0,3.0,1973.0
2228365,The Dictionary of Body Language: A Field Guide to Human Behaviour,Joe Navarro,208.0,3.0,
750291,The News Where You Are,Catherine O'Flynn,320.0,3.4,2010.0
515586,Sizzle (Sizzle TV #1),Whitley Green,282.0,3.66666666666667,2018.0
1414603,Dear Mr. Ted,J.D. Stockholm,779.0,3.5625,2013.0
1005776,Vierges - La folle histoire de la virginité,Élise Thiébaut,0.0,3.0,
1008492,Catatan Musim,Tyas Effendi,280.0,3.5,2012.0
2216739,逻辑与形而上学教科书系列:数理逻辑·证明及其限度,郝兆宽,249.0,4.0,
894229,The Bach Manuscript (Ben Hope #16),Scott Mariani,416.0,3.0,2017.0
1649040,Toatüdrukud. Palkon,Jean Genet,128.0,4.0,1947.0
1838022,"Queen (Gambler's Daughters, #2)",Sharon Sala,372.0,5.0,1994.0
146687,"Małe kobietki (Little Women, #1)",Louisa May Alcott,912.0,4.5,1868.0
1374123,"Great American Folklore: Legends, Tales, Ballads and Superstitions from All Across America",Kemp P. Battle,646.0,3.0,1986.0
1215183,Red Mandarins: Travels in Red China,Karl Eskelund,175.0,3.0,
2283242,"Counting on Cole (Wilde Ways, #8)",Cynthia Eden,262.0,4.0,2020.0
310080,Soul Idolatry Excludes Men out of Heaven,David Clarkson,96.0,5.0,2014.0
365670,"Reader's Advisory (Unshelved, #7)",Bill Barnes,128.0,2.0,2009.0
1024596,"The Good Soldier Ford Madox Ford Annotated - Love, Passion, And Sheer Madness",Ford Madox Ford,225.0,5.0,1915.0
184606,The Widow Rescue (Disaster City Search and Rescue),Ginny Sterling,106.0,5.0,
937593,Searching for El Dorado: A Journey into the South American Rainforest on the Tail of the World's Largest Gold Rush,Marc Herman,272.0,5.0,2003.0
743736,Блондинка в бетона,Michael    Connelly,367.0,4.5,1994.0
1691347,Kuu taivaalta,Tommi Laurinsalo,161.0,4.0,2012.0
2080184,"Total Lunar Eclipse (The Afflicted Zodiac, #3)",M.J. Marstens,,3.0,
160922,"Rebel Homemaker: Food, Family, Life",Drew Barrymore,240.0,3.5,2021.0
2360699,Der Schoppenfetzer und das Riesling-Attentat: Der vierte Fall des Erich Rottmann (German Edition),Günter Huth,171.0,3.0,
387919,My Friend the Weather Monster,Steve Smallman,22.0,5.0,2012.0
1184208,Thottal Thodarum (Tamil),Pattukottai Prabakar,300.0,3.0,2016.0
2421947,The Great Libertarian Offer,Harry Browne,287.0,2.0,2000.0
646290,Bleeding Hearts,Ian Rankin,0.0,5.0,1994.0
2264940,QUATTORDICI GIORNI,Christian Sciatt,107.0,4.0,
1085716,Christmas at Gate 18,Amy Matayo,101.0,4.0,2017.0
938477,The Dream Home,T.M. Logan,432.0,5.0,2024.0
179700,"Nem zörög a haraszt (Miss Marple, #4)",Agatha Christie,258.0,4.5,1942.0
1012023,Desires of Passionate Ladies,Emily Honeyfield,1598.0,5.0,
1153001,The Fence My Father Built,Linda S. Clare,296.0,4.33333333333333,
899755,Barrie: How a rescue dog and her owner saved each other,Sean Laidlaw,195.0,4.0,
845834,Dark City (The Travelers #2),Nathan Hystad,294.0,4.28571428571429,
2310010,Fangs for the Memories (My Sister the Vampire #18),Sienna Mercer,208.0,4.0,
500506,"Everyday Food: Light: The Quickest and Easiest Recipes, All Under 500 Calories",Martha Stewart,384.0,4.66666666666667,2011.0
957757,"The Year of Cozy: 125 Recipes, Crafts, and Other Homemade Adventures",Adrianna Adarme,272.0,3.45454545454545,2015.0
57356,Uncanny X-Men: Días del Futuro Pasado,Chris Claremont,184.0,4.5,1981.0
1324940,Complete Folk & Fairy Tales of the Brothers Grimm (Wisehouse Classics - The Complete and Authoritative Edition),Wilhelm Grimm,440.0,4.5,
432206,Dosa di Hutan Terlarang,Ken Hanggara,196.0,4.0,
419261,Celebrations: Rituals of Peace and Prayer,Maya Angelou,128.0,4.23529411764706,2006.0
1490432,Handsome Rancher (Handsome Devils #1),Liz Alvin,150.0,5.0,
663286,Horses Don't Fly: The Memoir of the Cowboy Who Became a World War I Ace,Frederick Libby,297.0,4.5,2000.0
283047,"Dr. Seuss Collection Pack: The Cat In The Hat, The Cat In The Hat Comes Back, Fox In Socks, Green Eggs And Ham, Hop On Pop, Dr. Seuss's Abc, How The Grinch Stole Christmas!, The Lorax, If",Dr. Seuss,,5.0,
972537,Künstliche Intelligenz: Ein Moderner Ansatz,Stuart Russell,1328.0,4.0,1994.0
817257,"Blackstone Ranger Scrooge (Blackstone Rangers, #6)",Alicia Montgomery,268.0,4.7,2020.0
1788575,Contemplation in a World of Action,Thomas Merton,280.0,4.0,1965.0
2208376,"Desecration (Left Behind, #9)",Tim LaHaye,443.0,4.78571428571429,2001.0
734937,First Time Exploration: Innocence First Time Forbidden Taboo Erotica (Fun on the Family Farm Book 1),Addy Pink,15.0,2.0,2014.0
1949565,"An American Saga Threads West, An American Saga",Reid Lance Rosenthal,360.0,4.0,2010.0
482616,Soul Eater: The Perfect Edition 12,Atsushi Ohkubo,264.0,5.0,
1948100,Oniria,Patrick Senécal,215.0,4.0,2004.0
2561409,Complicate your life,Winfried W. Weber,0.0,2.0,
2197684,The Fourth Dragon,Aron Lewes,0.0,5.0,
435472,"Dune (Dune Chronicles, #1)",Frank Herbert,512.0,4.36666666666667,1965.0
1492154,L'Exil et le Royaume,Albert Camus,0.0,4.5,1950.0
2264808,The Double Life Of Anna Day,Louise Candlish,384.0,5.0,2006.0
2403578,"The Doctor and the Kid (Weird West Tales, #2)",Mike Resnick,323.0,4.5,2011.0
724086,"An Unreliable Truth (Desert Plains, #3)",Victor Methos,349.0,4.63225806451613,2021.0
2565499,"Dawn of a New Day (CJ's Neighborhood, #1)",Cassandra Joy,188.0,5.0,
593158,Delta of Venus: Erotica,Anaïs Nin,250.0,3.5,1977.0
994113,Bonaparte: 1769–1802,Patrice Gueniffey,1024.0,5.0,2013.0
1263516,"All of Us Villains (All of Us Villains, #1)",Amanda Foody,384.0,2.0,2021.0
1683209,Mother India,Katherine Mayo,440.0,3.0,1927.0
1280981,Sleep Alone,J.A.W. McCarthy,127.0,4.0,
2334365,The Two-Family House,Lynda Cohen Loigman,,5.0,2016.0
767031,A Winter Away,Elizabeth Fair,235.0,5.0,1957.0
2263379,Hide And Seek: Dangerous Sinners Series,Mila Crawford,0.0,3.57142857142857,
321495,Il vascello fantasma (Pirati coraggiosi Vol. 2),Alain Surget,96.0,3.0,
696038,L'Étranger,Albert Camus,184.0,3.96092925026399,1942.0
1460320,Nicholas Nickleby,Charles Dickens,530.0,5.0,1839.0
2456501,Lucky (A Detective Jack Yu Investigation #5),Henry Chang,224.0,3.5,2017.0
2444817,Cross-Cultural Servanthood: Serving the World in Christlike Humility,Duane Elmer,212.0,4.54545454545455,2006.0
1562428,Bhagwadgeeta In Simple English,Aniruddha Banhatti,34.0,5.0,
2329571,The Waiting Heart: Book three of The Smoky Mountain Mist Series,Rhonda Lee,168.0,5.0,
888975,"Rose (The Year I Turned Sixteen, #1)",Diane Schwemm,182.0,3.4,1998.0
1455613,Gus (Downton Cowboys Book 4),Miley Maine,195.0,2.0,
783760,Toletum II Sangre Real (Spanish Edition),L. Green,270.0,5.0,
1013302,दो बैलों की कथा,Munshi Premchand,19.0,5.0,
2322065,A Tempestade,William Shakespeare,280.0,4.33333333333333,1611.0
2544121,In the Midst of Chaos: Caring for Children As Spiritual Practice,Bonnie J. Miller-McLemore,242.0,4.0,2006.0
2368262,A Praying Life: Connecting With God In A Distracting World,Paul E. Miller,277.0,4.34385964912281,2009.0
1489072,Elogio delle tasse,Francesco Pallante,158.0,3.0,
1700728,"Malagueta, Perus e Bacanaço",João Antônio,159.0,5.0,1963.0
2347509,Riptide: A Boys of Summer Novella (Ryder Bay),Jordan Ford,180.0,4.5,2019.0
186440,"Not Quite a Husband (The Marsdens, #2)",Sherry Thomas,341.0,3.9125,2009.0
1718483,Deception: Tales of Intrigue and Lies,Roald Dahl,286.0,4.5,2016.0
2311823,"A Contract Bride's Triple Surprise  (Bride Train, #2)",Reece Butler,377.0,4.0,2011.0
2482823,Desnuda (El affaire Blackstone I),Raine Miller,226.0,5.0,2012.0
2199487,Henry VI Part 2 (Folger Shakespeare Library),William Shakespeare,386.0,4.0,1591.0
2208353,The Rule of Three: Will to Survive (The Neighborhood Book 3),Eric Walters,317.0,4.0,2016.0
2466939,"A Club Esoteria Wedding (Club Estoria, #11)",Cooper McKenzie,71.0,4.0,2013.0
2336210,"Studio Danse, Tome 1",Crip,46.0,4.0,2008.0
1192313,"Psychotherapy for the Advanced Practice Psychiatric Nurse, Second Edition",Kathleen Wheeler,752.0,3.0,2007.0
870544,Il palio delle contrade morte,Carlo Fruttero,165.0,4.0,1983.0
505737,"Princezna klamu (Mostní království, #1)",Danielle L. Jensen,416.0,3.85714285714286,2018.0
788336,Insomniatic Dreams,S.J.D. Howson,96.0,5.0,2010.0
1191576,El fuerte de la Florida,Santiago Mazarro,416.0,5.0,
2024870,"Indigo Blue (Comanche, #3)",Catherine Anderson,414.0,5.0,1992.0
952251,Enquiry Concerning Human Understanding: Illustrated Edition,David Hume,196.0,4.0,1748.0
1865384,"Women, Men and the Whole Damn Thing",David Leser,336.0,3.6,
944382,"The City of Towers (Eberron: The Dreaming Dark, #1)",Keith  Baker,390.0,3.4,2005.0
26178,"Vallei der angsten (Bob Morane Dargaud, #1)",Henri Vernes,48.0,3.0,1964.0
852363,The Church Ladies League,Aine Dyer,280.0,4.0,
577697,In Praise of Shadows,Jun'ichirō Tanizaki,73.0,3.4,1933.0
676797,"Feuertaufe (Dante Valentine, #3)",Lilith Saintcrow,400.0,3.0,2007.0
1334163,The Pattern on the Stone (Science Masters),William Daniel Hillis,191.0,5.0,1998.0
2034658,Good and Gone,Megan Frazer Blakemore,304.0,2.25,2017.0
955689,Tortilla Flat,John Steinbeck,192.0,3.0,1935.0
2483977,Setting the Lawn on Fire,Mack Friedman,160.0,5.0,2005.0
2511309,Плавучий остров,Jules Verne,363.0,5.0,1871.0
2555557,Chasing Rumor: A Season Fly Fishing in Patagonia,Cameron Chambers,256.0,3.5,2015.0
1553763,Blue Skies (Arabesque),Adrianne Byrd,288.0,5.0,2007.0
735094,"The Guardians (The MORE Trilogy, #2)",T.M. Franklin,255.0,3.0,2013.0
2025515,Uwolnij przestrzeń. Przewodnik minimalisty po dobrym życiu,Regina Wong,208.0,1.0,2017.0
144256,Easy Keto Dinners,Carolyn Ketchum,247.0,4.0,2018.0
1992683,Technicians of Battle: Canadian Field Engineering from Pre-Confederation to the Post-Cold War Era,Bill Rawling,0.0,4.0,
274652,Quella maledetta paura di non essere all'altezza,Raffaele Morelli,,5.0,
2087591,Steaua ascunsa,Nora Roberts,192.0,4.0,1997.0
1286994,"Write Your Book! Publish Your Book! Market Your Book!: People, Pointers & Products to Sell Your Book (Absolute Beginner Series)",Blythe Ayne,134.0,5.0,
2427474,التاريخ والمؤرخون: دراسة في علم التاريخ,حسين مؤنس,252.0,3.0,1984.0
2052660,"We Could Have Been Friends, My Father and I: A Palestinian Memoir",Raja Shehadeh,160.0,4.25,2023.0
1269005,James (Volume 16) (The IVP New Testament Commentary Series),George M. Stulac,206.0,4.0,1993.0
1167651,The Luminaries,Eleanor Catton,848.0,3.0,2013.0
2193490,"The Further Adventures of Kiki Lowenstein, Volume #6: Short Stories that Accompany the Kiki Lowenstein Mystery Series (The Further Adventures of Kiki Lowenstein Collection)",Joanna Campbell Slan,60.0,5.0,
790514,"Furia Roșie (Furia roșie, #1)",Pierce Brown,493.0,4.36363636363636,2014.0
954045,"Conjuring Quantico (The Federal Witch, #1)",T.S. Paul,281.0,3.0,2016.0
507599,Ipotesi su Gesù,Vittorio Messori,273.0,3.66666666666667,1976.0
547657,Impact,Mark   Mills,331.0,4.4375,
2495656,"Le Palais des Automae (Crier’s war, #1)",Nina Varela,403.0,4.0,2019.0
1931304,"The Stars, The Earth, The River: Short Stories by Le Minh Khue (Voice from Vietnam)",Lê Minh Khuê,232.0,4.0,1997.0
1826223,ROMANCE: Begin Again: Clean Romantic Collection,One Four Three Publishing,0.0,5.0,
1282164,The Year of Freaking Out,Sarah Walker,230.0,4.0,1997.0
2525798,Obstacles to Young Love,David Nobbs,434.0,5.0,2010.0
482619,Το δαιμόνιο,George Theotokas,240.0,4.5,1939.0
1414521,Str8 Till Dark: Farmmates,Hector Bugarro,27.0,5.0,
1730069,"Puszi, Erzsi! - A világ macskaszemmel",Gergely Homonnay,186.0,3.4,
1653403,لاشين: الضفدع,شيرين هنائي,109.0,4.0,
89703,Sanctus,Simon Toyne,501.0,4.2,2011.0
777487,Üsküdar Ah Üsküdar,Ahmed Yüksel Özemre,336.0,4.0,
889678,Technology Business Management: The Four Value Conversations CIOs Must Have With Their Businesses,Todd  Tucker,334.0,3.0,
2322496,This Is Day One: A Practical Guide to Leadership That Matters,Drew Dudley,272.0,4.0,2019.0
1139087,Vật trong ao,Na Chích Hồ Ly,383.0,3.0,2013.0
1155545,O Videogame do Rei,Ricardo Silvestrin,141.0,1.0,
1371250,"Hell Is Coming (The Watchers, #1)",N.P. Martin,275.0,4.0,
698534,History of the Freedom Movement in India - 3 Vols.,R.C. Majumdar,0.0,5.0,1988.0
139488,The Tempest,William Shakespeare,180.0,3.14285714285714,1611.0
14670,Karla's Choice (George Smiley #4),Nick Harkaway,320.0,3.8,2024.0
211115,Nada es para siempre (Girl Heart Boy 1): Un amor adictivo (Spanish Edition),Ali Cronin,274.0,1.0,2012.0
2153690,Rain on the Sand,Jasdeep K. Sandhu,253.0,5.0,
2175353,The History of Namibia: From Petroglyphs to Progress,John Kapenda-Nakale,87.0,4.0,
34316,"Unleashed (Jinxed, 2)",Amy McCulloch,352.0,4.66666666666667,2021.0
1623650,Gulliver's Travels,Jonathan Swift,0.0,4.0,1726.0
1982831,"I ara, on sóc?",Shinsuke Yoshitake,32.0,4.0,
2088496,Canción de viejo,Hugo Padeletti,96.0,4.0,2003.0
2393840,If We Were Giants (Special Limited Edition),Dave Matthews,304.0,4.0,
227674,"Baba, nemoj ništa da me pitaš",Mirjana Bobić Mojsilović,,5.0,2007.0
323687,Split,Swati Avasthi,280.0,4.19387755102041,2010.0
2038173,The Mating Game: Why Men Want Sex and Women Need Love,Allan Pease,288.0,3.5,
1570430,"A Captured Cauldron: Rules for Compulsory Brews (Side Quest Row, #2)",R.K. Ashwick,334.0,4.5,
1900015,The Holly-day After: A Diverse Holiday Picture Book,Danielle Marietta,0.0,4.0,
680960,"Beastly Bones (Jackaby, #2)",William  Ritter,7.0,4.0,2015.0
1945334,Journey Across Tibet: A Young Woman's Trek Across the Rooftop of the World,Sorrel Wilby,236.0,4.0,1988.0
808224,"Sugarplum Dead (Death on Demand, #12)",Carolyn G. Hart,416.0,3.875,2000.0
1970833,The Goodwill Ambassador (Steven Gordon #4),J.W. Murison,292.0,4.0,
983470,"Magic Strikes (Kate Daniels, #3)",Ilona Andrews,316.0,4.0,2009.0
752970,"In Debt to the Mafia (Obsessive Mobster, #1)",Rosa Milano,276.0,4.6,2021.0
364757,Equal Opportunities - Buaian Asmara,Penny Jordan,221.0,2.0,1989.0
954892,The Red House Mystery,A.A. Milne,211.0,2.5,1922.0
643112,Wallenberg : ett familjeimperium,Gunnar Wetterberg,313.0,2.66666666666667,2013.0
1296201,Shares Made Simple: A beginner's guide to the stock market,Rodney Hobson,224.0,3.0,2007.0
1455119,The Dead Zone by Stephen King (2016-04-12),Stephen        King,0.0,5.0,1979.0
272327,"Calm Your Inflammation Anti-Inflammatory Diet: A Science-Backed Plan to Enhance Your Immune System, Promote Gut Health, Boost Energy, and Feel Your Best Every Day",Brenda Tidwell,165.0,5.0,
1188647,Pilgrim's Way,Abdulrazak Gurnah,224.0,3.0,1988.0
842542,'A9ama' Saya Adalah Jurnalisme,Andreas Harsono,268.0,4.33333333333333,2010.0
2528476,Chroniques d'une main tendue: Courtepointes et autres récits de soi,Nathalie Plaat,0.0,5.0,
2544194,"Kalliovuorten kuningas (Riksin sarja, #64)",James Oliver Curwood,216.0,3.0,1915.0
2561153,Stoic Paradoxes: A New Translation,Marcus Tullius Cicero,108.0,5.0,2015.0
1659637,Nikomu nie powiem,Catherine McKenzie,354.0,3.0,2019.0
1529099,Main Street Entrepreneur: Build Your Dream Company Doing What You Love Where You Live,Michael Glauser,239.0,5.0,
763506,"13 звичок, яких позбулися сильні духом люди",Amy Morin,288.0,5.0,2014.0
1389891,Healing The Wolf's Heart (Silent Ridge Pack #3),Skye Wilson,341.0,5.0,
2143227,SUPER SENTAI: Himitsu Sentai Gorenger The Classic Manga Collection,Shōtarō Ishinomori,352.0,3.0,
216437,The Third to Die (Quinn & Costa #1),Allison Brennan,12.0,4.33333333333333,2020.0
832974,Shielding Connie (Morgan Thompson Security #2; Special Forces: Operation Alpha),Danielle Pays,359.0,5.0,2022.0
1271618,Silent Vows (MacCoinnich Time Travels #2),Catherine Bybee,399.0,4.0,2010.0
1278610,Rock Springs,Richard Ford,235.0,5.0,1987.0
2422538,البؤساء,Victor Hugo,464.0,4.40909090909091,1862.0
2291614,High Hitler (Portuguese Edition),Norman Ohler,513.0,4.0,2015.0
1137853,Pretul adevarului. Un procuror in lupta cu sistemul,Dan Tapalaga,,4.0,2012.0
378073,El profesor,Charlotte Brontë,392.0,3.45454545454545,1857.0
845011,The Lake,Chandler McGrew,391.0,3.5,
2498742,Converging Lines: Eva Hesse and Sol LeWitt,Veronica Roberts,192.0,4.0,2014.0
1084014,Ändere die Welt!: Warum wir die kannibalische Weltordnung stürzen müssen (German Edition),Jean Ziegler,289.0,4.5,1992.0
32930,الرومي: نار العشق,Nahal Tajadod,380.0,3.09090909090909,1989.0
380941,Schiffbruch mit Tiger - Life of Pi,Yann Martel,384.0,3.0,2001.0
2291527,Nenhuma escolha precisa ser eterna (Portuguese Edition),Lucas Misunaga,132.0,5.0,
1618294,Hush,Dakota Davies,176.0,5.0,
1340689,Because Daddy Says So,Beckett Layne,,5.0,
148841,Rivers of Thought,Martin Buxbaum,71.0,5.0,
1014926,Family Business (Lydia Chin & Bill Smith #14),S.J. Rozan,303.0,4.25,2021.0
160775,Zephyr: Phase Two,Warren Hately,391.0,3.0,
1505032,The Strength Switch,Lea Waters,352.0,5.0,
2583291,"Queen of Roses (Blood of a Fae, #1)",Briar Boleyn,359.0,3.66666666666667,2023.0
1221331,İnsanın Görkemi,Ralph Waldo Emerson,186.0,4.0,1844.0
1906916,Kurtlar,Peride Celal,704.0,4.0,1990.0
435083,"Crave: Part One (Crave Duet, #1)",E.K. Blair,326.0,4.0,2017.0
980037,"How to Live Dangerously: Why we should all stop worrying, and start living",Warwick Cairns,208.0,3.0,2008.0
1307704,The Write Way to Die,Jo Bavington-Jones,304.0,3.0,
1819647,You Carried Me: A Daughter's Memoir,Melissa Ohden,160.0,4.22222222222222,2017.0
990918,Romeo und Julia,William Shakespeare,292.0,3.0,1597.0
2420593,Magic Like That,Samara Cole Doyon,40.0,5.0,
2496102,ஆரிய மாயை (பேரறிஞர் அண்ணா நூல்கள் Book 2) (Tamil Edition),பேரறிஞர்  அண்ணா,90.0,4.0,
2426258,The Fall of Napoleon: The Final Betrayal,David Hamilton-Williams,352.0,5.0,1994.0
27424,Disordered World: Setting a New Course for the Twenty-first Century,Amin Maalouf,256.0,4.6,2009.0
1457896,The Haunted House (Choose Your Own Adventure: Dragonlark),R.A. Montgomery,80.0,3.0,1981.0
1011493,Luknje: zgodba stranpoti,Andrej Blatnik,257.0,5.0,2020.0
1199284,The Fugitive. Second Circle [RealRPG Wuxia Series The Way] Book #9,Mike Ignatov,509.0,5.0,
364294,"Alliance (The Triad Series, #1)",Cari Z.,210.0,4.0,2023.0
1289226,Người Mưa,Phan Hồn Nhiên,230.0,4.0,2011.0
1368143,Summary & Analysis of Malibu Rising: A Novel By Taylor Jenkins Reid,KDN Media,,4.0,
2215821,"Mary Poppins, She Wrote: The Life of P. L. Travers",Valerie Lawson,416.0,3.0,1999.0
1771761,در جست‌وجوی دلتورا مجموعه‌ی اول,Emily Rodda,,3.0,2002.0
2069008,フールナイト 2 [Fool Night 2],Kasumi Yasuda,200.0,4.6,2021.0
2236966,"Sweet, Sweet Start (Still Water Pub, #1.6)",H.L. Nighbor,0.0,5.0,
78547,Kyan: A Richmond Family Saga (The RCF Saga Book 4),Tacarra,93.0,4.0,
2390385,Homefront (Fall of Man #2),Sam Sisavath,308.0,5.0,
1384254,Double Blessings at Christmas,Hannah Schrock,84.0,5.0,
1538911,The Cycles of American History,Arthur M. Schlesinger Jr.,815.0,4.0,1986.0
607410,No toda la sangre es roja,Carlos René Padilla,112.0,5.0,
1912699,Obituary Cocktail: The Great Saloons of New Orleans,Kerri McCaffety,144.0,5.0,1999.0
1532692,A Sober Mom's Guide to Recovery: Taking Care of Yourself to Take Care of Your Kids,Rosemary O'Connor,192.0,5.0,2015.0
819903,"A Catastrophic Theft (Reg Rawlins, Psychic Investigator #3)",P.D. Workman,230.0,4.0,2019.0
534112,Koude angst,Mads Peder Nordbo,384.0,3.0,2018.0
200065,Hijos de las estrellas: Un maravilloso recorrido sobre los orígenes del universo y del ser humano (Spanish Edition),María Teresa Ruiz,108.0,4.11764705882353,2008.0
985351,Candidate Z: A Thriller,Marc D. Giller,285.0,4.75,
644133,"Like You'd Understand, Anyway by Jim Shepard (12-Aug-2008) Paperback",Jim Shepard,,5.0,
786773,A Sinful Alliance,Amanda McCabe,288.0,2.0,2008.0
478504,Off Kilter,Glen Robins,,4.75,2015.0
1409410,My First How to Catch a Witch: A Spooky Halloween Board Book for Toddlers,Alice Walstead,24.0,5.0,2021.0
1759507,"Cathedrals by Oggins, Robin S. published by MetroBooks Hardcover",unknown author,0.0,3.0,
620458,"Renegade Love (Galactic Love, #3)",Ann Aguirre,,3.25,2022.0
203820,Bernadette of Lourdes,René Laurentin,243.0,5.0,1979.0
171124,Nutcracker,E.T.A. Hoffmann,102.0,4.01764705882353,1816.0
1663315,El peor hombre de mi vida,Lucy Score,432.0,3.76666666666667,2018.0
2493532,Escape (The Asian Saga Book 7),James Clavell,598.0,4.0,1995.0
791813,FCBD: Our Favorite Thing is My Favorite Thing is Monsters,Emil Ferris,32.0,5.0,2019.0
1908944,La maldición de Tutankamón y otras historias de la Microbiología (Divulgación Científica),Raúl Rivas González,240.0,5.0,
1602119,極上Twins (Gokujou Twins),Nana Shiiba,192.0,4.0,2009.0
1563492,The Heir of Lost Souls,Rochelle McPherson,392.0,5.0,
679973,Rosa mística,Marosa Di Giorgio,144.0,4.0,
1702035,"Persuading Patrice (Climax Creek, #4)",Kianna Alexander,75.0,4.5,2014.0
121649,Het resort,Phoebe Morgan,300.0,3.44444444444444,2021.0
1199569,Write Frame of Mind: The Ultimate Guide to the Prolific Author Mindset,Carissa L. Andrews,170.0,5.0,
327670,و نيچه گريه كرد,Irvin D. Yalom,456.0,3.5,1992.0
17326,The Book of the Dead,Muriel Rukeyser,144.0,4.25,1933.0
721195,"When You're Gone (Hampton Hearts, #3)",Abby Millsaps,315.0,4.8,
781083,Como estudar a Bíblia: O que você precisa entender para ler e entender as escrituras sagradas (Portuguese Edition),John F. MacArthur Jr.,123.0,4.5,1985.0
2479583,"So Not Meant To Be (Cane Brothers, #2)",Meghan Quinn,466.0,3.97397769516729,2022.0
335943,The Protector (Brotherhood #3),Vivian Rose Lee,280.0,5.0,
2513662,Väärillä jäljillä (Wallander #5),Henning Mankell,448.0,4.0,1995.0
1794014,Slave Nation: An Unflinching Look at the Racism that Inspired the American Revolution,Alfred W. Blumrosen,304.0,5.0,2005.0
2261723,Quen non ten un avó fascista?,Inma López Silva,254.0,3.0,2022.0
1369169,Secret Sisters: Volume One (Secret Sisters #1-2),Sandra Byrd,135.0,4.5,1998.0
1213121,Junk,Melvin Burgess,,1.0,1996.0
2026502,Over Your Dead Body: The History and Future of How we Deal with the Dead,Robert Connolly,229.0,4.0,
1575370,حدثيني يا أمي,منيرة القاسم,94.0,4.0,
1496432,"Searching for Lilly (Eagle Point Search & Rescue, #1)",Susan Stoker,11.0,4.0,2022.0
2161479,Hamlet & Macbeth,William Shakespeare,368.0,3.5,1606.0
884488,"Tetrarch (The Well of Echoes, #2)",Ian  Irvine,692.0,4.27272727272727,2002.0
894664,Shepherd's Fall,W.L. Dyson,,3.0,2009.0
103636,Practicing Thankfulness: Cultivating a Grateful Heart in All Circumstances,Sam Crabtree,144.0,4.5,2021.0
2385227,The Killing Ground,Jack Higgins,564.0,5.0,2008.0
692325,"The Raid (Ryan Decker, #2)",Steven Konkoly,383.0,4.42196531791908,2019.0
2414028,"Fry's English Delight: Word Games (Fry's English Delight, #3.5)",Stephen Fry,,5.0,2011.0
1972960,Of Human Bondage,W. Somerset Maugham,585.0,5.0,1915.0
736466,"Body of Work (Dedicated to Death, #3)",E.H. Reinhard,262.0,4.75,2017.0
539284,Gilgamesh,Stephan Grundy,575.0,3.0,1975.0
1902192,"Le bal des spectres (Mediator, #3)",Jenny Carroll,286.0,2.0,2001.0
1115077,Do Rio Com Amor: Cinta Selalu Membuatmu Bertanya,Ifnur Hikmah,284.0,3.5,2014.0
1051081,Star Wars: Thrawn Ascendancy,Timothy Zahn,,5.0,2020.0
1431747,Le Cinéma américain: Aujourd'hui l'Histoire avec Helen Faradji,Helen Faradji,117.0,4.0,
2045855,Die Pflicht (German Edition),Hagen Thiele,324.0,4.0,
428767,Darkhand (Alpha World #7),Daniel Schinhofen,409.0,4.42857142857143,2019.0
192743,Harriet Tubman: The Road to Freedom,Catherine Clinton,272.0,4.0,2004.0
3523,"Among the Mad (Maisie Dobbs, #6)",Jacqueline Winspear,319.0,4.66666666666667,2009.0
1953246,"Triple-Edged Sword (Battlecruiser Alamo, #17)",Richard Tongue,246.0,5.0,
750717,El origen de las especies,Charles Darwin,476.0,2.0,1859.0
885533,Solid State Physics,Neil W. Ashcroft,848.0,3.8,1976.0
1970181,An American Marriage,Tayari Jones,9.0,5.0,2018.0
1217022,Bang (Romancing the Band #4),Kinsey Love,31.0,5.0,
322056,The Unofficial Guide to Learning with Lego®: 100+ Inspiring Ideas (Lego Ideas),Nicolette Roux,210.0,4.0,
2213901,Reservation Blues,Sherman Alexie,306.0,4.0,1995.0
1257147,Cutnell & Johnson Physics,David Young,935.0,5.0,
2318858,Nakvynė Berlyne,Laurynas Katkus,200.0,3.0,2021.0
375812,Darth Plagueis (Star Wars),James Luceno,462.0,4.14285714285714,2012.0
796330,Tony Story (G Street Chronicles Presents),Meek Mill,256.0,3.0,2013.0
1116757,"Le pollen du Monte Urticando (Marsupilami, #4)",André Franquin,47.0,3.0,1989.0
1290155,"The Last Hunter: Descent (Antarktos Saga, #1)",Jeremy Robinson,282.0,3.8,2010.0
1177804,Zielone kasztany,Janusz Domagalik,,5.0,1977.0
1457941,Retire Your Husband: A Mom's Guide To Making Millions With Network Marketing,Denise Walsh,98.0,5.0,2013.0
1295423,What It Wasn't (Carnegie Mellon Poetry),Laura Kasischke,80.0,5.0,2002.0
1067315,HENRICO (Homens da Máfia Livro 2) (Portuguese Edition),Suany Anjos,338.0,4.0,
2340509,My Highlander (Cree & Dawn #4),Donna Fletcher,356.0,5.0,2018.0
1017216,Adam (The Protectors #5),Teresa Gabelman,196.0,5.0,2014.0
1834632,The Master,Louise Cooper,184.0,4.0,1987.0
1136389,"Happy Easter, Mouse! (If You Give...)",Laura Joffe Numeroff,24.0,3.33333333333333,2010.0
1398540,McGraw-Hill's IELTS with Audio CD,Monica Sorrenson,432.0,3.0,2012.0
544884,"La Tour de l'hirondelle (Sorceleur, #6)",Andrzej Sapkowski,480.0,4.0,1997.0
342068,A New View of a Woman's Body,The Federation of Feminist Women's Health Centers,182.0,5.0,1981.0
943478,Worth a Thousand Words (Lawson Lovers #2),Britt McKenna,338.0,5.0,2023.0
283193,"The Girl I Didn't Kill For (Jessie & Nick, #2)",Annabelle Costa,232.0,5.0,
468044,Zabelle,Nancy Kricorian,240.0,4.75,1998.0
1320757,Porcelain,Moby,418.0,4.25,2016.0
2146199,The Indomitable Chiesa di Santa Maria,Daniel Peltz,200.0,2.0,
1782450,"Happy Deadly New Year (Melting Pot Cafe, #2)",Polly Holmes,322.0,4.33333333333333,
1481653,The Boy Who Burped,Beth Lewis,34.0,5.0,
205997,"The Rosie Effect (Don Tillman, #2)",Graeme Simsion,369.0,3.9344262295082,2014.0
1576560,Lifers,Keith G. McWalter,328.0,4.0,
890758,Elph Around and Find Out: A Holiday Short,Kyeate,,5.0,
135435,"Autumn's Promise (Seasons of Sugarcreek, #3)",Shelley Shepard Gray,322.0,5.0,2010.0
2344839,Youth Aflame: Manual for Discipleship,Winkie Pratney,446.0,5.0,1983.0
2423763,The Curse,Arthur C. Clarke,,4.0,1946.0
816373,Thebes at War,Naguib Mahfouz,258.0,3.66666666666667,1944.0
1434173,Assignment The Girl in the Gondola (Sam Durell #19),Edward S. Aarons,158.0,4.0,1964.0
1944929,So Little Done: The Testament of a Serial Killer,Theodore Dalrymple,144.0,3.0,1995.0
563875,Witch Is Why The Laughter Stopped (A Witch P.I. Mystery #14),Adele Abbott,226.0,4.40909090909091,2016.0
2402979,The Bright Sword,Lev Grossman,688.0,4.27659574468085,2024.0
2056250,"Pharmako/Dynamis, Revised and Updated: Stimulating Plants, Potions, and Herbcraft",Dale Pendell,312.0,5.0,2001.0
107515,The Perfect Possession (Randolph Casey Horror Thrillers Book 2),Rockwell Scott,314.0,4.33333333333333,
199129,มาลัยสามชาย,ว.วินิจฉัยกุล,780.0,5.0,
2473548,The Glass Tower  (Sinister Coast Collection #2),Gregg Dunnett,334.0,4.1875,
1100581,On the Duke's Authority (Ducal Encounters Series 4 Book 3),Wendy Soliman,238.0,5.0,
1605540,Fragments (The Symphony Ryelle Saga #1),Amara E. Starling,305.0,5.0,2016.0
2321001,The Gallant,Janny Wurts,108.0,4.4,2019.0
296885,Burn,Patrick Ness,384.0,4.0,2020.0
2107059,"The Culture of Time and Space, 1880-1918",Stephen Kern,372.0,4.0,1983.0
1191135,Worthy of Love,Andre Fenton,200.0,5.0,
644574,Opowieści z trzepaka. Krótka historia jednego zdjęcia,Paulina Tyczkowska,200.0,4.0,2021.0
488284,The Tragedy of Brady Sims,Ernest J. Gaines,111.0,5.0,2017.0
1966652,On the Mountain,Riley Hart,9.0,4.5,2024.0
1472266,Σαν τα φύλλα του καπνού,Λία Ζώτου,560.0,3.0,2014.0
214902,The Steal: The Attempt to Overturn the 2020 Election and The People Who Stopped It,Mark Bowden,320.0,3.81818181818182,2022.0
204979,In the Grave Where the Bones Are Still Wet: Paisley Mott Book 2 (Paisley Mott Series),Kalvin Ellis,504.0,5.0,
2118696,Bunny Brunch (Miss Fortune World Standalone Easter Cozy Mystery),Riley   Blake,62.0,5.0,
1860985,Other People's Money,Justin Cartwright,272.0,3.0,2011.0
2377552,"Unsilenced: A Teacher’s Year of Battles, Breakthroughs, and Life-Changing Lessons at Belchertown State School",Howard C. Shane,264.0,5.0,
1876079,Cikar Bobrok,Sindhunata,278.0,3.5,1998.0
2469423,Çikolata Kaplı Hüzünler,Canan Tan,176.0,3.25,2002.0
2596256,A Tolkien Compass,Jared Lobdell,216.0,3.0,1975.0
842727,Death of a Wedding Cake Baker (Hayley Powell Food and Cocktails Mystery #11),Lee Hollis,189.0,4.66666666666667,
1041291,"Endless Knight (The Arcana Chronicles, #2)",Kresley Cole,337.0,4.66666666666667,2013.0
1622512,Movie Mayhem: Book Three in the Deathstalker Trilogy (The Hardy Boys: Undercover Brothers 39),Franklin W. Dixon,180.0,5.0,2012.0
841473,Gwen Princesse D'orient,M. Delly,,3.0,1952.0
928498,"Hinge & Sign: Poems, 1968-1993",Heather McHugh,237.0,5.0,1994.0
2333167,De zeven vinkjes: hoe mannen zoals ik de baas spelen,Joris Luyendijk,200.0,3.0,2022.0
399933,Czwarty protokół,Frederick Forsyth,395.0,3.0,1984.0
2553631,The Forgotten,David Baldacci,596.0,3.0,2012.0
925291,"Don't Worry, Be Grumpy: Inspiring Stories for Making the Most of Each Moment",Ajahn Brahm,240.0,4.33333333333333,2014.0
111792,AnnaRose (Tails #4),R.E. Butler,122.0,4.66666666666667,2020.0
1047241,"The Art of the Good Life: 52 Surprising Shortcuts to Happiness, Wealth, and Success",Rolf Dobelli,272.0,4.0,2012.0
2238925,Моє тихе Різдво,Володимир Аренєв,216.0,3.66666666666667,
712321,"The Will (Magdalene, #1)",Kristen Ashley,595.0,4.35042735042735,2014.0
2179603,De mémoire (1): Les jours du début : un automne 1970 à Toulouse,Jean-Marc Rouillan,203.0,4.0,2007.0
13913,A Dádiva da Costureira de Paris,Fiona Valpy,320.0,4.0,2019.0
552819,Tainted Crown,G.N. Wright,98.0,4.0,
2501686,Милые кости,Alice Sebold,384.0,4.22222222222222,2002.0
1912771,Cleanse: The Mall Cadet Book 3,Fiona Ward,48.0,5.0,
144049,Sinners in the Hands of an Angry Church,Dean Merrill,184.0,5.0,1997.0
1575718,La Dame en blanc,Wilkie Collins,666.0,5.0,1859.0
891336,"Changing Dreams (Bear Lake Dreamers, #1)",Kirsten Osbourne,188.0,5.0,
1043987,"The Memory Book: The Classic Guide to Improving Your Memory at Work, at School, and at Play",Harry Lorayne,224.0,3.96296296296296,1974.0
960880,Mielen mittarit,Elina Vessonen,220.0,5.0,
179039,The Love of Fury (A World of Fury Book 1),Jacob Alan Richmond,209.0,5.0,
997057,Jonain päivänä Jennifer,Risto Pakarinen,378.0,3.0,
2226837,Crystal's Heart,B.L.  Miller,316.0,5.0,2004.0
359753,Servet,Roberto García,80.0,4.0,
1515583,Voyage East,Tom   Williams,26.0,4.0,2011.0
1437550,Ashford,Melanie Rose Huff,219.0,2.5,2011.0
1494064,La Odisea,Homer,335.0,3.8125,-700.0
1135518,Fresh Off the Boat,Melissa de la Cruz,268.0,2.0,2005.0
1213577,Pra vida toda valer a pena viver,Ana Cláudia Quintana Arantes,160.0,4.0,2021.0
1087727,Between Piety and Desire (The Neighborhood Story Project),Arlet Wylie,112.0,5.0,2005.0
1879848,Yolanda Díaz. La dama roja,Manuel Sanchez,312.0,3.5,2022.0
519556,Enchanted Ventures (Belles of Broad Street #4),A.K. Landow,434.0,4.75,
145145,"Baby for Dr. Damaged (Silver Fox Bosses of Seattle, #1)",Summer  James,269.0,3.0,
890419,Dia... Dato' Terlajak Sengal,Cik Tet,,4.0,2017.0
2602561,Savages – Zeit des Zorns,Don Winslow,336.0,4.5,2010.0
204560,WSI żołnierze przyklęci,Kafir,272.0,4.0,
786332,The Male Nude,David Leddick,573.0,5.0,1998.0
146437,Leadership on the Line: Staying Alive Through the Dangers of Leading,Ronald A. Heifetz,,2.0,2002.0
2543535,Storia delle donne in Occidente. Vol 1: L'Antichità,Georges Duby,598.0,2.0,1990.0
204162,Ética marica: Proclamas libertarias para una militancia LGTBQ,Paco Vidarte,178.0,3.8,2007.0
69126,Ice Fire (Jock Boucher #1),David Lyons,304.0,4.0,2012.0
566466,"TYR: Myth Culture Tradition, Volume 4",Joshua Buckley,430.0,5.0,2014.0
1494292,Un ange cornu avec des ailes de tôle,Michel Tremblay,245.0,3.84615384615385,1994.0
767979,Astronomi ve Astrofiziğe Giriş,Ahmet Polatoğlu,215.0,5.0,
1000951,Sommaren då katten flyttade,Eli Åhman Owetz,365.0,3.66666666666667,
510479,Medicinal Plants of the Southern Appalachians,Patricia Kyritsi Howell,276.0,5.0,2006.0
1336574,Sometimes They Come Back,Stephen        King,,5.0,1974.0
1699971,"The Gentleman’s Guide to Getting Lucky (Montague Siblings, #1.5)",Mackenzi Lee,128.0,4.1151832460733,2019.0
128141,Syncopated Snowflakes,Amber Night,217.0,4.0,
1976907,Big Sister Spanks Butts,T.O. Barr,46.0,5.0,
2435205,How to Form a Nonprofit Corporation: A Step-by-Step Guide to Forming a 501(c)(3) Nonprofit in Any State,Anthony Mancuso,324.0,4.0,1990.0
682527,O Retorno,Dulce Maria Cardoso,272.0,4.66666666666667,2012.0
2551785,Happily Ever After: The Romance Story in Popular Culture,Catherine M. Roach,240.0,4.5,2016.0
2216378,Storm in a C Cup: My Autobiography,Caroline Flack,284.0,4.5,
364134,Certainty,Madeleine Thien,320.0,4.0,2006.0
102109,Vagabonding: An Uncommon Guide to the Art of Long-Term World Travel,Rolf Potts,,3.0,2002.0
939563,Ancient Ways (Hayle Coven #15),Patti Larsen,,5.0,2013.0
1725568,The Scarlet Letter,Nathaniel Hawthorne,240.0,3.09756097560976,1850.0
854919,Stora små lögner,Liane Moriarty,442.0,3.75,2014.0
1436333,Reese's Cowboy Kiss: Witness Protection - Rancher Style: Blake's Story (Sweet Montana Bride #1),Kimberly Krey,321.0,4.64285714285714,2014.0
2253880,"The Wonder of Love (The Book of Love, #11)",Meara Platt,211.0,3.0,2021.0
394370,The Nightingale,Kristin Hannah,440.0,4.625,2015.0
1557195,"Eggs are Expensive, Sperm is Cheap: 50 Politically Incorrect Thoughts for Men",Greg Krehbiel,92.0,5.0,2014.0
771451,Todos os meus (ex) heróis são machistas,Taís Bravo,29.0,3.33333333333333,
2061983,Kolonia Santita,Enock Maregesi,406.0,5.0,2012.0
1157986,Sepia Leaves,Amandeep Sandhu,280.0,4.0,2007.0
853239,A History of Fashion (Panorama of History),Jacqueline Morley,48.0,4.0,
2139703,Supergod #3,Warren Ellis,24.0,5.0,
2391579,The Devil Don't Sleep (The Satan's Knights MC New York Book 6),Janine Infante Bosco,,5.0,2018.0
1067167,"Das Medallion: ""The Locket""",Kathryn Scarborough,344.0,4.0,2009.0
1690142,სიკვდილით განკურნება (The Maze Runner #3),James Dashner,325.0,4.0,2011.0
1072690,"Anděl smrti (Inspektorka Erika Fosterová, #8)",Robert Bryndza,432.0,4.14285714285714,2024.0
1955444,Die Leiche am Deich,Joost Jensen,358.0,4.0,2022.0
2055756,"The Commitment (Unrestrained, #2)",S.E. Lund,330.0,4.0,2013.0
450448,"Forever Frida: A Celebration of the Life, Art, Loves, Words, and Style of Frida Kahlo",Kathy Cano-Murillo,160.0,4.25,
911499,ضحى الإسلام المجلد الثاني,أحمد أمين,318.0,5.0,
405780,"Classroom Library: Goosebumps, Night of the Living Dummy; Nasty, Stinky Sneakers; How to Eat Fried Worms; Captain Underpants; Runt; Box Car Children; the Family Under the Bridge (24 Books / 18 Titles)",Richard Atwater,0.0,1.0,
423398,Telesna Psihoterapija - Do orgazma i dalje,Ljiljana Klisić,478.0,4.0,
1328197,Prodigy: The Graphic Novel (Legend Book 2),Leigh Dragoon,160.0,5.0,2016.0
1169585,Steve the Noob in a New World: Book 4 (Steve the Noob in a New World (Saga 2)),Steve the Noob,155.0,4.52,
629218,West Coast Bodybuilding Scene: The Golden Era,Dick Tyler,400.0,5.0,2004.0
2129097,Fire (The Elementals #1),L.B. Gilbert,362.0,4.6,2015.0
2115462,Toyman (Dumarest of Terra #3),E.C. Tubb,,3.0,1969.0
873555,Son nom sur la liste,John Grisham,400.0,4.0,2021.0
1696176,Feeling Angry (Let's Talk About),Joy Berry,32.0,4.0,1995.0
327691,Finish the Fight: Jack Reacher's Special Investigators #6,Dan Ames,184.0,4.0,
1866957,كاوه - معجزة الثورة,حميدرضا صدوقي,137.0,4.33333333333333,2012.0
1607617,"Spawn, Book 1: Beginnings",Todd McFarlane,120.0,5.0,1995.0
2090510,All-American Nativism: How the Bipartisan War on Immigrants Explains Politics as We Know It (Jacobin),Daniel Denvir,352.0,4.5,2020.0
352642,Introducing Ethereum and Solidity: Foundations of Cryptocurrency and Blockchain Programming for Beginners,Chris Dannen,327.0,3.0,
1640151,Moving On,Larry McMurtry,794.0,4.5,1970.0
131214,Stephen King's Thinner: The Original Screenplay (Encyclopocalypse Movie Tie-In Series),Tom Holland,386.0,3.0,
1740993,"Ekaterina (Heirs of Anton, #1)",Susan K. Downs,288.0,4.25,2004.0
153356,"Scarlett, si possible",Katherine Pancol,429.0,3.0,1985.0
1961243,"Redrum 327, Vol. 1",Ya-Seong Ko,192.0,4.5,2004.0
32775,The Short Stories of Saki,Saki,718.0,4.18181818181818,1930.0
662932,Corações em Jogo,Luna Soares,,5.0,
2020110,The Lost Stories (Ranger's Apprentice #11),John Flanagan,481.0,4.0,2011.0
1977410,Shear Lies (A Ruby Tate Cozy Mystery #2),Ashleigh Quinn,192.0,1.0,
1668005,"Seelendonner (Thron aus Sturm und Sternen, #1)",Annie Waye,390.0,5.0,2021.0
1670502,"Segunda Fundación (Fundación, #3)",Isaac Asimov,256.0,3.5,1953.0
1939746,Just an Ordinary Family,Fiona Lowe,,4.0,2020.0
1249271,Neil Armstrong: A Life from Beginning to End,Hourly History,58.0,4.33333333333333,
1410417,"Sonea (De sorte troldmænd - gamle udgave, #1)",Trudi Canavan,191.0,4.33333333333333,2001.0
1901610,Z powstania do Auschwitz,Nina Majewska-Brown,496.0,4.0,2023.0
2205611,"Conspiracy in Death (In Death Series, 8)",J.D. Robb,0.0,5.0,1999.0
1415307,Blackwood (Blackwood #1),Celia Aaron,270.0,3.92307692307692,2017.0
1254217,The Wolf Prince 2: Fated To The Enemy (The Royals Of Presley Acres #2),Roxie Ray,557.0,5.0,
400321,"Bunnicula: A Rabbit-Tale of Mystery (Bunnicula, #1)",James Howe,98.0,4.0,1979.0
1860936,Farty Pants,C. Jordan,32.0,5.0,
1697236,Summer Party (Cobble Street Cousins #5),Cynthia Rylant,64.0,4.875,2001.0
770098,Basted,Abby  Hunter,,2.18181818181818,
2456335,赌金者：长期资本管理公司的升腾与陨落,罗杰·洛温斯坦(Roger Lowenstein),304.0,5.0,
157013,Deli Tarla,Şermin Yaşar,192.0,4.25,2020.0
259176,Todas mis heridas,Kathleen Glasgow,448.0,3.78723404255319,2016.0
57815,Back in Control: A Spine Surgeon's Roadmap Out of Chronic Pain,David Hanscom,282.0,3.75,2012.0
2528531,The Jurisprudence of Fasting,Ahmed Al-Hasan,86.0,5.0,
45323,Without Warning and Only Sometimes: Scenes from an Unpredictable Childhood,Kit de Waal,290.0,3.72727272727273,2022.0
1848590,Altricorpi. Guida erotica all'amore queer contro tutti i pregiudizi (Italian Edition),Paolo Armelli,162.0,4.0,
21634,Fury Of The Mountain Man,William W. Johnstone,276.0,4.125,1993.0
722287,ჯელსომინო ცრუთა ქვეყანაში,Gianni Rodari,194.0,4.0,1958.0
1949308,"Temper for You (For You, #3)",Genna Rulon,307.0,4.0,2014.0
2014763,Saving the Art of Medicine: Observations of a Practitioner,Allen  Sussman,215.0,5.0,
1903276,"Verse and Vengeance (Magical Bookshop, #4)",Amanda Flower,336.0,3.9375,2019.0
1692421,Nedej se,Rainbow Rowell,494.0,3.42857142857143,2015.0
1423600,Gator Queen (Critters and Criminals #1),Tara Lush,,4.66666666666667,
652010,This Crazy Vegan Life: A Prescription for an Endangered Species,Christina Pirello,336.0,3.75,2008.0
1981558,Engineer's Guide to Technical Writing (06218G),Kenneth G. Budinski,389.0,3.0,2001.0
827235,Game of Dog Bones (A Melanie Travis Mystery Book 25),Laurien Berenson,304.0,4.375,
182681,Jill,Philip Larkin,230.0,4.06666666666667,1946.0
2414600,How to Make Millions with Your Ideas: An Entrepreneur's Guide,Dan S. Kennedy,272.0,3.87861271676301,1996.0
638311,The Vanishing Woman (The North-South Series),Doug Peterson,289.0,4.6,2012.0
1447982,The Weather Weaver,Tamsin Mori,310.0,4.66666666666667,2021.0
1208626,Smoke and Mirrors: Short Fictions and Illusions,Neil Gaiman,339.0,3.9375,1998.0
1631686,The Meaning Of Masonry,W.L. Wilmshurst,128.0,5.0,1775.0
1341495,Story Of About Green Door | A Bedtime Story Picture Book for Kids: English Fairy Tales,Ajay Morgan,,4.0,
704805,"Bright Heart (The Dragon of Umbra, #2)",Emma Hamm,384.0,4.25,2022.0
319129,Aapine,Heli Laaksonen,72.0,4.0,2013.0
826498,2020 BLS Provider Manual,American Heart Association,180.0,5.0,
1262109,Low Self Esteem - How to develop self confidence with self esteem activities and boost your self esteem (a pain free book about building self esteem),Mike C. Adams,29.0,1.0,2013.0
309534,Interpersonal Communication: Everyday Encounters (Available Titles CengageNOW),Julia T. Wood,394.0,2.0,1995.0
1934181,Due di troppo,Janet Evanovich,352.0,4.0,1996.0
924223,Unsinkable: A Memoir,Debbie Reynolds,320.0,4.10526315789474,2013.0
1833330,Plus-Sized Elf: Second Helping! Vol. 3,Synecdoche,154.0,5.0,
2276478,Die Stadt der Haie (Animox #3),Aimee Carter,330.0,4.0,2018.0
2300617,"James Ingo Freed Buildings, Including: Capella Tower, United States Holocaust Memorial Museum, Ronald Reagan Building and International Trade Center, Jacob K. Javits Convention Center, United States Air Force Memorial, Tcseq (Stanford University)",Hephaestus Books,36.0,2.0,2011.0
2411981,A Adopção: Qinaya & A Garua,Zidrou,144.0,5.0,2020.0
319657,"Max (Maximum Ride, #5)",James Patterson,322.0,4.33333333333333,2009.0
2514989,Türklerin Kültür Kökenleri,Ergun Candan,589.0,4.0,2002.0
2002469,"Scarlet (Scarlet, #1)",A.C. Gaughen,304.0,4.75,2012.0
855764,"O caderninho de desafios de Dash & Lily (Dash & Lily, #1)",David Levithan,256.0,2.0,2010.0
363088,النبى موسى وآخر أيام تل العمارنة - الجزء التانى,سيد القمني,1162.0,4.0,1999.0
1553123,The Heist,Daniel Silva,467.0,3.0,2014.0
2039799,Kratki Čudesni Život Oskara Vaoa,Junot Díaz,328.0,3.75,2007.0
327023,les Fous du son,Laurent De Wilde,560.0,2.0,2016.0
563061,Down the Wild River North,Constance Helmericks,300.0,2.0,
2500369,Plato and a Platypus Walk Into a Bar: Understanding Philosophy Through Jokes,Daniel Klein,150.0,3.0,2006.0
448575,"Dead to the World (Sookie Stackhouse, #4)",Charlaine Harris,304.0,5.0,2004.0
76179,The Secret Garden Cookbook: Recipes Inspired by Frances Hodgson Burnett's The Secret Garden,Amy Cotler,128.0,4.75,1999.0
1672958,Runt,Niall Griffiths,149.0,4.5,2006.0
1855397,Nowhere Better Than Here,Sarah Guillory,256.0,4.5,2022.0
973897,"Theseid of the Nuptials of Emilia (Currents in Comparative Romance Languages and Literatures, #116)",Vincenzo Traversa,595.0,5.0,2011.0
101702,The Long Game (Game Changers #6),Rachel  Reid,453.0,5.0,2022.0
1107544,Biljard klockan halv tio,Heinrich Böll,235.0,4.0,1959.0
1203608,Detrás de cada incendio,Luca Andrea,238.0,4.0,
312694,Taun and Samantha (Perinqual Galaxy Aliens #2),C.Y. Croc,67.0,5.0,
1172742,"REINE DES NEIGES (LA) : CONTE EN SEPT HISTOIRES by HANS CHRISTIAN ANDERSEN (October 31,2013)",Hans Christian Andersen,0.0,4.0,1844.0
708592,"Married to the Alien Doctor (Renascence Alliance, #2)",Alma Nilsson,409.0,4.0,
10451,The Case for Space: How the Revolution in Spaceflight Opens Up a Future of Limitless Possibility,Robert Zubrin,405.0,4.71428571428571,2019.0
2467422,ALIENS: THE ORIGINAL YEARS OMNIBUS VOL. 4,Liam Sharp,1064.0,5.0,2023.0
245988,Lakehouse Infernal,Christine Morgan,226.0,5.0,2019.0
2551485,"If It Fits, I Sits: Cats in Awkward Places",Various,144.0,4.0,
2569765,"Hello, Universe",Erin Entrada Kelly,6.0,5.0,2017.0
2380960,Lost in the Forest,R. Scott,1.0,4.0,2015.0
985862,Haudasta kohtuun,Philip K. Dick,197.0,3.0,1967.0
867888,Outojen kokemusten psykologia,Jukka Häkkinen,220.0,3.0,
2405683,Facing the Music and Living to Talk About It,Nick  Carter,,5.0,2013.0
1943709,Nytt liv i Applemore House,Rachael Lucas,239.0,5.0,
948301,The Power of a Praying Parent,Stormie Omartian,224.0,4.25,1995.0
2459886,Kolme muskettisoturia,Alexandre Dumas,960.0,4.0,1844.0
512741,The Dinosaur that Pooped Halloween!: A spooky lift-the-flap adventure,Tom    Fletcher,24.0,4.33333333333333,
902048,Art & Practice of Creative Visualization,Ophiel,112.0,3.33333333333333,1997.0
1996284,Armitage's Garden Perennials,Allan M. Armitage,348.0,5.0,2000.0
118530,The Curious Barista's Guide to Coffee,Tristan Stephenson,192.0,4.33333333333333,2015.0
696766,"Black Wings, Gray Skies (Black Hat Bureau, #4)",Hailey Edwards,,3.0,2022.0
2164097,Women's Wisdom: The Garden of Peace for Women,Rav Shalom Arush,415.0,3.0,2009.0
1105066,"Las dos torres (El Señor de los Anillos, #2)",J.R.R. Tolkien,461.0,4.4,1954.0
249083,Every Last Breath,Jennifer L. Armentrout,400.0,3.0,2015.0
71914,Whistle at Night and They Will Come: Indigenous Horror Stories (Volume 2) (Indigenous Spirit),Alex Soop,288.0,4.0,
1736690,"Ruthless Salvation (The Byrne Brothers, #3)",Jill Ramsower,352.0,3.96666666666667,
144998,Uncle Tom's Cabin,George L. Aiken,154.0,2.85714285714286,1852.0
1032105,No Alternative,William     Dickerson,288.0,5.0,2012.0
648785,The MacAllen Boys Box Set,Jessica  Mills,2351.0,5.0,
2211968,"Mina drömmars stad (Stadserien, #1)",Per Anders Fogelstrom,289.0,4.0,1960.0
479870,Seven Mile Beach,Tom Gilling,207.0,3.0,2009.0
384360,"Death's Angel (The Lost Angels, #3)",Heather Killough-Walden,368.0,4.5,2012.0
2403816,"Zusje (Fjällbacka, #4)",Camilla Läckberg,376.0,3.8,2006.0
243546,البنطلون لأ,خالد ابوعليو,160.0,2.66666666666667,2013.0
1516230,If Satan Can't Steal Your Joy...: He Can't Keep Your Goods,Jerry Savelle,157.0,4.5,1983.0
1169270,The American Senator,Anthony Trollope,612.0,4.0,1877.0
676577,Immunobiology: The Immune System in Health and Disease,Charles A. Janeway Jr.,635.0,5.0,1994.0
828198,"Princess Charlotte and the Enchanted Rose (The Tiara Club at Silver Towers, #1)",Vivian French,80.0,4.33333333333333,2006.0
2512033,بهجة المعرفة موسوعة علمية مصورة المجموعة الأولى 2 الكون,الصادق النيهوم,396.0,5.0,1980.0
1366075,Summary: Small Great Things: A Novel by Jodi Picoult,Readtrepreneur Publishing,64.0,5.0,
1616249,Just Another Day (ATLAS),Isaac Hooke,31.0,3.33333333333333,2013.0
1347310,Scoundrels: The Hunt for Hansclapp (The Scoundrels Club Book 2),Victor Cornwall,370.0,5.0,
1060099,Nelson's Trafalgar: The Battle That Changed the World,Roy A. Adkins,,5.0,2004.0
661942,"Little House in the Big Woods (Little House, #1)",Laura Ingalls Wilder,238.0,4.375,1932.0
199190,"The Blight of Muirwood (Legends of Muirwood, #2)",Jeff Wheeler,466.0,4.29479768786127,2011.0
852054,La sumisa del jefe: (romance erótico en español) (Jefes millonarios y sus secretarias nº 2) (Spanish Edition),Anastasia Lee,173.0,3.0,
344017,Dawn of the Hunter (Omega #1),Blake Banner,148.0,4.23529411764706,
1104102,نساء العرب: مواقف وطرائف ومعارف,محمد إسماعيل الجاويش,,4.0,
1360064,Tu non sei la tua ansia,Aaron Gillies,240.0,3.0,2018.0
318391,Home To Texas: The Civil War Trilogy,Thom Nicholson,856.0,3.0,2013.0
2495752,Staff Picks,George Singleton,216.0,3.0,
1671682,"Star Wars Super Graphic: A Visual Guide to a Galaxy Far, Far Away (Star Wars Book, Movie Accompaniment, Book about Movies) (Star Wars x Chronicle Books)",Tim Leong,176.0,5.0,
758759,The Thin Man,Dashiell Hammett,180.0,3.66666666666667,1934.0
1350290,Jewish Antiquities: Books 12-13 (Loeb Classical Library No. 365) (Volume V),Flavius Josephus,528.0,3.0,
2545890,"The Worst Pucking Deal (The Sabertooths Hockey, #1)",B. Lybaek,375.0,4.5,2024.0
1998798,Crushed (Detective Ellie MacIntosh #5),Kate Watterson,352.0,4.0,2018.0
2188474,"The West Series #1-3 (West, #1-3)",Jill Sanders,800.0,4.75,2014.0
120357,Raspberry Danish Murder (A Hannah Swensen Mystery),Joanne Fluke,432.0,3.25,2018.0
289189,"Thrill of the Chase (Horns V Halos, 1)",Oliver Lixx,,5.0,2013.0
1651846,L'incendiaire de Sudbury,Chloé LaDuchesse,248.0,3.0,
1734837,Basada en hechos reales,Delphine de Vigan,344.0,4.0,2015.0
1048995,"Slaveri: Forntiden till renässansen (En världshistoria om ofrihet, #1)",Dick Harrison,575.0,4.0,2006.0
617918,Absolute Power,David Baldacci,704.0,4.28571428571429,1996.0
636366,"Grow Fruit Naturally: A Hands-On Guide to Luscious, Homegrown Fruit",Lee Reich,240.0,4.0,2012.0
2183592,"Princess Mia (The Princess Diaries, #9)",Meg Cabot,307.0,4.33333333333333,2007.0
51917,Breathe,Joyce Carol Oates,365.0,3.66666666666667,2021.0
1205882,Lovely Complex Vol. 17,Aya Nakahara,180.0,4.0,2007.0
295697,"The Town Where Echoes Linger (The Town That Shouldn't Exist, #2)",Boris Bacic,425.0,4.29411764705882,
1594256,Reasons to Stay Alive / The Humans / The Radleys,Matt Haig,0.0,3.0,
56033,The World Deserves My Children,Natasha Leggero,240.0,3.3469387755102,2022.0
1455955,et ægteskabs mangel på juridisk skarphed,Olga Grjasnowa,235.0,3.0,2014.0
2253892,Eeuwige kermis,Claire Polders,288.0,3.0,2011.0
123877,Lady of the Glen,Jennifer Roberson,556.0,4.125,1996.0
384857,O Feijão e o Sonho,Orígenes Lessa,128.0,4.0,1938.0
2005407,El Olvido (Spanish Edition),Juan Manuel Rodríguez Caamaño,41.0,5.0,
2259536,The Hanging Of Angelique,Afua Cooper,368.0,4.0,2006.0
1545768,A Lady's Pleasure - Malam-malam Rahasia Bersama Sang Duke,Renee Bernard,367.0,3.0,2006.0
769063,Arthur's Halloween,Marc Brown,32.0,4.35087719298246,1982.0
2309804,Mehr Meer statt Paartherapie,Melanie Amélie Opalka,250.0,4.0,
906234,Succeed: How We Can Reach Our Goals,Heidi Grant Halvorson,297.0,4.0,2010.0
327060,Jag lät dig gå,Clare Mackintosh,425.0,3.0,2014.0
1356720,Maigret und der Treidler der 'Providence',Georges Simenon,167.0,5.0,1931.0
1243480,All That Work and Still No Boys (Iowa Short Fiction Award),Kathryn Ma,162.0,3.0,2009.0
642811,Sideways Stories from Wayside School,Louis Sachar,128.0,4.77777777777778,1978.0
1574641,Before I Forget,Fiona Phillips,328.0,3.0,2010.0
233893,"Against Common Sense: Teaching and Learning Toward Social Justice, Revised Edition (Reconstructing the Public Sphere in Curriculum Studies)",Kevin K. Kumashiro,184.0,4.0,2004.0
1754476,"Stormwind (Storm Chronicles, #3)",Skye Knizley,271.0,4.0,2015.0
748133,Self-Portrait with Nothing,Aimee Pokwatka,304.0,3.33333333333333,2022.0
2398746,مذكرات بكوك #1 #2,Charles Dickens,1439.0,4.0,1837.0
168175,One Plus One,Jojo Moyes,368.0,3.94658753709199,2014.0
1099812,"Across the Years (Desert Roses, #2)",Tracie Peterson,251.0,5.0,2003.0
800136,Après le naufrage: Refonder le Parti québécois,Frédéric Bastien,144.0,3.5,
2290026,"Islamofobia: Nosotros, los otros, el miedo",Santiago Alba Rico,134.0,5.0,2015.0
682814,100 Military Leaders Who Shaped World History (100 Series),Samuel Willard Crompton,112.0,3.0,1999.0
1549325,"Teaching Christ's Children about Feeling Angry: (Christian children books about anger, ages 3 5, ages 6-8 picture, preschool, kids books) (Emotions & Feelings)",Corine Hyman,29.0,5.0,2015.0
2484235,"The Usborne Library of Science: Energy, Forces & Motion",Alastair Smith,64.0,2.0,2001.0
1464008,Last Waltz in Vienna,George Clare,288.0,4.33333333333333,1981.0
338560,"The Witch's Tower (Twisted Ever After, #1)",Tamara Grantham,,4.0,
1797112,La libertad primera y última,J. Krishnamurti,312.0,3.5,1954.0
611618,"Den brutale sannheten (En pingles dagbok, #5)",Jeff Kinney,217.0,4.0,2010.0
1320894,الفقه الميسر في المعاملات,أحمد عيسى عاشور,259.0,4.66666666666667,1974.0
633270,Southern Heart (Southern #5),Natasha Madison,,3.0,2021.0
2397921,"Nagi bóg: Wiara (Świt nocy, #3.3)",Peter F. Hamilton,540.0,5.0,1999.0
1828119,"I Love You All Ways: A Baby Animal Board Book About a Parent's Never-Ending Love (Gifts for Babies and Toddlers, Gifts for Mother’s Day and Father’s Day)",Marianne Richmond,26.0,5.0,
1746245,101 Amazing Affirmations for Self-Esteem & Success (Audio Included),Beau Norton,12.0,4.0,
959568,Psicomotricidad y necesidades educativas especiales (Spanish Edition),VV.AA. Llorca VV.AA.,160.0,4.0,2005.0
1514010,"Sleep, Baby, Sleep",M.J.    Hardy,426.0,5.0,2015.0
963307,An explanation of poetry to my father,Clenn Colquhoun,47.0,5.0,2001.0
510980,Ten Men,Alexandra Gray,264.0,3.0,2004.0
827517,The Little Old Lady Who Was Not Afraid of Anything,Linda    Williams,32.0,4.0,1986.0
1698757,Serial Killers (True Crime Book 1),William Murray,192.0,3.85,2007.0
573017,"The Ideal Team Player: How to Recognize and Cultivate The Three Essential Virtues [Jan 01, 2016] Lencioni, Patrick M.",Patrick Lencioni,232.0,3.33333333333333,2016.0
2567595,Pogo,Daniel Mella,72.0,4.0,
2088033,His Secret Alaskan Family: An Uplifting Inspirational Romance (Serenity Peak Book 3),Belle Calhoune,211.0,5.0,
2150497,The Crucifixion of the King of Glory: The Amazing History and Sublime Mystery of the Passion,Eugenia Scarvelis Constantinou,370.0,4.5,2022.0
74833,Aaron's Honor (Special Forces: Operation Alpha; Men of Mercy #4.6),Lindsay Cross,125.0,5.0,2016.0
1765909,Siedem dalekich rejsów,Leopold Tyrmand,192.0,3.6,1959.0
1739685,Family Driven Faith: Doing What It Takes to Raise Sons and Daughters Who Walk with God,Voddie T. Baucham Jr.,258.0,4.5,2007.0
478647,The Phantom of the Opera,Jennifer Bassett,64.0,2.0,1999.0
2155081,Seeing Double : A Why Choose / Taboo Romance,Lacie Chanel,370.0,4.0,
1323309,"La città degli abissi (Forgotten Realms: trilogia di Avatara, #3)",Richard Awlinson,382.0,4.0,1989.0
54924,One Day I Shall Astonish the World,Nina Stibbe,384.0,3.75,2022.0
1529114,Bad Heir Day,Wendy  Holden,,3.0,2000.0
1443734,The Billionaire Raj: A Journey Through India's New Gilded Age,James  Crabtree,416.0,3.85714285714286,2018.0
703871,O Que é Racismo Estrutural?,Silvio Almeida,204.0,4.5,2018.0
428840,"An Unkindness of Ravens (Inspector Wexford, #13)",Ruth Rendell,354.0,4.0,1985.0
64293,Daring In a Blue Dress (Ainslie Brothers #3),Katie MacAlister,336.0,3.83333333333333,2016.0
433815,Le commencement (Num_anité) (French Edition),Cyril Vial,340.0,3.0,
999274,Como NÃO engravidar de um CEO: LIVRO ÚNICO (Série: Um Romance Inesperado 2) (Portuguese Edition),Bianca Pohndorf,553.0,5.0,
1701223,"Confident Women: Swindlers, Grifters, and Shapeshifters of the Feminine Persuasion",Tori Telfer,352.0,3.71794871794872,2021.0
1334920,"Twists and Curves (Infinite Curves, #1)",Georgia Stockholm,59.0,3.0,2013.0
823215,Good Profit: How Creating Value for Others Built One of the World's Most Successful Companies,Charles G. Koch,270.0,3.71428571428571,2015.0
1369004,"If You Stay (Beautifully Broken, #1)",Courtney Cole,354.0,4.14285714285714,2013.0
732660,"Campus Girl: Maxene, The Boyish Girl (St. Catherine University, #12)",Heart Yngrid,128.0,4.0,2011.0
976005,Le Mythe de la virilité,Olivia Gazalé,528.0,3.0,2017.0
829574,Feminized to Go Undercover,Jessie Ash,5.0,3.0,
1261427,"The Last Island: Discovery, Defiance, and the Most Elusive Tribe on Earth",Adam Goodheart,272.0,3.8,2023.0
1191622,Den stora blondinens sista sommar,Peter Sandström,253.0,3.0,2022.0
934664,Three Blind Mice (Miss Fortune World / Sinful Spirits),Aunt Tillie,86.0,4.0,2020.0
203613,دختران مطرود,Simone St. James,411.0,4.0,2018.0
2337755,The Illustrated Encyclopedia of Birds. (Dk),Birdlife International,512.0,5.0,2011.0
183996,Ho'onani: Hula Warrior,Heather Gale,40.0,4.66666666666667,2019.0
1448983,El círculo,Dave Eggers,448.0,3.23076923076923,2013.0
1888827,"College Teen Loses Her Innocence to Her Boss (First time, losing her viginity! College teens losing their maidenhood to older men erotica Book 5)",Hailey Paige,23.0,5.0,
1382140,"Endure (Endure, #1)",Laura Diamond,269.0,4.0,2013.0
2192916,Deep (Man Candy #3),Joanna Blake,547.0,2.0,2016.0
1024341,Sewing Edges and Corners: Decorative Techniques for Your Home and Wardrobe (An Embellishment Idea Book Series),Linda Lee,144.0,4.0,2000.0
2439268,The Trail Often Crossed (Baker Oaks book 2),Ambar Cordova,372.0,4.0,
1908930,Capelli's Captive Virgin,Sarah Morgan,192.0,2.5,2009.0
90964,Crociera lo cost,Paolo Villaggio,182.0,2.0,2010.0
1062765,"Would You Rather: Book for Kids Age 5-12 with 250 Silly, Challenging and Hilarious Questions the Whole Family Will Love",Andrew Gugi,,5.0,
854601,De vrouw zonder naam (Josie Quinn #2),Lisa  Regan,336.0,4.5,2018.0
313716,L'ombra di quel che eravamo,Luis Sepúlveda,0.0,4.0,2009.0
761416,Island of the Aunts,Eva Ibbotson,281.0,3.9493670886076,1999.0
2386388,"Backlash (Monika Paniatowski, #4)",Sally Spencer,224.0,3.0,2011.0
1416890,"After We Collided (After, #2)",Anna Todd,705.0,3.97402597402597,2013.0
928277,Wij zijn de wereld (Dutch Edition),Jostein Gaarder,141.0,4.0,
2116631,Hannah Kimble,Patricia Jane Pitt,210.0,5.0,2013.0
307783,"Best Friends with Benefits (Most Likely To, #1)",Candy Sloane,,2.5,2016.0
2096173,The Kindergarten Wars: The Battle to Get into America's Best Private Schools,Alan Eisenstock,257.0,5.0,2006.0
2056117,Las aventuras de Huckleberry Finn,Jhon Soto,,5.0,
1550890,"Anxious Kids, Anxious Parents: 7 Ways to Stop the Worry Cycle and Raise Courageous and Independent Children (Anxiety Series)",R. Reid Wilson,290.0,3.66666666666667,2013.0
826256,Ama tu soledad: Muchas veces la mejor compañía la encuentras estando solo,Borja Vilaseca,189.0,3.71428571428571,2024.0
102623,Kiss a Falling Star,Barbara Elsborg,288.0,4.0,2011.0
1715733,Discover Italy (Lonely Planet Guide),Cristian Bonetto,424.0,5.0,2010.0
2304416,Kara Kutu,Cassia Leo,400.0,4.0,2014.0
2483409,The Defence of the Realm: The Authorized History of MI5,Christopher Andrew,1058.0,4.0,2009.0
1356912,Love and Libertine,Jann Rowland,246.0,5.0,
1292411,"Nil on Fire (Nil, #3)",Lynne Matson,416.0,3.47826086956522,2016.0
1464038,The Spy's Wife,Fiona McIntosh,448.0,4.4,2021.0
963882,Mail-Order Bride Switch (Stand-In Brides),Dorothy Clark,288.0,5.0,2018.0
778426,"The Big Bang Theory: The Definitive, Inside Story of the Epic Hit Series",Jessica Radloff,464.0,4.66666666666667,2022.0
1436666,"Promises to Keep (Den of Shadows, #9)",Amelia Atwater-Rhodes,256.0,4.0,2013.0
565768,The Mind's Eye,Oliver Sacks,263.0,4.57142857142857,2010.0
554998,Poirot investigates,Agatha Christie,0.0,3.0,1924.0
1351763,LEGO Star Wars Character Encyclopedia New Edition: with exclusive Darth Maul Minifigure,Elizabeth Dowsett,224.0,5.0,
439501,How to Lie with Statistics,Darrell Huff,144.0,2.5,1954.0
2528010,"Dominion (Power, #2)",Mychael Black,138.0,3.0,2007.0
1807923,Machine Man and Other Writings,Julien Offray de La Mettrie,212.0,3.0,
729465,Claiming (The Gresham Chronicles #1),Saskia Knight,68.0,4.5,2014.0
1241731,"Spy High (Never Say Spy, #9)",Diane Henders,434.0,4.66666666666667,2015.0
985450,"Ben Braver and the Vortex of Doom (Ben Braver, 3)",Marcus Emerson,320.0,5.0,
1599292,In My Brother's Shadow: A Life and Death in the SS,Uwe Timm,151.0,5.0,2003.0
2518209,Kraftwerk: Publikation,David Buckley,351.0,3.0,2011.0
784503,Chinese Whispers (The Earl’s Other Son #3),Andrew Wareham,226.0,4.75,
1282129,"Windswept (The Mapweaver Chronicles, #1)",Kaitlin Bellamy,750.0,4.5,2018.0
2586038,Prairie Spirits : A Lone Wolf Mystery,Belinda Amerman,268.0,5.0,
2135986,Antiquity,Hanna Johansson,224.0,2.0,2020.0
1699441,The Science Fiction Anthology,Andre Norton,2597.0,3.0,
2536089,Christmas in Miami: Antonia and Jahiem,Diamond D. Johnson,226.0,5.0,
632175,Jo Chaley Tou Jaan Se Guzar Gaye,Maha Malik,163.0,3.85714285714286,2007.0
1868442,We Are the Scrappy Ones,Rebekah Taussig,,4.0,
277682,Being Authentic,Morhaf Al Achkar,159.0,3.66666666666667,2020.0
791063,The Nightwalker,Sebastian Fitzek,416.0,4.5,2011.0
2507788,"Redbird (The Sovereign Mountain Series, #1.5)",Raya Morris Edwards,71.0,4.08064516129032,
586873,Down and Dirty (Down Home #2),Parker St. John,234.0,3.93333333333333,2021.0
185084,"Demon Relic Hunter (Riley Cruz, #1)",L.A. McBride,265.0,5.0,2023.0
441645,White Witch Wonder (Witch of Mintwood #8),Addison Creek,232.0,5.0,2017.0
392082,101 Kruger Tales: Extraordinary Stories from Ordinary Visitors to the Kruger National Park,Jeff  Gordon,391.0,4.36363636363636,2014.0
895603,The Mayor of Casterbridge (The Penguin English Library),Thomas Hardy,384.0,3.5,1886.0
1992798,Deliliğe Övgü,Erasmus,272.0,3.0,1508.0
1806247,Don Quixote (Penguin Clothbound Classics),Miguel de Cervantes Saavedra,1056.0,3.07142857142857,1605.0
2465254,"SUMMARY: POWER PLAY: BY TIM HIGGINS: Tesla, Elon Musk, And The Bet Of The Century",Michael Higgs,,4.0,
310235,The Bowhunters Digest (Bowhunting Preservation Alliance),Rick Sapp,218.0,4.0,2008.0
1401385,Chile: The Other September 11: An Anthology of Reflections on the 1973 Coup (Radical History),Pilar Aguilera,120.0,3.0,2002.0
2012365,Takedown Twenty: A Stephanie Plum Novel - Book Review and Study Guide,J.T. Salrich,132.0,5.0,2013.0
1457995,Heimweh,Graham Norton,384.0,5.0,2020.0
656024,"Bjørneby (Björnstad, #1)",Fredrik Backman,457.0,4.57142857142857,2016.0
674596,The Wall of Winnipeg and Me,Mariana Zapata,475.0,4.15286624203822,2016.0
1922102,Kummallisen kirjoittajat: Opas fiktiivisen maailman luomiseen,Saara Henriksson,256.0,3.0,2014.0
1851761,Sri Brhad-bhagavatamrta: Volume One,Gopiparanadhana Dasa,965.0,5.0,2015.0
2182700,Give Me Liberty!: An American History (Seagull Fifth Edition) (Vol. 2),Eric Foner,768.0,5.0,
747747,Wiktoria,Knut Hamsun,144.0,3.66666666666667,1898.0
974322,Klokkeren fra Notre-Dame,Victor Hugo,271.0,4.0,1831.0
885811,The Essential Wrapped In Plastic: Pathways to Twin Peaks,John   Thorne,364.0,4.0,2016.0
2050358,Narada Bhakti Sutra,Narada,56.0,5.0,1945.0
1065729,Courage to Run: A Story Based on the Life of Young Harriet Tubman (Daughters of the Faith Series),Wendy Lawton,144.0,4.33333333333333,2002.0
376051,Blackmailed by the Italian Billionaire,Nina Croft,232.0,4.57142857142857,2012.0
1820435,"Sandworms of Dune (Dune Chronicles, #8)",Brian Herbert,612.0,3.75,2007.0
817938,"L'amore, la sfida, il destino: Il tavolo dove si gioca il senso della vita",Eugenio Scalfari,144.0,4.0,2013.0
24616,Hazan Bülbülü,Hüseyin Rahmi Gürpınar,192.0,4.0,1916.0
1384392,L Platers: How to support your teen daughter on the road to adulthood,Madonna King,320.0,5.0,
2304556,Our Deadly Reunion (Unbreakable Ties #1),A.V. Shener,244.0,4.0,2024.0
2322886,Artifact,K.T. Bowes,155.0,5.0,2014.0
141349,Una tarta de manzana llena de esperanza,Sarah Moore Fitzgerald,200.0,4.0,2014.0
1632079,Trapped,Armand Rosamilia,157.0,4.25,
2592888,Bromance to Romance,Elizabeth  Daniels,59.0,4.0,2014.0
1525935,Por una ética del consumo,Adela Cortina,,4.0,2006.0
1505126,Tea for Ruby (wt),Sarah Ferguson,40.0,5.0,2008.0
627855,Boynton's Greatest Hits The Big Yellow Box (Boxed Set): The Going to Bed Book; Horns to Toes; Opposites; But Not the Hippopotamus,Sandra Boynton,64.0,4.8,1999.0
1365582,Դաւիթ Բէկ. խտացուած (Davit Bek. abridged),Րաֆֆի,165.0,4.0,1882.0
2423565,مقدمة في الصدمات الحضارية,سعيد بن ناصر الغامدي,223.0,3.0,
966079,The Knight Bride Series: 3 Book Collection,Chloe   Kent,369.0,4.5,
652556,"His Unlikely Lover (Unwanted, #3)",Natasha Anders,296.0,3.60869565217391,2014.0
1918221,Literature to Go,Michael  Meyer,1232.0,1.0,2010.0
518360,Love is a Wounded Soldier,Blaine Reimer,287.0,4.8,2012.0
2113109,The Basic Laws of Human Stupidity,Carlo M. Cipolla,72.0,4.22222222222222,1976.0
1013488,Untitled,To be confirmed,224.0,5.0,2016.0
1672301,"Qualcosa di te (FBI/US Attorney, #1)",Julie James,287.0,1.0,2010.0
1640409,Don't Ask Any Old Bloke for Directions: A Biker's Whimsical Journey Across India,P.G. Tenzing,218.0,4.0,2009.0
2602337,هاشتاج,كريم محمد أحمد,30.0,2.0,2014.0
1675581,Sweet Magnolia (Charleston Harbor #2),Debbie   White,242.0,4.25,
1776216,"Black Site (Delta Force, #1)",Dalton Fury,352.0,4.30769230769231,2012.0
333489,The Catholic Virtues,Mitch Finley,145.0,4.0,1999.0
965845,The Last Man (DCI Alex Fleming #2),Robert McNeil,380.0,5.0,
1459982,"The Quintessential Quintuplets, Vol. 2",Negi Haruba,194.0,4.18181818181818,2017.0
2603088,Tin Whistle Sheet Music Song Book With Finger Positions,Michael Hamilton,38.0,3.0,2007.0
1682724,Crux (Southern Arcana #1),Moira Rogers,358.0,3.75,2009.0
2105157,ابن الإنسان,Augusto Roa Bastos,436.0,4.5,1960.0
1188480,The Book of Bihari Literature,Abhay K.,400.0,5.0,
2029907,Double Dutch,Laura Trunkey,280.0,5.0,2016.0
2255164,Yukon River Saga,Andreas Kieling,333.0,4.5,1995.0
1876197,A Single Rose,Muriel Barbery,142.0,3.44444444444444,2020.0
1925993,GSU BUSA 3000 International Business - The New Realities (Globalization and Business Practice - CTW),S. Tamer Çavuşgil,615.0,5.0,
2070974,Hombres sin mujeres,Haruki Murakami,298.0,2.33333333333333,2014.0
365762,The GRE Test for Dummies,Suzee Vlk,336.0,3.0,1995.0
756137,The Genius of Genesis: A Psychoanalyst and Rabbi Examines the First Book of the Bible,Dennis G. Shulman,,5.0,2003.0
789361,L'enigma del solitario,Jostein Gaarder,351.0,3.71428571428571,1990.0
2482742,Hunting Season,Liz Carlyle,165.0,5.0,2012.0
213782,"Girls Under Pressure (Girls, #2)",Jacqueline Wilson,205.0,3.62698412698413,1998.0
622731,"Capitalism, Socialism and Democracy",Joseph A. Schumpeter,460.0,4.15384615384615,1942.0
2014151,Witchcraft and Demonology by Francis X. King (1988-03-03),Francis X. King,0.0,5.0,1987.0
1538298,Šūdmalos darbų teorija,David Graeber,415.0,4.0,2018.0
672933,The Loss of Sadness: How Psychiatry Transformed Normal Sorrow Into Depressive Disorder,Allan V. Horwitz,312.0,4.25,2007.0
2499572,"Long, Tall Texans: Rick",Diana Palmer,182.0,4.33333333333333,2011.0
1529810,Volcanoes (Earth Rocks!),Sara Gilbert,24.0,3.0,
933902,Autobiography Of A Face (Turtleback School & Library Binding Edition),Lucy Grealy,256.0,4.0,1994.0
2511729,"The Modigliani Scandal by Follett, Ken (July 15, 1986) Mass Market Paperback",Ken Follett,0.0,3.0,1976.0
1851177,"Beyond Limits (Tracers, #8)",Laura Griffin,400.0,4.63636363636364,2015.0
90975,"WolfeSword (De Wolfe Pack Generations, #3)",Kathryn Le Veque,405.0,5.0,2020.0
2180459,Taxscam: How the Internal Revenue Service Swindles You and What You Can Do About It,Alan Stang,307.0,5.0,1988.0
2287596,Alis Harikalar Diyarında,Güzin Öztürk,56.0,5.0,
475232,"Il codice da Vinci : edizione speciale illustrata (Robert Langdon, #2)",Dan       Brown,455.0,3.6,2003.0
419849,The Maths Book: Big Ideas Simply Explained,D.K. Publishing,352.0,4.75,2019.0
2439053,小学館版学習まんが 世界の歴史 11 ナポレオンとつづく革命,小林たつよし,0.0,4.0,
735389,Beyond the Sky and the Earth: A Journey into Bhutan,Jamie Zeppa,320.0,4.22972972972973,1999.0
1823805,Jackie After Jack: Portrait of the Lady,Christopher Andersen,472.0,5.0,1988.0
391111,The Farm,Tom Rob Smith,353.0,4.0,2014.0
1037632,Arkitekter på armlängds avstånd? : att studera kulturpolitik,Anders Frenander,179.0,2.0,
461127,Игра за петима,Marco Malvaldi,142.0,4.0,2007.0
2179286,The X-15 Rocket Plane: Flying the First Wings into Space,Michelle  Evans,480.0,3.5,2013.0
2094020,All We Ever Wanted,Emily Giffin,,3.0,2018.0
92600,"The Seventh Sacrament (Nic Costa, #5)",David Hewson,419.0,4.3,2007.0
151061,2005 Writers Market,Kathryn Struckel Brogan,1178.0,4.0,2004.0
2463197,Gyvulių ūkis,George Orwell,192.0,4.31081081081081,1945.0
1094261,"An Unintended Journey (Cavendish Brothers, #1)",Catherine Gayle,60.0,5.0,2013.0
1024262,Прах и пепел,Anatoli Rybakov,580.0,5.0,1994.0
1478882,"Behold, Darkness and Sorrow (Seven Cows, Ugly and Gaunt #1)",Mark Goodwin,374.0,4.41666666666667,
1140180,Das Jahr des Rehs,Stephanie Jana,268.0,3.0,2015.0
961612,تعزيز الرقابة الذاتية للاطفال,نورة مسفر القرني,146.0,4.0,2018.0
175493,A Summer in Sonoma,Robyn Carr,408.0,4.34234234234234,2010.0
356812,In De Schaduw Van De Zwarte Zon,C.S. Friedman,559.0,4.0,1991.0
331032,Nothing Special (The Discerners Trilogy),Dina S.,248.0,4.5,
956894,"The Story: The Bible as One Continuing Story of God and His People, NIV",Randy Frazee,495.0,4.13698630136986,1996.0
1483816,"Chanur's Homecoming (Chanur, #4)",C.J. Cherryh,400.0,4.3,1986.0
662261,Rusalka (Steel Series Book 3),Jenni Boyd,326.0,5.0,
1401010,الحمر والبيض والسود,Gary B. Nash,376.0,4.0,1974.0
2331388,The Second Generation,Margaret Weis,434.0,3.0,1995.0
1272935,صد نامه‌ی عاشقانه,نزار قباني,174.0,3.4,1970.0
215247,Teach Yourself Baby Massage and Yoga (Teach Yourself - General),Anita Epple,,4.0,2007.0
1515990,La piscina,Giacomo Papi,221.0,3.8,
418530,Fabricating Consumers: The Sewing Machine in Modern Japan (Volume 19),Andrew Gordon,304.0,3.0,2011.0
477762,The Foiled Plan,Veronica Lancet,,4.0,
1264253,Escape From Olshek's Castle (The Forgotten Portal Book 1),Kayla  Cox,329.0,4.0,
1169894,Jaag je ploeg over de botten van de doden,Olga Tokarczuk,298.0,3.81818181818182,2009.0
961858,No One Will Hear You Scream,E.J. Goldberg-Phillips,284.0,3.0,
544274,The Flight of the Eisenstein (The Horus Heresy #4),James Swallow,416.0,3.0,2007.0
445079,"Just the Thought of You (Mann of My Dreams, #3)",Tinnean,289.0,4.0,2016.0
601263,The Vengeance of Mothers: The Journals of Margaret Kelly & Molly McGill,Jim Fergus,368.0,4.75,2016.0
2014271,d20 Past (d20 Campaigns: d20 Modern),James Wyatt,96.0,5.0,2005.0
1100417,Ajaran Kyai Gontor: 72 Prinsip Hidup KH. Imam Zarkasyi,Muhammad Ridlo Zarkasyi,248.0,5.0,2011.0
201842,Marianela,Benito Pérez Galdós,272.0,3.68691588785047,1878.0
1920496,My Mother and Other Secrets,Wendyl Nissen,288.0,4.0,
2010436,A sombra do que fomos,Luis Sepúlveda,160.0,3.83333333333333,2009.0
1321902,Service Learning,Loriene Roy,220.0,5.0,2009.0
2514306,Waiting for Leila (Staffrider series),Achmat Dangor,140.0,4.0,
1373798,99 Stories of Blood on the Wall: A collection of 99 word horror stories,Kevin Cathy,102.0,4.22222222222222,
2085363,The Big Book of Personality Tests: 90 Easy-To-Score Quizzes That Reveal the Real You,Salvatore V. Didato,208.0,5.0,2003.0
725469,Modus Operandi,Mabê Bonafé,400.0,4.33333333333333,2022.0
779996,I Know What The Red Clay Looks Like: The Voice and Vision of Black American Women Writers,Rebecca Carroll,246.0,4.0,1994.0
1746344,"Are You There Vodka? It's Me, Chelsea",Chelsea Handler,288.0,5.0,2008.0
981989,युद्ध (राम कथा #7),"नरेंद्र कोहली, Narendra Kohli",280.0,5.0,1979.0
382443,Wolff (Redemption #1),J.J. Harper,129.0,1.0,2018.0
1463648,Stephen,Amy Cross,316.0,3.59090909090909,2017.0
421631,Ripley's Believe It or Not! Expect the Unexpected,Ripley Entertainment Inc.,256.0,5.0,2006.0
1737151,The Real Thing: Stories and Sketches,Doris Lessing,224.0,4.0,1991.0
2576701,"The Man Who Fought Alone (The Man Who, #4)",Stephen R. Donaldson,,4.0,2001.0
778533,"Genesis: Artificial Intelligence, Hope, and the Human Spirit",Henry A. Kissinger,288.0,3.75,
1336582,"Torn Apart (Storm Front, #2)",Sharon Sala,298.0,3.0,2010.0
2471265,"Charlie, Presumed Dead",Anne Heltzel,272.0,5.0,2015.0
2336697,Wasted Space,Elizabeth Manz,326.0,4.0,1996.0
1837102,Finding Home: Shelter Dogs and Their Stories,Traer Scott,96.0,5.0,2015.0
2319445,Hollow Bones,Erica Wright,269.0,3.0,
2282012,Savage Skies (Savage #30),Cassie Edwards,324.0,4.5,2011.0
456051,"The King's Beast, Vol. 2",Rei Tōma,168.0,4.5,2019.0
897838,Robert B. Parker's Colorblind (Jesse Stone #17),Reed Farrel Coleman,367.0,4.29787234042553,2018.0
135994,The Dogs Were Rescued (And So Was I),Teresa Rhyne,274.0,5.0,2014.0
1223041,Long Time Dead,A.J. Orde,0.0,4.0,1994.0
268852,Un hijo,Alejandro Palomas,248.0,5.0,2015.0
1769698,Mit dir allein,Ayu Watanabe,208.0,3.0,2004.0
1978855,Yellowface,R.F. Kuang,,3.72222222222222,2023.0
1893002,A Theory of Justice,John Rawls,538.0,3.8,1971.0
1185084,Какво става в тъмното,Constanza Droop,16.0,5.0,2009.0
2238606,Nueva York es una ventana sin cortinas,Paolo Cognetti,180.0,4.0,2010.0
205030,"Bloodline (Sigma Force, #8)",James Rollins,448.0,4.73469387755102,2012.0
727626,Little Women,Louisa May Alcott,429.0,3.6,1868.0
1073487,Home for Christmas,Camilla Isley,270.0,4.55555555555556,2022.0
1306821,Slutever: Dispatches from a Sexually Autonomous Woman in a Post-Shame World,Karley Sciortino,288.0,4.2,2018.0
2087126,Affiliate Marketing Splash: Building Affiliate Sites That Rank (and bank),Zen Duck Dave,226.0,1.0,2013.0
2041872,"Even Though We're Adults, Vol. 5",Takako Shimura,160.0,4.0,2021.0
132565,The Physics of Climate Change,Lawrence M. Krauss,208.0,4.2,2021.0
1638685,Fast Asleep: How to get a really good night's rest,Michael Mosley,300.0,5.0,2020.0
546505,"Can't Bucking Wait (Buck Cowboys, #3)",Elle Thorpe,302.0,4.39130434782609,2022.0
2279919,Other People's Houses,Abbi Waxman,352.0,3.0,2018.0
16892,The Yoga Body Diet: Slim and Sexy in 4 Weeks (Without the Stress),Kristen Schultz Dollard,256.0,3.2,2010.0
2398404,"Building in France, Building in Iron, Building in Ferroconcrete (Texts and Documents Series)",Sigfried Giedion,248.0,5.0,1994.0
1159298,Doctor Lerne,Maurice Renard,328.0,5.0,1908.0
2196598,What Seems to Be the Problem?,Laura Marshall-Andrews,269.0,3.5,
1893142,Kodomo no Jikan Vol. 12,Kaworu Watashiya,202.0,5.0,2012.0
1730811,Paddy Clarke Ha Ha Ha: Booker Prize Winner,Roddy Doyle,290.0,3.85714285714286,1993.0
625694,Mystery at Devil's Paw (Hardy Boys #38),Franklin W. Dixon,193.0,5.0,1959.0
1773988,Kid Got Shot  (The Garvie Smith Mysteries #2),Simon Mason,392.0,4.0,
2406652,A Song over Miskwaa Rapids,Linda LeGarde Grover,128.0,3.5,2023.0
1562019,"Promise of the Valley (Westward Dreams, #2)",Jane Peart,416.0,4.0,1995.0
2504502,Feels like Christmas,Gabriella Santos de Lima,296.0,3.82608695652174,2023.0
1371656,The Last Time We Say Goodbye,Cynthia Hand,10.0,4.0,2015.0
1272421,Leap Year,Helen Russell,380.0,4.30769230769231,
619600,Grandad Mandela,Ambassador Zindzi Mandela,40.0,4.33333333333333,
1206207,"Essential Howard the Duck, Vol. 1",Steve Gerber,592.0,3.66666666666667,1978.0
836516,Doctor Who: The Krillitane Storm,Christopher Cooper,242.0,4.18181818181818,2009.0
1336685,The Upanishads (Easwaran's Classics of Indian Spirituality Book 2),Eknath Easwaran,339.0,4.5,-500.0
140765,"Escape to Eden (The Original, #1)",Rachel McClellan,304.0,3.80952380952381,2016.0
556289,Tell Me How Long the Train's Been Gone,James Baldwin,386.0,4.5,1968.0
572356,The Missing King,Moetai Brotherson,375.0,5.0,2007.0
1860938,The PR Paradox: How to Master the Art of PR as a Startup or Scale-up,Matias  Rodsevich,231.0,3.0,
471499,The Genesis Secret,Tom Knox,516.0,3.72307692307692,2008.0
1733044,Marseille,Gérard Planchenault,0.0,4.0,
1156080,"Joy in the Little Things: Finding Happiness in Style, Home, and the Everyday",Kerrie Hess,224.0,4.0,
737247,"The Highlander's Hope (Highland Heart, #1)",Cali MacKay,241.0,3.52,2012.0
860064,Abide with Us: A Lenten Journey with the Saints,Al Truesdale,0.0,5.0,
1309772,2016 Yearbook of Jehovah's Witnesses,Watch Tower Bible and Tract Society,181.0,5.0,2015.0
561706,Girl Overboard,Justina Chen Headley,339.0,3.85,2008.0
1639977,Hunted,Zeke Connor,55.0,3.0,2008.0
1899676,"The Transformers: The IDW Collection, Vol. 6",James Roberts,366.0,4.0,2012.0
189879,Savanah Banana and Lanna BFF,Debbie Hepner,26.0,5.0,
2033537,Street Fighter Vol. 1: Introduction,Ken Siu-Chong,1.0,5.0,
1920011,Marco Polo. La via della seta (Biografie) (Italian Edition),Tabilio Marco,0.0,4.0,2015.0
1715033,Reckless,Selena Montgomery,384.0,4.0,2008.0
1314656,World of Strange Phenomena,Charles Berlitz,331.0,5.0,1985.0
2255597,On Your Knees (Detectives of Hazel Hill #3),Liz Bradford,429.0,4.625,2019.0
1450140,"Baby Fever Bride (Baby Fever Love, #1)",Nicole Snow,,3.0,2017.0
2595346,Life Like,Brian Hershey,68.0,4.0,
2533302,Pericallosa: Eine deutsche Erinnerung | Die grandios erzählte Familien-Geschichte der SZ-Journalistin (German Edition),Evelyn Roll,433.0,4.0,
1727628,Ögonblick som skakade fotbollen,Jonas Eriksson,271.0,3.0,
1737933,"Bungo Stray Dogs, Vol. 7 (light novel): Dazai, Chuuya, Age Fifteen (Bungo Stray Dogs (light novel))",Kafka Asagiri,147.0,5.0,2018.0
617100,King of Hell Volume 01,In-Soo Ra,200.0,4.66666666666667,2004.0
1798941,در ستایش اتلاف وقت,Alan Lightman,110.0,3.0,
122216,"Key Lime Pie Murder (Hannah Swensen, #9)",Joanne Fluke,370.0,4.375,2007.0
93018,I Hope You Will Be Very Happy: Leadership Lessons From a Lifetime in Lacrosse,Dom Starsia,270.0,5.0,
2045796,"The Art of Digital Marketing: The Definitive Guide to Creating Strategic, Targeted, and Measurable Online Campaigns",Ian Dodson,400.0,4.0,
191532,นาโนมาชิน ภาค มารสวรรค์ข้ามเวลา เล่ม 2,Han Joong Wueol Ya,392.0,4.0,
93339,Terra Nostra (Latin American Literature),Carlos Fuentes,785.0,4.25,1975.0
797310,Incidents in the Life of a Slave Girl,Harriet Ann Jacobs,246.0,4.7,1861.0
806560,Shiokari Pass,Ayako Miura,288.0,4.33333333333333,1968.0
2570775,Mes premiers airs de jazz de Noël,Emilie Collet,12.0,5.0,
1352204,The Mystery of the Stone Tiger (Dana Girls Mystery Stories),Carolyn Keene,175.0,4.0,1963.0
252014,"Miss Mated (Raging Falls, #4)",Milly Taiden,255.0,4.66666666666667,2018.0
698905,Lazarillo de Tormes,Anonymous,143.0,2.83333333333333,2005.0
2077089,Asesinos Seriales,Néstor Durigon,413.0,4.0,2013.0
769927,A River Between Us,Jocelyn Green,302.0,4.71428571428571,2023.0
2588003,Trip to Tagaytay,Arnold Arre,,5.0,2000.0
1257919,"Сотворение света (Shades of Magic, #3)",Victoria E. Schwab,512.0,3.0,2017.0
1039164,Cem dias entre céu e mar (edicao de bolso),Amyr Klink,160.0,5.0,1985.0
1323939,"The Navigator (Tales of the Wendy, #2)",Erin Michelle Sky,350.0,4.83333333333333,2019.0
2015013,Tot et serà pres,Pau Joan Hernàndez,139.0,4.0,1986.0
1136948,Pakiet: Baśniobór. Smocza straż i Gniew Króla Smoków (#1-2),Brandon Mull,0.0,5.0,
1368325,"Tempting Fate (The MacGregors, #2)",Nora Roberts,288.0,4.55555555555556,1985.0
892657,Evie's Year of Taking Chances,Christie Barlow,361.0,4.5,
1285498,"Murder in Arles (Maggie Newberry Mysteries, #13)",Susan Kiernan-Lewis,298.0,4.5,2019.0
2200372,C'est officiel... je la déteste! (Marie-Lune #04),Sylvia Douyé,48.0,5.0,2011.0
957527,Artistic License (NY PI),Wayne Clark,245.0,5.0,
624531,Aşk ve Gurur,Jane Austen,400.0,4.57142857142857,1813.0
1021196,"Vantro (Grant County, #5)",Karin Slaughter,499.0,4.0,2005.0
2563594,"Significance (Significance, #1)",Shelly Crane,374.0,5.0,2011.0
2417198,Armablanca (Spanish Edition),José Agustín,219.0,5.0,
2266232,หัวแตงโม เล่ม1:เมื่อหัวข้าพเจ้ากลายเป็นแตงโม,องอาจ ชัยชาญชีพ,,2.0,2011.0
1282964,His Leading Lady,Paula  Martin,,4.0,2011.0
1662654,Hunger Moon (Loki's Wolves #2),Melissa Snark,378.0,5.0,2013.0
759853,A Glasgow Kiss,Sophie Gravia,292.0,3.75,2021.0
666810,"The Iron Daughter (The Iron Fey, #2)",Julie Kagawa,431.0,3.0,2010.0
30110,Cinta di Ujung Sajadah,Asma Nadia,348.0,4.0,2008.0
198841,"Body on the Bayou (Cajun Country Mystery, #2)",Ellen Byron,312.0,4.33333333333333,2016.0
1707145,White Lies,Jeremy Bates,337.0,2.66666666666667,2012.0
2506235,Das Einstein-Mädchen,Philip Sington,459.0,4.0,2009.0
8894,More Than Enough: How One Family Cultivated A More Abundant Life Through A Year Of Practical Minimalism,Miranda Anderson,221.0,3.8,
239412,45 Techniques Every Counselor Should Know (Merrill Counseling),Bradley T. Erford,336.0,4.33333333333333,
1538588,Mortalis (Corona: DemonWars),R.A. Salvatore,496.0,3.0,2000.0
818054,The Strange Case of Dr Jekyll and Mr Hyde (Collins Classics),Robert Louis Stevenson,128.0,3.0,1886.0
64265,The Open Road,Jean Giono,224.0,4.75,1951.0
163550,Leadership and Discipleship: A Study of Luke 22:24-30 (Society of Biblical Literature Dissertation Series),Peter K. Nelson,330.0,3.0,1994.0
1574874,Chocky,John Wyndham,160.0,5.0,1968.0
565979,Philip (The Brothers of Hastings Ranch #3),Katharine E. Hamilton,162.0,4.75,
2386108,برنامج بعد منتصف الليل الموسم الثالث - فقط...عند الدروز,شيرين هنائي,,3.0,
1340611,Tearing Me Apart,E.A. Buckingham-Young,,5.0,2024.0
1216542,"Building People: Sunday Emails from a CEO, Volume 2",Mun Leong Liew,200.0,4.0,2010.0
1343945,Цялото кралско войнство,Robert Penn Warren,551.0,4.0,1946.0
1221099,Iubire Periculoasă: Vol 5 Cursa Condamnaților,Georgiana Ștefănescu,1210.0,5.0,
1066368,Come and Get Me,Julie   Cannon,231.0,2.0,2007.0
1869987,A Grandmother Begins the Story,Michelle Porter,336.0,4.1875,2023.0
1131892,I Tamed My Ex-husband’s Mad Dog Volume 1,Jagyum,321.0,5.0,
208448,Driving by Starlight,Anat Deracine,288.0,5.0,2018.0
1417009,The Ascent of Money: A Financial History of the World By Niall Ferguson,Niall Ferguson,,4.0,2007.0
155378,Borreliose natürlich heilen,Wolf-Dieter Storl,0.0,3.0,2007.0
1567607,Érase 21 veces Caperucita Roja,Simon Sakurai,,5.0,
199522,kaddish.com,Nathan Englander,203.0,3.30769230769231,2019.0
1942695,"The New Father: A Dad's Guide to The Toddler Years, 12-36 Months",Armin A. Brott,336.0,4.5,1998.0
1272794,"Black Dog (Ben Cooper & Diane Fry, #1)",Stephen Booth,531.0,4.33333333333333,2000.0
1929654,Six Fantasy Stories Volume One,Robert T. Jeschonek,144.0,5.0,2010.0
2236283,Happiness: A History,Darrin M. McMahon,560.0,3.85714285714286,2005.0
1049969,We're Just Friends (Big Fat Lie #1),J.P. Comeau,188.0,2.0,
2345781,"Pakten : det sista löftet (Flora, #1)",Lydia Capolicchio,216.0,2.0,
102836,The Prophets,Robert Jones Jr.,388.0,4.58333333333333,2021.0
522202,Zero Fox to Give (Misfit Shifters #1),Rae Foxx,269.0,4.25,2020.0
611625,Most Beautiful,Jennifer S. Burrows,50.0,5.0,2012.0
769103,Zero Dark Bloodthirsty (Not Your Mama's Alien Romance #2),Alisha Sunderland,291.0,5.0,2023.0
1205440,The Krays: The Prison Years,David Meikle,360.0,3.75,
2513720,Espíritus afines,Brenda Novak,288.0,3.0,2005.0
489016,"Pitching Up in America!: A thoroughly entertaining read with a wonderful cast of charismatic characters in caravans. Captivating, and very, very funny. (Pitching Up! Book 4)",Deborah Aubrey,370.0,5.0,
2520645,Whiskey Words & a Shovel III,R.H. Sin,338.0,4.0,2017.0
1251106,"Fae of the Saintlands Collection: Books 1-3 (Fae of the Saintlands, #1-3)",Leigh Kelsey,718.0,5.0,2023.0
1857192,The Cost of Discipleship,Dietrich Bonhoeffer,9.0,5.0,1937.0
1499212,Mills & Boon Comics Best Selection Vol. 7,Chikako Kawakami,157.0,5.0,
2603055,The Good High School: Portraits of Character and Culture,Sara Lawrence Lightfoot,410.0,4.0,1985.0
2226041,Rough Men,Aric Davis,174.0,4.0,2013.0
2223647,"Toi + Moi : l'un contre l'autre, vol. 11",Emma Green,75.0,4.0,2014.0
132712,Honor Before Glory: The Epic World War II Story of the Japanese American GIs Who Rescued the Lost Battalion,Scott McGaugh,257.0,4.0,2016.0
611227,"It's Not You, It's Capitalism: Why It's Time to Break Up and How to Move On",Malaika Jabali,,5.0,2023.0
2189881,The Witch's Sorrow  (A Witch Between Worlds #9),Emma  Glass,382.0,3.5,2018.0
2276038,אהבת שאול,Eli Amir,341.0,4.0,1998.0
1303523,MacMillan Master Guides: Pride And Prejudice By Jane Austen,Raymond     Wilson,88.0,4.0,1985.0
1618740,Waarom we logen (Dutch Edition),Karin Slaughter,574.0,5.0,2024.0
1594520,Once a Cowboy (The Cowboys #3),Linda Warren,256.0,3.625,2007.0
2199846,Sleuth,Anthony Shaffer,93.0,4.36363636363636,1970.0
1736832,"The Wilding (In Conquest Born, #2)",C.S. Friedman,551.0,3.28571428571429,2004.0
1987825,Le Siècle juif.,Yuri Slezkine,,3.0,2004.0
655345,A ​gyalázatos herceg,Maddison Michaels,480.0,5.0,2018.0
68012,The Outlaw's Forbidden Love,Ellen Knightley,454.0,5.0,
2587269,The Twelve Dogs of Christmas (Andy Carpenter #15),David Rosenfelt,272.0,4.0,2016.0
1259987,"Trust: Knowing When to Give It, When to Withhold It, How to Earn It, and How to Fix It When It Gets Broken",Henry Cloud,304.0,4.2962962962963,2023.0
1104254,"Fallen in Love (Fallen, #3.5)",Lauren Kate,201.0,3.87915936952715,2012.0
2077789,The Elder Codex (The Harrison Peel Files Book 3),David Conyers,185.0,4.0,2014.0
2276713,Görünmeyen,Paul Auster,264.0,3.71428571428571,2009.0
830639,Perfectly Played,Holly Kerr,374.0,5.0,2019.0
1116324,"Mister Mottley and the Dying Fall (Mottley & Baker, #2)",Ellen Seltz,309.0,4.0,
927574,Remembering The Bone House,Nancy Mairs,288.0,5.0,1989.0
168105,"Once Upon a Broken Heart (Once Upon a Broken Heart, #1)",Stephanie Garber,408.0,4.06914087859771,2021.0
1824433,The Collected Works of E. M. Bounds,E.M. Bounds,0.0,5.0,1920.0
2374380,The Silent Patient,Alex Michaelides,342.0,4.0,2019.0
1859432,Lost in the Forest,Sue Miller,246.0,4.0,2005.0
740518,Mom Set Free: Find Relief from the Pressure to Get It All Right,Jeannie Cunnion,288.0,4.125,
2602339,"Sepulchre (Languedoc Trilogy, #2)",Kate Mosse,560.0,2.5,2007.0
2375956,El contrato social (Serie Great Ideas) (Spanish Edition),Jean-Jacques Rousseau,146.0,3.5,1762.0
2517767,The Bluestocking and the Rake (The Regency Gentlemen #2),Norma Darcy,362.0,5.0,2013.0
41344,Listening Woman by Tony Hillerman Summary & Study Guide,BookRags,0.0,4.0,2011.0
770060,A Devil Under the Skin: A Kiszka & Kershaw thriller (Kiszka and Kershaw Book 3),Anya Lipska,319.0,5.0,2015.0
570628,Behind the Frame: A Shepherd Sisters Mystery,Tracy  Gardner,,4.0,2019.0
2495206,Žena,Josef Kocourek,124.0,4.0,1968.0
2180639,Dinka Folktales: African Stories from the Sudan (English and Dinka Edition),Francis Mading Deng,,5.0,
2433724,Puck Shy (Carolina Comets),Teagan Hunter,342.0,4.0,2021.0
838453,Learn to Draw Animals! (Young Artist Series),Peter Pauper Press,48.0,5.0,
907023,"Moon Burning (Children of the Moon, #3)",Lucy Monroe,295.0,3.0,2011.0
1514199,Afspraak in Nieuwpoort,Ivan Petrus Adriaenssens,128.0,3.0,2011.0
1553605,Cause naturali,Michael           Palmer,420.0,3.0,1994.0
117928,Die Wiedertäufer: Eine Komödie In Zwei Teilen,Friedrich Dürrenmatt,144.0,2.0,1980.0
192508,"The Time Traveler's Christmas (Guardian of Scotland, #3)",Amy Jarecki,325.0,4.5,2016.0
1856667,Mr Right for the Night,Marisa Mackle,293.0,4.0,2002.0
1467794,Portrait of a Body,Julie Delporte,268.0,3.5,
1000084,My Dangerous Christmastime,Carolyn McCray,26.0,4.0,2012.0
1608512,Our Magic Hour,Jennifer Down,304.0,4.42857142857143,2016.0
1335022,The Gingerbread Bear,Robert Dennis,32.0,3.5,2013.0
2546181,"Nothing but Sex (Cougar Challenge, #10)",Fran Lee,0.0,4.0,2010.0
572058,Warndu Mai (Good Food): Introducing native Australian ingredients to your kitchen,Rebecca Sullivan,256.0,5.0,
2396143,"The Star-Touched Queen (The Star-Touched Queen, #1)",Roshani Chokshi,352.0,3.5,2016.0
2397228,Mc Alister's Siege (Mcalister Line),Richard Marman,362.0,5.0,2014.0
1382696,Hippie: Eine inspirierende Reise nach Kathmandu,Paulo Coelho,0.0,4.66666666666667,2018.0
2129673,"All That You've Seen Here Is God: New Versions of Four Greek Tragedies Sophocles' Ajax, Philoctetes, Women of Trachis; Aeschylus' Prometheus Bound",Sophocles,474.0,4.5,2015.0
1286472,"Anne Rice's, Lives of Mayfair Witches, 3 Books: Lasher / Taltos / The Witching Hour",Anne Rice,0.0,5.0,1999.0
725515,Murder is Easy (Superintendent Battle #4),Agatha Christie,320.0,4.5,1939.0
673894,"Stargirl (Stargirl, #1)",Jerry Spinelli,186.0,3.78136378682555,2000.0
2221783,"Slaughter at Buffalo Creek (The Pony Soldiers, #1)",Chet Cunningham,180.0,4.5,2014.0
665005,Forever Mine (Miranda's Rights #3),Linsey Lanier,213.0,4.21739130434783,2012.0
1575491,Foch: Supreme Allied Commander in the Great War (Military Profiles (Paperback)),Michael S. Neiberg,128.0,3.5,2003.0
298545,To The Stars,Harry Harrison,471.0,4.0,1981.0
1189930,The Economic Consequences Of The Peace: By John Maynard Keynes - Illustrated,John Maynard Keynes,158.0,4.0,1919.0
541047,The 24 Laws of Storytelling: A Practical Handbook for Great Storytellers,Jonathan Baldie,338.0,5.0,
972344,Staying Power: The History of Black People in Britain,Peter Fryer,656.0,4.5,1984.0
101849,Sounding Out: Pauline Oliveros and Lesbian Musicality,Martha Mockus,224.0,5.0,2005.0
1380514,One Bleak Midwinter Night: Terror and Tragedy of the Holiday Season,Troy Taylor,371.0,5.0,
1244679,A Child's Book of Signed Prayers (LET'S SIGN BSL),Cath Smith,0.0,4.0,2013.0
1014006,The Husband,Dean Koontz,517.0,5.0,2006.0
1453912,Gudetama: The Official Cookbook: Recipes for Living a Lazy Life,Sanrio,112.0,5.0,
1293836,Pourquoi Tokyo ?,Agathe Parmentier,288.0,4.0,
2009840,El cisne falso y el espejo roto: Un apasionante thriller romántico (Spanish Edition),Sergio Perez,180.0,4.0,
971627,Minecraft: Ultimate Book of Battle: Spectacular All-in-One Minecraft Combat Guide. Intelligent Suggestions and Awesome Strategies to Win Every PvP and Mob Fight. A Treasure For All Minecraft Fans!,Minecraft Books,73.0,3.5,2014.0
2411702,Sauna Mortis (Professor George Wellbelove Investigates),Raymond Knight Read,244.0,5.0,
1471986,O Silêncio das Águas,Brittainy C. Cherry,336.0,4.37931034482759,2016.0
1868455,"Todos, todo. Manual de periodismo, participación y tecnología (Manuales) (Spanish Edition)",Jose Manuel Noguera Vivo,99.0,3.0,
375670,Bucoliche,Publio Virgilio Marone,165.0,3.6,-39.0
2221614,Schottenstein Daf Yomi Ed Talmud English [#14] - Yoma Vol 2 (47a-88a) (Hebrew Edition),Mesorah Publications Ltd.,656.0,4.0,
1739806,"Edible Houseplants: Grow Your Own Citrus, Coffee, Vanilla, and 43 Other Tasty Tropical Plants",Laurelynn G. Martin,149.0,5.0,
408199,Dick Francis: a racing life,Graham Lord,,3.5,1999.0
1996733,Morella,Edgar Allan Poe,38.0,4.0,1835.0
2326396,"Magic: The Gathering, Vol. 1",Matt Forbeck,121.0,3.5,2012.0
1378730,"Pulled Within (Bar Harbor, #2)",Marni Mann,230.0,4.5,2014.0
2571502,The Deceit of Lucifer,Ernest Angley,277.0,4.0,2013.0
1226321,Throw It Down: Leaving Behind Behaviors and Dependencies That Hold You Back,Jud Wilhite,144.0,4.0,2010.0
2605526,Descent into Dust (Emma Andrews #1),Jacqueline Lepore,359.0,3.0,2010.0
439042,"The Ghost Machine (Firefly, #3)",James Lovegrove,336.0,3.65217391304348,2020.0
1570340,"Entre deux feux (Noirs démons, #4)",Suzanne Wright,419.0,4.33333333333333,2018.0
1607937,Mid-Thirties Slightly Hot Mess Female Seeking Billionaire,J.S. Cooper,422.0,3.5,
2420410,"himmelhochjauchzend gedankenvertieft: Gedichte und Texte: Bewegende Lyrik für alle, die mehr vom Leben wollen (German Edition)",Sarah Marie,258.0,4.6,
1704193,A Cowboy for All Seasons,Maisey Yates,446.0,4.5,2020.0
2423653,Manifestet 1848-1998,Karl Marx,270.0,3.0,1998.0
957745,"Chimaera (The Well of Echoes, #4)",Ian  Irvine,835.0,4.37037037037037,2004.0
462387,"Kellari  (Luutnantti Wennehielm, #1)",Jyrki Heino,288.0,4.0,2012.0
940781,De verwachting voorbij (Dutch Edition),Mirjam Meek,194.0,4.25,
927862,The Promise by Nicola Davies (5-Sep-2013) Hardcover,Nicola Davies,0.0,4.0,2013.0
1914729,"Blood of Eden (Sloane Skye, #1)",Tami Dane,344.0,3.33333333333333,2011.0
2207701,"Simpsons Comics, #8",Matt Groening,32.0,5.0,
2188171,Krampus and the Kolaches (Christmas Cookies),J.D. Douwes,76.0,5.0,2021.0
2436540,Phoenix in Flames (Phoenix Force #14),Gar Wilson,185.0,3.0,1984.0
84065,La part du fils,Jean-Luc Coatalem,272.0,3.33333333333333,2019.0
1417843,That's Mental: Painfully Funny Things That Drive Me Crazy About Being Mentally Ill,Amanda Rosenberg,212.0,4.14285714285714,2019.0
1147723,Lodger #1,David Lapham,33.0,3.0,
2305158,"Fushigi Yûgi Edición integral #8 (Fushigi Yuugi Kanzenban, #8)",Yuu Watase,416.0,4.0,
1887259,Whose Body? (Lord Peter Wimsey #1),Dorothy L. Sayers,202.0,3.5,1923.0
1360390,Chateau of Echoes,Siri L. Mitchell,429.0,4.33333333333333,2005.0
1483016,"Offspring (Dead River, #2)",Jack Ketchum,243.0,4.02272727272727,1991.0
1939241,"THE NEW COMMUNISM: The science, the strategy, the leadership for an actual revolution, and a radically new society on the road to real emancipation",Bob Avakian,440.0,1.0,
1923314,"Kitty och Dödsängeln (Kitty, #165)",Carolyn Keene,,3.0,2002.0
1919034,He Is My Heaven: The Life of Elizabeth of the Trinity,Jennifer Moorcroft,188.0,4.0,2001.0
625715,Virgin Seeks Bad Boy (Bliss River #3),Lili Valente,217.0,4.66666666666667,
1521201,শ্রাবণের দিন,Aminul  Islam,216.0,5.0,
1860642,Los niños de Irena,Tilar J. Mazzeo,352.0,5.0,2016.0
704182,"The Three-Body Problem (Remembrance of Earth’s Past, #1)",Liu Cixin,416.0,4.0546875,2006.0
2067103,Embla - Kampen for fremtiden,Arild Midthun,61.0,1.0,
2039371,The Abyss: Book Two in The Darkness Trilogy,Rebecca Hamby,350.0,4.57142857142857,2023.0
1635533,The King and Queen of New York 2,Nako,196.0,4.0,
2579449,১৯৭১,Tarashankar Bandyopadhyay,163.0,4.0,2015.0
2336793,O Assalto (Gabriel Allon #14),Daniel Silva,456.0,4.0,2014.0
79825,Sex and Character: An Investigation of Fundamental Principles,Otto Weininger,496.0,3.8,1903.0
1688024,"茫點 (衛斯理系列, #50)",倪匡,,4.0,
2352870,Someday I'll Find You: a novel,C.C. Humphreys,408.0,4.5,
268123,Chinamerica.: Survivors of a post-apocalyptic world. (The American Odyssey Series Book 2),Alice Longo,240.0,4.65217391304348,
1927827,"The Catholic Guide Through Anxiety: Sacred Heart Mental Wellness, with Foreword by Fr. John Paul Mary Zeller, MFVA (Catholic Mental Wellness)",Catherine DiNuzzo,145.0,4.0,
507530,Deklon (Trilogía Fawerghone #1),Laura Moreno Romero,319.0,5.0,
85090,"Stone (Iron Rogues MC, #9)",Fiona Davenport,98.0,4.66666666666667,
251858,"What Maya Saw: A Tale of Shadows, Secrets, Clues",Shabnam Minwalla,360.0,4.0,2017.0
255879,Igavesed andmed,Edward Snowden,344.0,4.0,2019.0
1097774,Tiny Hearts (A Shrunken Woman Quartet Book 5),Tina Tempest,56.0,5.0,
1276533,Un drama nuevo,Manuel Tamayo y Baus,152.0,4.0,1867.0
2453064,"The Prince of Mist (Mist, #1)",Carlos Ruiz Zafón,202.0,3.83333333333333,1993.0
509133,රසවතී,Sybil Wettasinghe,90.0,4.5,2004.0
748771,Crossing the Line,Maggie Cole,302.0,4.7,2022.0
1325308,Alliance of Equals (Liaden Universe #19),Sharon Lee,431.0,5.0,2016.0
1872811,Enola Gay,Gordon Thomas,327.0,4.0,1977.0
1772167,Tout n'est pas perdu (French Edition),Wendy   Walker,352.0,4.0,2016.0
1225657,The SongCycle: How to Simplify Worship Planning and Re-engage Your Church,Jon Nicol,192.0,4.0,2013.0
2407030,"Divergent (Divergent, #1)",Veronica Roth,544.0,4.75,2011.0
869643,The Carmel Sheehan Story #1-3,Jean Grainger,622.0,4.5,
1410490,"Last Chance: Der Anfang vom Ende (Chance, #3)",Emma    Smith,200.0,5.0,
355700,Anatol studiert das Leben,Susanne Falk,370.0,5.0,
1473850,Healing Your Chronic Illness Grief: 100 Practical Ideas for Living Your Best Life (The 100 Ideas Series),Alan D. W,128.0,4.0,
2553389,"Nekromantikerns flykt (Svärdens väktare, #5)",Nick Perumov,221.0,5.0,2000.0
1235885,Lost City of the Incas (Phoenix Press),Hiram Bingham,286.0,5.0,1948.0
2409240,Babam Sultan Abdülhamid,Ayşe Osmanoğlu,320.0,4.0,2007.0
73647,Chronicles of Ancient Darkness Complete Boxed Set (Chronicles of Ancient Darkness  #1 - #6),Michelle Paver,240.0,4.8,2004.0
2573682,Projektas „Rožė“,Graeme Simsion,256.0,4.0,2013.0
272921,Der sanfte Hauch der Finsternis (Cat & Bones #4),Jeaniene Frost,401.0,4.0,2009.0
1418781,De scheepsjongen,John Boyne,463.0,3.875,2008.0
368122,"Dragon Ball Super, Vol. 9: Battle's End And Aftermath",Akira Toriyama,192.0,4.0,2019.0
649688,"그녀가 공작저로 가야 했던 사정 6 (Why Raeliana Ended Up at the Duke's Mansion, Vol. 6)",Whale,288.0,4.375,
825346,Blood on the Tracks 16,Shuzo Oshimi,0.0,4.0,2023.0
2347085,Who Touches the Mountains (The God Who #1),Deborah Raney,284.0,4.5,
2109615,Las palmeras salvajes,William Faulkner,272.0,4.33333333333333,1939.0
222011,Vicious Secrets (Arranged Devotion #1),Kit Shepard,215.0,4.0,
1210122,Lands of Snow and Sunset (A World of Sun and Shadow #1),Rachel  Avery,262.0,3.75,
1501704,"Romancing Daphne (The Lancaster Family, #3)",Sarah M. Eden,328.0,4.15686274509804,2017.0
1435813,Meine schöne Schwester. Der Weg in die Magersucht,Brigitte Blobel,224.0,3.5,1992.0
308434,Presidents Daughter Action Thriller Fiction Novel,Christy Michael,,4.66666666666667,
1857207,عبدالرحمن الكواكبي حياته - تراثه الفكري و كتابه طبائع الاستبداد و مصارع الاستعباد,Abd al-Rahman al-Kawakibi,261.0,4.0,2012.0
1612438,What Meets the Eye,Alex Kenna,0.0,4.0,2022.0
1809104,Fighting for Ella (Special Forces: Operation Alpha; Prey Security: Athena Team #4),Jane Blythe,278.0,4.81818181818182,
1362430,The Italian Americans: A History,Maria Laurino,321.0,5.0,2014.0
999218,Plant Technology of First Peoples in British Columbia (Royal British Columbia Museum Handbook),Nancy J. Turner,256.0,5.0,1996.0
1143857,"China’s Grand Strategy: Trends, Trajectories, and Long-Term Competition",Andrew Scobell,154.0,4.0,
289335,La philosophie de l'autruche,Juliette Sachs,287.0,5.0,
381807,Bir Kez Daha,Aslı Erdoğan,175.0,4.25,2009.0
1796523,O manifesto comunista. 150 anos depois,Karl Marx,,3.0,1848.0
149756,Nasi okupanci,Tadeusz Boy-Żeleński,122.0,3.5,1932.0
493338,"The Death of Christian Britain: Understanding Secularisation, 1800-2000 (Christianity and Society in the Modern World)",Callum G. Brown,320.0,2.0,2001.0
701038,The Accordionist (Three Evangelists #3),Fred Vargas,288.0,4.0,1997.0
596373,Puente de Hierro,Miguel Mena,238.0,5.0,
939824,Knight on a White Horse: How Christian Sexual Morality is the Champion of Free and Equal Womanhood (Equality Matters* Book 2),Kathryn Stegall,43.0,5.0,
2315343,"Dream of Freedom (American Dreams, #1)",Michael R. Phillips,472.0,4.5,2005.0
1876195,Exerciţii de echilibru,Tudor Chirilă,392.0,3.94117647058824,2012.0
2503903,The Haunting of the Englewood Estate: A Riveting Haunted House Ghost Thriller (A Riveting Haunted House Mystery Series Book 102),Marie Wilkens,236.0,3.5,
187584,"Prime Time: Love, Health, Sex, Fitness, Friendship, Spirit: Making the Most of All of Your Life",Jane Fonda,448.0,3.61538461538462,2011.0
33617,Fijasko,Stanisław Lem,296.0,4.33333333333333,1986.0
26622,The Oxford History of the French Revolution,William Doyle,512.0,4.0,1989.0
1991396,Ba(n)d Romance,Sarah Billington,,4.0,2012.0
1590926,The Lives of Danielle Steel: The Unauthorized Biography of America's #1 Best-Selling Author,Vickie L. Bane,432.0,4.25,1994.0
1794419,"The Honest Enneagram: Know Your Type, Own Your Challenges, Embrace Your Growth",Sarajane Case,242.0,4.5,2020.0
1633697,"Uncovering GigaByte (Alias Protection, #4; Special Forces: Operation Alpha)",Annie  Miller,263.0,5.0,
1889416,Melé en las gradas. Reflexiones para la recuperación del deporte obrero,Alberto Luque,96.0,3.0,
358029,Зог,Julia Donaldson,36.0,5.0,
599125,Shipwrecked: Reflections of the Sole Survivor,Dennis Hale,295.0,4.0,2010.0
329834,Difendere la Terra di Mezzo. Scritti su J.R.R. Tolkien,Wu Ming 4,288.0,4.66666666666667,2013.0
266016,Under the Bus,Kyle Keyes,222.0,4.42857142857143,
1876872,Bill Brand by Trevor Griffiths (2009-11-29),Trevor Griffiths,0.0,5.0,
2481470,While I'm Falling,Laura Moriarty,305.0,3.4,2009.0
62771,Curfew,Jayne Cowie,400.0,3.75,2022.0
1227582,Mathematics for Computer Technology,Robert McCullough,480.0,3.0,2006.0
1461255,"The Eleven Day Empire (Faction Paradox Protocols, BBV #1)",Lawrence Miles,,5.0,2001.0
1005947,The Sky People: A Novella,Terry Goodkind,126.0,5.0,2019.0
1095485,Nimona,N.D. Stevenson,272.0,5.0,2015.0
2395535,"My Roommate's a Jock? Well, Crap! (Jock #1)",Wade Kelly,262.0,3.95652173913043,2012.0
1361417,Die Braut Der Bratwa (Sündhaft Gebieter),Jane   Henry,321.0,3.0,2019.0
44024,Solaris (Portuguese Edition),Stanisław Lem,287.0,3.5,1961.0
1827017,Dead Man Wins Election: Bizarre but True Politics from Around the World,Phil Mason,272.0,3.0,2011.0
515037,Healing the Sick in Five Minutes: How Anyone Can Heal Any Sickness,Francis Jonah,25.0,4.66666666666667,
1619646,J+K,John Pham,144.0,4.5,2017.0
2434206,"The Matchmaker (Playing Dirty, #2)",Pamela DuMond,171.0,2.0,2018.0
2130871,Under the Long White Cloud: An Adam Park Thriller,A.D. Davies,346.0,5.0,
338594,Finley Feels,Joan Waites,24.0,5.0,
320536,Enchanted River (Fairy Unicorns #4),Zanna Davidson,112.0,4.0,2017.0
993628,إمرأة عبد المتجلي,نجيب الكيلاني,,4.0,
1213315,"Adrian (A Vampire's Thirst, #4)",Monica La Porta,262.0,3.0,2017.0
1424180,Son of the Alpha (The Alpha King's Breeder #9),Bella Moondragon,425.0,5.0,
1343843,Murder Bay,David R. Horwitz,285.0,5.0,2008.0
1721315,أفول الأصنام,Friedrich Nietzsche,109.0,3.0,1889.0
626628,Samobójstwo jako doświadczenie wyobraźni,Stefan Chwin,558.0,4.5,2010.0
889879,Left Horse Black,S.J. Reisner,,4.5,2005.0
565024,"Վանականը, որը վաճառեց իր ""Ֆերարին""",Ռոբին Շարմա,224.0,2.5,
408393,When Days Are Long: Nurse in the North,Amy V. Wilson,166.0,5.0,
1570520,El movimiento en la crisálida,Catalina Navas,189.0,5.0,
49018,Physics for Scientists and Engineers,Raymond A. Serway,1408.0,4.42857142857143,1982.0
2213843,The Haunted Vagina,Carlton Mellick III,100.0,2.81818181818182,2006.0
1201030,Sixth Form at St. Clare's,Pamela Cox,160.0,5.0,
418158,"Die Kunst, Recht zu behalten",Arthur Schopenhauer,,2.5,1831.0
1600866,L'amicizia,Marcus Tullius Cicero,128.0,4.5,-45.0
1852455,"Re-Member Yourself: A healing journey through your ""Innerverse""",Christopher Felton,208.0,5.0,2008.0
1342408,Fate's Final Season (Witches of the Mystical Stones),Leigh Ann Edwards,432.0,5.0,
522733,Master Bits & Mercenary Bites: Girls Night,Lexi Blake,188.0,5.0,2017.0
2095501,Briar Heart,Mercedes Lackey,358.0,3.66666666666667,2021.0
1341924,Bitter Kisses,LifeGoesOn31,,4.0,2012.0
2105061,Steampunk Red Riding Hood: Books 1 -3 (Steampunk Red Riding Hood Box Set),Melanie Karsak,380.0,3.66666666666667,2019.0
259625,Love Letters (Rose Harbor #3),Debbie Macomber,322.0,4.37837837837838,2014.0
1886965,Elon Musk,Walter Isaacson,0.0,4.5,2023.0
264350,The Coast Road,Alan Murrin,320.0,4.23529411764706,2024.0
2182230,The Story of My Life,Helen Keller,0.0,3.33333333333333,1902.0
1078340,If You Find a Rock,Peggy Christian,32.0,3.0,2000.0
922110,Blue Pills,Armand Vespertine,130.0,4.0,2014.0
1408299,How NOT to Summon a Demon Lord: Volume 7 (How NOT to Summon a Demon Lord (Light Novel)),Yukia Murasaki,241.0,3.0,2017.0
1825849,Tusitala de óbitos,Lola Ancira,100.0,5.0,2013.0
916260,The Mysterious Bookshop Presents the Best Mystery Stories of the Year 2021 (Best Mystery Stories),Lee Child,451.0,4.04545454545455,2021.0
998639,Mission périlleuse en Erianigami,Alexandra Larochelle,104.0,3.0,2004.0
1038217,El silencio de la ciudad blanca,Eva García Sáenz de Urturi,,4.0,2016.0
2554742,LGBT: San Francisco: The Daniel Nicoletta Photographs,Dan Nicoletta,304.0,5.0,
977615,"Saiyuki Reload, Volume 9",Minekura Kazuya,186.0,5.0,2008.0
118493,They Tell Me of a Home,Daniel     Black,352.0,4.5,2005.0
1510734,"Die Weisheit der Wölfe: Wie sie denken, planen, füreinander sorgen. Erstaunliches über das Tier, das dem Menschen am ähnlichsten ist (German Edition)",Elli H. Radinger,289.0,4.66666666666667,2017.0
322912,The Virgin Mary by Father Raymond De Thomas De Saint Laurent,Father Raymond De Thomas De Saint Laurent,0.0,3.0,
1097182,"Dark Angel (London Ruthless, #1)",Sadie Kincaid,360.0,3.92105263157895,2021.0
1322186,Удивительная жизнь Эрнесто Че,Jean-Michel Guenassia,423.0,5.0,2012.0
842241,The Energy Healing Experiments: Science Reveals Our Natural Power to Heal,Gary E. Schwartz,272.0,4.5,2007.0
2030286,Home Gardener's Problem Solver,Ortho Books,624.0,3.0,2004.0
385837,"Mente zen, mente di principiante. Conversazioni sulla meditazione e la pratica zen",Shunryu Suzuki,116.0,3.66666666666667,1970.0
1254155,"Lioness Rampant (Song of the Lioness, #4)",Tamora Pierce,362.0,5.0,1988.0
338732,Dear You: Demi Apa? Demikian Aku Mencintaimu,Moammar Emka,392.0,4.0,2011.0
185666,Cast in Ruin (The Chronicles of Elantra #7),Michelle Sagara,460.0,4.5,2011.0
1697588,Goodbye to All That,Robert Graves,258.0,2.0,1929.0
2280178,A Stranger in the Family: A Novel of Suspense,Robert Barnard,258.0,4.0,2010.0
545305,Introduktion till sociolingvistik,Catrin Norrby,389.0,3.0,2010.0
1137908,Group Theory in a Nutshell for Physicists,A. Zee,608.0,5.0,2016.0
993748,Whale Aria,Rajiv Mohabir,121.0,5.0,
1528203,"Hof van doorns en rozen (A Court of Thorns and Roses, #1)",Sarah J. Maas,424.0,4.16666666666667,2015.0
407061,La mujer nueva,Carmen Laforet,320.0,4.0,2004.0
2056278,"The Chinese in Vancouver, 1945-80: The Pursuit of Identity and Power (Contemporary Chinese Studies)",Wing Chung Ng,256.0,4.0,1999.0
1633554,Legend of Zelda: Phantom Hourglass - Prima Official Game Guide,Stephen Stratton,336.0,5.0,2007.0
1624353,"Chair Yoga For Seniors: Vitality at 60+, Gentle Exercises, 10-Minute Horse-Riding Pose, And a 28-Day Plan for Improved Posture, Heart Health, Mobility, And Weight Loss",Bina H.,215.0,5.0,
1722099,Ay'da 172 Saat,Johan Harstad,312.0,2.5,2008.0
751393,A Heart Full of Flowers,Aurora Hanson,378.0,5.0,
479394,"Complicated Fun: The Birth of Minneapolis Punk and Indie Rock, 1974-1984 --- An Oral History",Cyn Collins,392.0,4.0,
595044,"Aromatherapy Solutions: Essential Oils to Lift the Mind, Body and Spirit",Veronica Sibley,128.0,3.0,2003.0
1685864,We Are Friends: In the Forest: Friends Can Be Found Everywhere We Look,D.K. Publishing,16.0,4.0,
1404705,"Shadows at Stonewylde (Stonewylde, #4)",Kit Berry,432.0,4.25,2011.0
1990528,"鬼物語 [Onimonogatari] (Bakemonogatari, #8)",NisiOisiN,292.0,4.125,2011.0
2436095,Sadistic King (Savage Saints #2),Aria Cole,104.0,4.0,
1102311,The Hungry Tide,Amitav Ghosh,402.0,3.8,2004.0
910168,Terapia del bosque: Felicidad para las cuatro estaciones a través del contacto con la naturaleza (Entorno y bienestar) (Spanish Edition),Sarah Ivens,269.0,3.5,
1440147,De drie duifkes,Hilde Van Mieghem,403.0,4.32352941176471,
165517,The Parenthood Decision: Discovering Whether You Are Ready and Willing to Become a Parent,Beverly Engel M.F.C.C.,257.0,4.0,1998.0
90886,Incidental Contact (Incidental Contact #1),Jaxon Grant,418.0,5.0,2014.0
329979,聖闘士星矢 THE LOST CANVAS 冥王神話 22 (Saint Seiya - The lost Canvas #22),Masami Kurumada,184.0,3.0,2010.0
1294996,Η Πάπισσα Ιωάννα,Emmanuel Rhoides,416.0,4.0,1866.0
2229269,Thin for Life: 10 Keys to Success from People Who Have Lost Weight and Kept It Off,Anne M. Fletcher,532.0,5.0,1994.0
1913779,"Wayward Galaxy 2 (Wayward Galaxy, #2)",Jason Anspach,348.0,4.47368421052632,2021.0
1141390,"A Month of Sundays: Thirty-One Days of Wrestling with Matthew, Mark, Luke, and John",Eugene H. Peterson,208.0,5.0,
337761,A Bloody Beginning: An American Sea Adventure (The Patriot Sailor Book 1),Cal Clement,300.0,4.44444444444444,
361468,Terra Cruz,Leonardo Brum,311.0,1.0,2012.0
1141719,Clover,Nicole Kilpatrick,285.0,3.0,
384491,Boca do Inferno,Ana Miranda,308.0,4.0,1989.0
800163,Dealing with the Devil: M/M Mafia Romance,Brendol James,119.0,3.14285714285714,
1228115,"По залез (The Darkest Minds, #3)",Alexandra Bracken,576.0,4.0,2014.0
1803533,A History of Byzantium (Blackwell History of the Ancient World),Timothy E. Gregory,400.0,5.0,2005.0
1110888,"Empress of the Seven Hills (The Empress of Rome, #3)",Kate Quinn,510.0,4.66666666666667,2012.0
178576,Il diavolo sulle colline,Cesare Pavese,158.0,4.0,1949.0
1400981,La Guerre de vingt ans - Djihadisme et contre-terrorisme au XXIe siècle,Marc Hecker,443.0,3.0,2022.0
251353,A Cowgirl's Heart (Barrels and Hearts #2),Edith Mackenzie,132.0,5.0,
1009828,Super Pizza & Kid Kale,Phaea Crede,40.0,5.0,2022.0
1425739,Sobre el periodismo,Joseph Pulitzer,142.0,3.0,
2099219,"A Gun of Many Parts (Stella Bruno Investigates, #2)",Peter Mulraney,86.0,5.0,
465822,"Traitors Gate (Charlotte & Thomas Pitt, #15)",Anne Perry,411.0,4.5,1995.0
2387084,Tocar un instrumento.: Fundamentos del aprendizaje instrumental (Spanish Edition),José Antonio Coso Martínez,188.0,5.0,
1853534,Obsessed With Her Curves: An Alpha Male Curvy Woman Plus Size Romance (Alpha Bosses Love Curves Book 2),C.C. Sapphire,69.0,3.66666666666667,
123780,"The Secret Heiress (Protection Specialists, #2)",Terri Reed,219.0,5.0,2012.0
1591298,Mujercitas,Louisa May Alcott,352.0,4.5,1869.0
1584623,"王の獣 10 [Ou no Kemono 10] (The King's Beast, #10)",Rei Tōma,168.0,4.33333333333333,2022.0
2298122,Ipung 2,Prie GS,130.0,4.5,2008.0
558597,The Girl in the Leaves,Robert    Scott,306.0,3.66666666666667,2012.0
872635,A sangre fría,Truman Capote,480.0,4.0,1959.0
856208,"Umrzeć po raz drugi  (Rizzoli & Isles, #11)",Tess Gerritsen,416.0,4.11111111111111,2014.0
686814,"The Power of Story: On Truth, the Trickster, and New Fictions for a New Era",Harold R. Johnson,129.0,4.5,
746285,"Die helle Flamme der Magie (Black Blade, #3)",Jennifer Estep,336.0,4.8,2016.0
509113,スマイリー 3 [Smiley 3],Mitei Hattori,208.0,4.0,2022.0
2184083,The Green Monster in Left Field (Tales from the Sandlot #2),Dan Gutman,96.0,4.0,1997.0
1981900,Levend aas,Katrien van Effelterre,288.0,5.0,
1755794,Příběh mateřídoušky,Miriam Blahová,272.0,5.0,2024.0
848111,Anima: A Wild Pastoral,Kapka Kassabova,400.0,3.0,
379047,Коротка історія релігії,Richard Holloway,256.0,5.0,2016.0
2103129,"Amber Nine (Boysie Oakes, #3)",John  Gardner,0.0,4.0,1966.0
395918,Ein heißer Valentinstag (Calendar Girl),Audrey Carlan,93.0,3.0,
1262839,The Message of Ezekiel: A New Heart And A New Spirit (The Bible Speaks Today),Christopher J.H. Wright,368.0,4.0,2001.0
2076324,Emancipated From Mental Slavery: Selected Sayings of Marcus Garvey,Marcus Garvey,71.0,3.0,2013.0
2028356,Spring Fever: Shifters in Love,Lia Davis,393.0,4.83333333333333,2015.0
67296,Jak przeżyć w starożytnym Egipcie,Charlotte Booth,232.0,3.5,2020.0
936123,The Narrows,Ronald Malfi,304.0,3.0,2012.0
370742,World Heritage Sites of Australia,Peter Valentine,320.0,4.0,
1717622,"Black Hammer, Vol. 3: Age of Doom, Part I",Jeff Lemire,136.0,4.3125,2019.0
2092714,"Wayne Dyer: Wayne Dyer, Greatest Quotes",Sarah Roosevelt,42.0,5.0,2015.0
1472386,"The Biggest Bluff: How I Learned to Pay Attention, Master Myself, and Win",Maria Konnikova,11.0,3.0,2020.0
906334,Cosmic Mystique,Henry A. Garon,240.0,4.0,2006.0
2398988,Hungary 1848: The Winter Campaign,Johann Nobili,440.0,5.0,
1993448,Metafísica de las costumbres,Enrique Ángel Gonzáles Cuevas,110.0,3.0,
261976,อาหารเช้าคอยบอกเราว่า “วันนี้เริ่มขึ้นแล้วนะ”,Lee Da Hye,172.0,3.0,
893020,My Name Is Vittoria,Dafna Vitale Ben Bassat,188.0,4.0,2016.0
1932870,"Legenden: Lord John, der magische Pakt und andere Abenteuer",Robert Silverberg,540.0,3.0,1998.0
2458700,The Bailey Boys: The complete London gangland romance trilogy,P.J.  Adams,530.0,5.0,
1490811,Giorno dei morti,Agatha Christie,202.0,4.0,1945.0
424859,"Mijn hond, mijn redding",Julie Barton,232.0,5.0,2015.0
972759,شکار هیولا,محمد سرشار,,4.0,
2087266,مذكرات مراهقة,ندى الشحات - Nada El-Shahat,726.0,3.0,2018.0
736965,A Rip Through Time (A Rip Through Time #1),Kelley Armstrong,352.0,3.90243902439024,2022.0
522013,"Coleman Springs, USA: Stories from a Small Town With a Generous Scoop of Good Will",Glenn Dromgoole,144.0,5.0,
2386927,Lazy Girl's Housekeeping Guide,Claire Aleen,142.0,3.0,2013.0
1849996,Dinero: domina el juego (Edición Colombiana ): Cómo alcanzar la libertad financiera en 7 pasos (Empresa) (Spanish Edition),Tony Robbins,877.0,5.0,2014.0
2101972,Le parole del fascismo: Come la dittatura ha cambiato l'italiano,Valeria Della Valle,174.0,2.0,2023.0
2491795,"The Guest House (Silicon Valley, #2)",Bonnie Traymore,334.0,4.0,
318927,Dead Engines: Horror Stories of the Railway,Derek Heath,185.0,4.0,
2344624,Втрачені квіти Еліс Гарт,Holly Ringland,400.0,4.0,2018.0
2320561,Knight Terrors: Wonder Woman (2023) #1,Josie  Campbell,27.0,4.0,
919392,Merissa (Call Girls #1),Emma Jaye,239.0,4.0,2014.0
1459353,"Furyborn 2. El laberinto del fuego eterno (Empirium, #1B)",Claire Legrand,256.0,3.43478260869565,
859570,And Never Let Her Go (Town of Destiny Book 1),Nancy Glynn,248.0,4.5,2016.0
1420980,"Incident at Devils Den, a true story by Terry Lovelace, Esq.: Compelling Proof of Alien Existence, Alleged USAF Involvement and an Alien Implant Discovered Accidentally on X-Ray",Terry Lovelace,248.0,4.27272727272727,2018.0
458355,"Beauty is the Beast, Vol. 2",Tomo Matsumoto,192.0,5.0,
791583,"Black Women, Black Love: America's War on African American Marriage",Dianne M. Stewart,336.0,5.0,2020.0
899622,The Silhouette Girl,V.C. Andrews,432.0,3.5,2019.0
406325,Remember Me,Sharon Sala,384.0,3.85714285714286,1999.0
1417948,All the Lies They Did Not Tell,Pablo Trincia,236.0,3.92241379310345,2019.0
148128,Reaper (Alex King #5),A.P. Bateman,294.0,4.08333333333333,
447516,Bu Ülke,Cemil Meriç,339.0,4.30769230769231,1974.0
2217405,The Pleasure Contract,Harper West,155.0,4.0,2019.0
2590873,Todo lo que no ocurre,Olivia Teroba,151.0,3.0,
1743859,我的前半生,Pu Yi,412.0,3.0,1964.0
1097763,Perhaps You: Hanya Cinta yang Bisa,Stephanie Zen,442.0,3.45454545454545,2011.0
2545122,Unscathed: Escape From Sierra Leone,philip-ashby,266.0,4.0,2002.0
1082412,"Ashes (Ashes Trilogy, #1)",Ilsa J. Bick,352.0,5.0,2011.0
1427557,Кастелау,Charles Lewinsky,424.0,4.33333333333333,2014.0
1926889,"The Rose Cord (The Ballad of Sir Benfro, #2)",James Oswald,472.0,4.0,2012.0
1222435,Back Bay (Peter Fallon #1),William Martin,472.0,3.4,1979.0
2253929,Tee mehe südamesse,Margus Vaher,159.0,3.33333333333333,2018.0
522310,Quakeland: On the Road to America's Next Devastating Earthquake,Kathryn Miles,368.0,4.16666666666667,2017.0
2083934,"Morning Dove (Willow Creek, #9)",Lily Graison,173.0,5.0,
2022277,Threads of Irish Mythology,Maher Asaad Baker,122.0,5.0,
2567073,New York Vulcans Box Set (New York Vulcans #1-4),Teagan Kade,682.0,5.0,
2493875,Eat Like a Woman: Rezepte für einen harmonischen Zyklus (German Edition),Andrea Haselmayr,373.0,4.0,
2029062,Kara Şato'nun Kontu,Arthur Conan Doyle,48.0,4.25,2014.0
1943031,"Fire Study (Study, #3)",Maria V. Snyder,441.0,4.0,2008.0
2572587,Il nostro attimo infinito,A. Meredith Walters,278.0,2.5,2012.0
190427,Until You: June,Aurora Rose Reynolds,0.0,4.0,2016.0
1379694,"Dorothy (Fairweather Sisters, #3)",Anya Wylde,198.0,4.8,2016.0
114840,The Wicked In Me,Suzanne Wright,368.0,2.0,2023.0
1307681,The Compassion Fatigue Workbook (Psychosocial Stress Series),Françoise Mathieu,180.0,4.8,2011.0
1177236,The Proposal at Siesta Key (Amish Brides of Pinecraft #2),Shelley Shepard Gray,288.0,4.5,2015.0
181896,Fates and Furies,Lauren Groff,368.0,3.79858657243816,2015.0
1958918,Sora Haena!,Jackbull,,5.0,
1636055,"Kids in the Syndrome Mix of ADHD, LD, Autism Spectrum, Tourette's, Anxiety, and More!: The one-stop guide for parents, teachers, and other professionals",Martin L. Kutscher,322.0,5.0,2005.0
2223401,Five Minutes to Healthier Knees,Nell Mead,15.0,5.0,
214431,"Anacaona: Golden Flower, Haiti, 1490",Edwidge Danticat,187.0,4.38461538461539,2005.0
244044,Seabreeze Shores (Summer Beach #7),Jan Moran,256.0,4.24657534246575,2022.0
2070479,Living with Air Plants: A Beginner's Guide to Growing and Displaying Tillandsia,Yoshiharu Kashima (Protoleaf),96.0,3.0,
1982269,Sharia Law for Non-Muslims (A Taste of Islam),Bill Warner,68.0,5.0,2010.0
2182070,Ahmedabad Rathyatra,IPS Sanjay Srivastava,215.0,4.0,
568454,"Spirit Crossing (Cork O'Connor, #20)",William Kent Krueger,,5.0,2024.0
1237561,Fixation: How to Have Stuff without Breaking the Planet,Sandra Goldmark,216.0,4.0,
1528862,El azar en la vida cotidiana,Alberto Rojo,192.0,5.0,2012.0
70718,A History of the United States in Five Crashes: Stock Market Meltdowns That Defined a Nation,Scott Nations,352.0,4.08,2017.0
1399876,Something Wicked (University of Morgana: Academy of Enchantments and Witchcraft #1),Emma  Dean,282.0,4.85714285714286,2019.0
1704468,"The Butterfly Storm (The Butterfly Storm, #1)",Kate  Frost,298.0,4.25,2013.0
1360791,"A Sound like Hope (Fallen Tuesday, #3; Brothers of Rock, #8)",Karolyn James,214.0,4.0,2014.0
2137376,Prigionieri delle neuroscienze? (Italian Edition),Santo Di Nuovo,259.0,4.0,2014.0
781058,"Orbe Oscuro (Saga Orbe, Libro II)",Michel Deb,231.0,5.0,
784663,Underneath,Sarah Jamila Stevenson,336.0,1.0,2013.0
1258258,This Is How We End Things,R.J. Jacobs,300.0,3.6,2023.0
1955123,A Jolly Christmas With A Houston Bully (The Jolly Christmas Series),Candi B,85.0,5.0,
717031,Los dones de la imperfección,Brené Brown,208.0,4.16666666666667,2010.0
102211,La ventana indiscreta,Cornell Woolrich,270.0,4.0,1942.0
1108155,A Wicked Company: The Forgotten Radicalism of the European Enlightenment,Philipp Blom,386.0,5.0,2010.0
1143041,La vie rêvée des chaussettes orphelines,Marie Vareille,403.0,5.0,2019.0
730208,Svaha,Charles de Lint,300.0,4.44444444444444,1989.0
444575,The Many Worlds of Logic,Paul Herrick,690.0,3.0,1999.0
276498,You Kissed Me First,Cala Riley,330.0,3.4,2022.0
2570215,Una Vergine per il Duca Bestiale (Italian Edition),Luisella Manna,249.0,3.0,
427785,The Toff in Wax,John Creasey,0.0,3.0,
397370,"Can't Stop Cursing You, Vol. 1 (Can't Stop Cursing You, 1)",Natsuko Uruma,226.0,4.625,2019.0
899767,Doktor Glas,Hjalmar Söderberg,184.0,3.57142857142857,1905.0
388062,Ishmael,Daniel Quinn,263.0,4.6,1992.0
2225963,Killer Notes (Warrior Black #1; The Road to Rocktoberfest 2023),C.J. Barlowe,222.0,5.0,
623207,Random Winds,Belva Plain,528.0,3.94736842105263,1980.0
1606254,The House of Mourning (Watchers of Outremer #5),Suzannah  Rowntree,472.0,4.0,2023.0
88002,Ky (The Coast #3; Steel Paragons MC),Eve R. Hart,248.0,5.0,2018.0
1434481,Darkest at Dawn (Dark #11.5-12),Christine Feehan,546.0,3.0,2005.0
415852,The French Promise (Luc & Lisette #2),Fiona McIntosh,406.0,4.13333333333333,2013.0
294347,The Bravest Kid (Hey Jack! #15),Sally Rippin,26.0,3.0,2014.0
1604056,ROLL OVER AND DIE: I Will Fight for an Ordinary Life with My Love and Cursed Sword! (Light Novel) Vol. 3,Kiki.,311.0,4.33333333333333,2019.0
117156,Pivnitele hotelului Majestic (Maigret #20),Georges Simenon,200.0,4.0,1942.0
1754797,Just Mercy,Dorothy Van Soest,326.0,4.5,2014.0
1058253,Reckless Hearts,Jagger Cole,458.0,5.0,2023.0
2259424,Traded to the Mafia: A short mafia romance (The Amicis Book 5),Cherry White,100.0,5.0,
750283,Christmas Is A Feeling,Carli Valentine,34.0,4.0,
1324485,"Teste-moi si tu peux (Hard Stuff, #1)",Misha Bell,394.0,3.0,2020.0
1700646,"Shakeup (Stone Barrington, #55)",Stuart Woods,320.0,4.05970149253731,2020.0
1752877,Stoned,Andrew Loog Oldham,384.0,4.0,2000.0
1022222,Die Druidin,Birgit Jaeckel,523.0,2.0,2007.0
1327470,Out Of The Scene,Jude Ud,0.0,5.0,
2353306,Conspiración ante la muerte,J.D. Robb,320.0,4.0,1999.0
1695193,"Kūnas mena viską: kaip išgydyti kūno, proto, ir sielos traumas",Bessel van der Kolk,639.0,4.33333333333333,2014.0
250856,His Interim Sweetheart,Aliyah Burke,204.0,4.0,
2033929,Help! I'm the Big City Boy in My Christmas Comfort Movie (Holiday Havens Book 1),Joel Abernathy,234.0,3.5,
465091,"Legendary (Caraval, #2)",Stephanie Garber,484.0,4.5,2018.0
528245,Snow-White and the Seven Dwarfs: A Tale from the Brothers Grimm (Sunburst Book),Randall Jarrell,32.0,4.21052631578947,1972.0
1675736,Skardinė žirnelių,GiedRé,112.0,5.0,2019.0
843928,Sneeuw in Virgin River,Robyn Carr,336.0,4.0,2011.0
1753484,Payback (The Butlers #2),Kimberley Chambers,600.0,3.875,2014.0
2581801,Playing Hardball,Sharon Cummin,428.0,5.0,
1304135,The Last Reign,لؤي فلمبان,228.0,5.0,2012.0
1057156,بستان العارفين,يحيى بن شرف النووي,82.0,4.0,2001.0
884990,Breaking Rockefeller: The Incredible Story of the Ambitious Rivals Who Toppled an Oil Empire,Peter B. Doran,344.0,3.0,2016.0
1504488,Experience In Action: A Psychomotor Psychology,Albert Pesso,270.0,4.0,1973.0
2330317,Peace and Parsnips: Vegan Cooking for Everyone,Lee Watson,352.0,5.0,2015.0
2015984,Collision Course(Faraday no. 2),William Grant,192.0,4.0,1988.0
1821569,Het land is moe: verhandeling over onze ontevredenheid,Tony Judt,238.0,4.0,2010.0
1733602,"It's Your First Kiss, Charlie Brown",Charles M. Schulz,,5.0,1978.0
2538510,Way of the Cross,Pope Benedict XVI,141.0,4.0,1999.0
98679,"Los hombres que no amaban a las mujeres (Millennium, #1-2)",Sylvain Runberg,144.0,4.5,2013.0
2229059,Worlds That Weren't,Harry Turtledove,320.0,3.0,2002.0
478299,Born for Love: Why Empathy Is Essential--and Endangered,Bruce D. Perry,384.0,4.32432432432432,2009.0
1969013,Invitation to Live,Lloyd Douglas,303.0,5.0,2015.0
1830686,لعبة دي نيرو,Rawi Hage,351.0,4.0,2006.0
2128196,The Wisden Book of Test Cricket 2014-2019,Steven Lynch,336.0,5.0,
2315871,George R.R. Martin's In the House of the Worm,John Jos. Miller,104.0,5.0,2015.0
1498174,"SUEÑOS ( Serie Italia, primera parte) (Italia 1) (Spanish Edition)",Elizabeth Betancourt,118.0,5.0,
2449644,The Sebastian Series | Book One | Secrets (The Sebastian Trilogy 1),Janey Rosen,133.0,4.0,2013.0
1444881,The Earth is Weeping: The Epic Story of the Indian Wars for the American West,Peter Cozzens,576.0,4.0,2016.0
547477,Sky High Stakes (Pacheco & Chino Mystery #2),Ted Clifton,329.0,4.5,
707888,"Starcrossed (Starcrossed, #1)",Josephine Angelini,514.0,4.15384615384615,2011.0
1497159,Let the Right One In,John Ajvide Lindqvist,480.0,2.0,2004.0
611053,The Nude,C. Michelle Lindley,272.0,4.0,2024.0
2394888,"All's Fair (A McKnight Romance, #1.5)",Suzie Quint,35.0,3.0,2011.0
168727,"La libertad de ser quien soy: El largo camino de vencer culpas, miedos y mandatos (Biblioteca Pilar Sordo) (Spanish Edition)",Pilar Sordo,97.0,4.0,
1316132,Sonsuz Günbatımı,Furuğ Ferruhzad,80.0,3.0,
1180998,Om Swami: As We Know Him,Ismita Tandon,294.0,5.0,
1156972,"Источник вознесения (Рожденный туманом, #2)",Brandon Sanderson,988.0,4.0,2007.0
904869,"Mad Kestrel (Mad Kestrel, #1)",Misty Massey,321.0,5.0,2008.0
1202782,"Nightwing, Vol. 2: Get Grayson",Tom    Taylor,160.0,5.0,2022.0
1954844,Les Démoniaques,Mattias Köping,392.0,4.0,
632282,Survive. Drive. Win.: The Inside Story of Brawn GP and Jenson Button's Incredible F1 Championship Win,Nick Fry,288.0,4.4,
2374181,365 Academic Planner 2019-2020: Large page per week view school or college planner diary for all your organisational needs - Motor cross racing,365 Diaries and Journals,74.0,5.0,
178564,"Backlash (Anna Travis, #8)",Lynda La Plante,380.0,4.33333333333333,2013.0
669626,Brana na Atlantiku,Frédéric Beigbeder,200.0,3.0,2022.0
365448,"Star Crossing (Aeon's Legacy, #3)",Alexis Glynn Latner,380.0,4.0,
1661073,"The Mangrove Bay Mysteries, Books 1 - 3 (Mangrove Bay #1-3)",Joy Patrick,342.0,3.5,
2023202,Ævintýri góða dátans Svejks í heimsstyrjöldinni,Jaroslav Hašek,477.0,5.0,1921.0
1747672,"Big Hard Sex Criminals, Volume Three",Matt Fraction,272.0,4.0,
167578,Romper el círculo,Colleen Hoover,400.0,4.139336492891,2016.0
1102849,"Pining For Dad's Best Friend (Pining, #6)",Lauren Milson,149.0,3.25,2020.0
1920064,Aiden & Harlow (The Bad Boy Series Book 5),Johanna Delacruz,315.0,5.0,
652987,"Love Me (Take Me, #2)",Bella Andre,220.0,3.875,2010.0
2449200,"THE AWAKENING SEX ADDICT: A Tale of Lust, Love, and the Battle for Control, an Untold Story of a Sex Addict's Battle for Redemption",Kingsley Peters,43.0,5.0,
2141977,Captain America and the Falcon: Secret Empire,Steve Englehart,159.0,5.0,2005.0
2123351,Kenji 21,Ryuchi Matsuda,188.0,5.0,1995.0
2369946,Bay of Martyrs,Tony Black,276.0,3.0,
1842090,"It Works Deluxe Edition: A Clear, Definite, Common-Sense Plan of Accomplishment",Roy Herbert Jarrett,55.0,3.0,
323899,"The Horse and His Boy (Chronicles of Narnia, #3)",C.S. Lewis,175.0,2.66666666666667,1954.0
992158,"A Mistaken Identity (The Mayfair Literary League, #3)",Lana Williams,241.0,3.0,
1278023,The Career Counselor's Handbook,Howard Figler,326.0,4.0,1999.0
1501220,"Dead Man Talking (Pepper Martin, #5)",Casey Daniels,304.0,4.5,2009.0
1722690,"O Lago dos Sonhos (Blackthorn & Grim, #1)",Juliet Marillier,448.0,3.0,2014.0
1186737,The Hanged Man (Roger the Chapman #3),Kate Sedley,256.0,4.25,1993.0
1800221,"Sister Thea Bowman: Do You Hear Me, Church?",Peggy A Sklar,112.0,5.0,
673907,"Him (Him, #1)",Sarina Bowen,360.0,4.21321961620469,2015.0
2082205,The Magic Nation Thing,Zilpha Keatley Snyder,176.0,2.0,2005.0
619366,The Initiates: A Comic Artist and a Wine Artisan Exchange Jobs,Étienne Davodeau,272.0,4.25,2011.0
1456964,The California Surf Project,Chris Burkard,176.0,5.0,2009.0
806418,Amish Love Be Patient (Amish Peace Valley Amish Series Book 5),Rachel Stoltzfus,163.0,4.75,
2432525,Llewellyn's 2019 Daily Planetary Guide: Complete Astrology At-A-Glance,Llewellyn,208.0,5.0,
2160298,Tidssystrarna (Trilogin om livstjuvarna #3),Linda  Andersson,441.0,5.0,
468945,Tales of the South Pacific,James A. Michener,490.0,5.0,1947.0
311845,Knitting Vests,Claire Moore,29.0,5.0,2015.0
165742,Playing the Witch Card,K.J. Dell'Antonia,352.0,3.0,2023.0
1951781,The Letters: A Lifetime Foreign Affair,Mae Adams,273.0,5.0,2021.0
2294992,The Speedicut Papers Book 4 (1865–1871): Where Eagles Dare (History; Action; Adventure),Christopher Joll,410.0,4.0,
401641,Socialismo para Milionários,George Bernard Shaw,140.0,2.0,1896.0
508158,Nahui,Pino Cacucci,234.0,4.0,2005.0
866810,Bir Geysanin Anilari,Arthur Golden,559.0,5.0,1997.0
1846933,Faithful and Virtuous Night,Louise Glück,71.0,4.09230769230769,2014.0
632784,"The Purest Addiction (Made, #4)",Danielle Lori,,4.2,
1524863,"Texas Bachelor (Whiskey River, #6)",Katherine Garbera,84.0,5.0,2016.0
808153,The Little Book of Economics: How the Economy Works in the Real World,Greg Ip,250.0,3.0,2010.0
1665757,"A Filha do Conde (Irmãos Trewlove, #3)",Lorraine Heath,304.0,3.66666666666667,2019.0
2536366,Yin Mountain: The Immortal Poetry of Three Daoist Women,Peter Levitt,192.0,5.0,
1536457,Ghastly Ghosts,Teresa Bateman,32.0,5.0,
1625987,Halbwissen eines Volljuristen: Handbuch für den Rechtsstaat - Auch achtsames Morden ist strafbar – das Sachbuch des Bestsellerautors und Rechtsanwalts Karsten Dusse (German Edition),Karsten Dusse,321.0,4.0,
1740198,A Man to Call My Own - Menaklukkan Sang Koboi,Johanna Lindsey,424.0,4.0,2003.0
2358181,Radical Focus : Achieving Your Most Important Goals with Objectives and Key Results ( OKRs ),Christina Wodtke,147.0,4.01123595505618,2016.0
1171064,The Rainbow Magic: 16 Books Set,Daisy Meadows,0.0,4.0,
1367662,The Great Wide Open: a short story,Rick Partlow,49.0,2.0,
2556103,Das Gespinst,Michelle Stern,167.0,3.0,2012.0
1992513,Es Teresa o el tiempo,Talita Isla,214.0,5.0,
616186,You Fumbled My Heart 2: Finale,Theresa Reese,154.0,5.0,
1019065,Molitva za Ovena Minija,John Irving,656.0,3.8,1989.0
912037,The Wright Brothers: A Biography,Fred C. Kelly,384.0,5.0,1969.0
98250,"Teasing Her SEAL (Uniformly Hot!, 63)",Anne Marsh,224.0,4.0,2015.0
823219,Devil's Kiss (Sunset Cove #2),Ella Frank,346.0,4.09375,2016.0
1067879,"Hannibal (Hannibal Lecter, #3)",Thomas  Harris,503.0,3.0,1999.0
1573149,The Woman in White (Oxford Bookworms Library Level 6),Richard G. Lewis,128.0,3.0,
321420,神探伽利略,Keigo Higashino,234.0,4.0,1998.0
2042979,I Hadn't Meant to Tell You This,Jacqueline Woodson,128.0,5.0,1994.0
931633,"Wheat Belly Slow Cooker Kitchen: : Top 60 Easy-To-Cook Wheat Belly Slow Cooker Recipes to Help You Lose the Weight and Gain Total Health (a Low-Carb, Gluten, Sugar and Wheat Free Cookbook)",Betty Moore,134.0,2.0,2015.0
478468,Batman #17,Tom King,24.0,4.0,
2467733,The Butterfly Assassin,Finn Longman,416.0,3.0,2022.0
344669,Deep Work: Rules for Focused Success in a Distracted World [By CN]-[Paperback],Cal Newport,,4.0,2016.0
246116,"Oltre le Onde: Shimanami Tasogare, Vol. 4",Yuhki Kamatani,220.0,5.0,2018.0
1834895,The War of the Lamb: The Ethics of Nonviolence and Peacemaking,John Howard Yoder,240.0,5.0,2009.0
1081534,In Italia sono tutti maschi,Luca de Santis,176.0,4.0,2008.0
81621,Living the Dream (The Garfield Movie) (Pictureback),Random House,24.0,4.0,2024.0
2486302,The Dying Day,Vaseem Khan,368.0,4.0,2021.0
2565295,Eye Wonder: Reptiles (Eye Wonder),D.K. Publishing,52.0,4.0,1998.0
1116046,Dream Machines,Susan Hiller,128.0,3.0,2000.0
305556,Torchwood: Fallout,David Llewellyn,1.0,4.0,2012.0
382802,If Ever I Fall,SD-Robertson,432.0,3.66666666666667,2017.0
107388,The King is Dead (Anarchy #7),Griff Hosker,280.0,4.83333333333333,
2485672,The Long Drop,Denise Mina,240.0,3.0,2017.0
708734,Forever (River City #4),E. Ayers,268.0,4.0,2012.0
874388,The Boy in the Post,Holly Rivers,350.0,5.0,2022.0
2506700,Quilting on the Go: English Paper Piecing Projects You Can Take Anywhere,Jessica Alexandrakis,144.0,4.0,2013.0
1985049,To Have and Have Not,Ernest Hemingway,262.0,4.0,1937.0
2320859,Crush Melons - September 2018 - Elizabeth Smith,NOT A BOOK,40.0,5.0,
1481495,Guinness Book of Beards and Moustaches,Leslie Dunkling,128.0,4.0,1990.0
2195067,کاشفان فروتن شوکران، نسخه‌ی اول,احمد شاملو,,5.0,1980.0
1761121,The Chair Man: A thriller in which a victim of a terrorist attack wreaks vengeance from his wheelchair,Alex Pearl,366.0,3.5,2019.0
1315200,"World War II: The Rest Of The Story And How It Affects You Today, 1930 To September 11, 2001",Richard J. Maybury,349.0,4.42857142857143,2002.0
941794,ちはやふる 42 [Chihayafuru 42],Yuki Suetsugu,176.0,5.0,2019.0
1090725,Against the Gods: The Remarkable Story of Risk,Peter L. Bernstein,400.0,4.02734375,1996.0
2265278,"Gynomite: Fearless, Feminist Porn",Liz Belile,275.0,3.0,2000.0
647603,Battle for the American Mind: Uprooting a Century of Miseducation,Pete Hegseth,10.0,3.0,2022.0
1709559,"The Wolf's Call (Raven's Blade, #1)",Anthony Ryan,463.0,3.0,2019.0
1183005,"No Escuro (DI Adam Fawley, #2)",Cara Hunter,368.0,4.5,2018.0
1123376,Christians Against Christianity: How Right-Wing Evangelicals Are Destroying Our Nation and Our Faith,Obery M. Hendricks Jr.,222.0,5.0,2021.0
2338051,Aldus sprak de Boeddha. Een bloemlezing uit de Pali-Canon,Jan de Breet,287.0,3.0,2007.0
2047132,حروب كرة القدم,ياسر ثابت,300.0,4.0,2010.0
150868,Quel Bambino è Mio: L’Accordo con il Miliardario (Per sempre il MIO miliardario) (Italian Edition),Anna  May,291.0,4.0,
2025588,"Monsieur Détestable: Une romance grumpy/sunshine avec un patron tyran milliardaire (Patrons, Tyrans et Milliardaires) (French Edition)",Leslie North,404.0,4.0,
78695,Slatki rastanak,David Nicholls,432.0,3.0,2019.0
1259281,Petals of Blood,Ngũgĩ wa Thiong'o,345.0,3.0,1977.0
1823344,Composting Toilets For off Grid Living: A Beginners DIY Building Manual,George Eccleston,104.0,4.0,
1779423,"The Devil's Badland (The Loner, #2)",J.A. Johnstone,214.0,4.8,2009.0
78704,"How To Build An Air Freight Forwarding Service Business (Special Edition): The Only Book You Need To Launch, Grow & Succeed",T.K. Johnson,99.0,4.0,
1525930,La Mansión de los Espejos,Carlos Alberto Ortiz,289.0,5.0,
1993662,A Never-Before World: Tracking the Evolution of Consumer India,Rama Bijapurkar,375.0,4.0,2013.0
1542772,"Combat Ops (Tom Clancy's Ghost Recon, #2)",David  Michaels,354.0,4.38461538461539,2011.0
563553,"Heart of the Sea (Gallaghers of Ardmore, #3)",Nora Roberts,388.0,4.61904761904762,2000.0
2102915,Lessons in Rule-Breaking,Christy McKellen,260.0,5.0,2014.0
2046942,"Behind Bars: On punishment, prison & release",Lady Unchained,96.0,4.0,
2292909,Hubert Macias,Seth Klein,,5.0,
2592407,Area 51: The Mission,Robert Doherty,150.0,5.0,1999.0
1879178,Shackled and Chained: Mass Incarceration in Capitalist America,Eugene Puryear,173.0,1.0,2013.0
100497,پاييز بهاري است كه عاشق شده است,میلاد عرفان‌پور,,4.0,2012.0
2398511,СИК - книга 1,Георги Стоев,128.0,3.0,2007.0
2209630,"Second Chance Love (Heaven Hill, #6)",Laramie Briscoe,226.0,3.0,2014.0
253333,My Dress-Up Darling 11,Shinichi Fukuda,0.0,4.4,2023.0
691159,Skinnytaste Meal Prep: Healthy Make-Ahead Meals and Freezer Recipes to Simplify Your Life: A Cookbook,Gina Homolka,304.0,4.21212121212121,2020.0
500711,Ragged Rose,Dilly Court,497.0,3.28571428571429,2016.0
1553110,"Mother Teresa - The Inspiring Story and Lessons of Mother Teresa (Mother Teresa of Calcutta, Catholic, Biography, Mother Theresa)",Anthony Taylor,23.0,3.0,2013.0
1635512,Language Files: Materials for an Introduction to Language and Linguistics,The Ohio State University Department of Linguistics,508.0,4.0,1994.0
790307,God as He Wants You to Know Him,Bill Thrasher,272.0,5.0,2012.0
2462931,Jane Against the World: Roe v. Wade and the Fight for Reproductive Rights,Karen Blumenthal,400.0,4.5,2020.0
1712509,"Commodity Option Selling: Make money, no matter the market direction",Thomas R. Hurd Sr.,59.0,3.5,2015.0
989556,Inside Microsoft® SharePoint® 2010,Ted Pattison,648.0,4.0,2010.0
2573995,Meine russische Schwiegermutter und andere Katastrophen,Alexandra Fröhlich,315.0,3.0,2012.0
2277686,Lunar Love,Lauren Kung Jessen,,5.0,2023.0
809700,"Ketogenic Diet For Beginners: A complete guide with the best tips, tricks, and recipes for weight loss!",Amelia Grimes,113.0,5.0,
796132,Para ser cristiano,Juan Luis Lorda Iñarra,288.0,4.66666666666667,1991.0
865887,Humeurs d'une femme mûre et divertissante: HUMEURS D'UNE FEMME.. DIVERTISSANTE [NUM] (French Edition),Lise Dion,154.0,3.33333333333333,
2415316,TJ Powar Has Something to Prove,Jesmeen Kaur Deo,368.0,4.65217391304348,2022.0
1782385,Forgive Yourself These Tiny Acts of Self-Destruction,Jared Singer,79.0,4.2,2019.0
1386867,The Watchmaker's Hand,Jeffery Deaver,400.0,3.5,2023.0
2167579,Swansong 1945: A Collective Diary of the Last Days of the Third Reich,Walter Kempowski,512.0,3.5,2007.0
1913533,1984,George Orwell,384.0,4.07692307692308,1949.0
1523901,"Limoncello Yellow (Franki Amato, #1)",Traci Andrighetti,338.0,3.75,2014.0
1366437,My Policeman,Bethan Roberts,336.0,3.66666666666667,2012.0
2582626,"Mrs. Piggle-Wiggle's Cry-Baby Cure (Mrs. Piggle Wiggle, #8)",Bruce Whatley,0.0,4.0,1999.0
340932,Mumbai Restaurant: An Indian spy novel series (Malayalam crime thriller novels) (Malayalam Edition),Vinod Narayanan,109.0,5.0,
2053294,Heirloom Vegetables: A guide to their history and varieties,Simon Rickard,352.0,4.0,2014.0
1799177,The Last,Hanna Jameson,353.0,3.63157894736842,2019.0
734561,A Life's Music,Andreï Makine,,3.0,2001.0
660073,The Logic of the Body: Retrieving Theological Psychology,Matthew A. LaPine,416.0,4.5,
773939,"Paganinikontrakten (En Joona Linna-krimi, #2)",Lars Kepler,582.0,4.0,2010.0
2413416,No Stone Unturned: A Remarkable Journey To Identity,Nadean Stone,471.0,5.0,
629340,"A Thousand Letters (The Austens, #2)",Staci Hart,282.0,3.44736842105263,2017.0
2089455,Argumentação: a ferramenta do filosofar (vol. 2),Juvenal Savian Filho,74.0,5.0,2010.0
2275575,Beliefs: Pathways to Health and Well-Being,Robert B. Dilts,258.0,5.0,1990.0
1226143,De la zero,Emilia Toma,310.0,5.0,2022.0
458309,Oliver Twist: 1,Loïc Dauvillier,115.0,4.0,2014.0
714995,Trabbel für Henry,Tom Sharpe,,4.0,1978.0
2153915,מטורף המאפיה (המלכים של איטליה #3),Mila Finelli,360.0,4.0,
1897911,Cleaning: Hints & Tips,Cindy Harris,63.0,3.0,2005.0
2325007,Rip Van Winkle,Washington Irving,,3.0,1819.0
76684,Poesias De Miguel De Unamuno (Spanish Edition),Miguel de Unamuno,366.0,4.0,
1921901,Docherty,William McIlvanney,429.0,5.0,1975.0
587957,Unblocked - Episode One (Timber Towers #1),Marni Mann,,4.0,2015.0
712392,Salt Sugar Fat: How the Food Giants Hooked Us,Michael  Moss,480.0,3.94226327944573,2013.0
1496284,"A Ruse of Shadows (Lady Sherlock, #8)",Sherry Thomas,13.0,5.0,2024.0
2406552,An Indomitable Beast: The Remarkable Journey of the Jaguar,Alan Rabinowitz,278.0,4.0,2014.0
941770,Mattatoio n. 5. Ovvero la crociata dei bambini,Ryan North,192.0,3.0,2020.0
923454,PRENDERSI CURA,unknown author,0.0,4.0,
1095560,Dead Mall #2,Adam Cesare,32.0,3.0,
516820,ಮಹಾಯುದ್ಧ,Beechi,,3.0,
2212455,Con canciones de amor y sexo: Diario emocional y neorromántico,Juan Antonio Ibáñez Cuenca,112.0,5.0,2014.0
892656,An Air of Treason (Sir Robert Carey #6),P.F. Chisholm,250.0,4.0,2014.0
46089,Natural Remedies For Gut Health: Optimising Gut Health with Natural Medicines,Lucy Birch,172.0,5.0,
391793,Rapid Virus Recovery,Thomas E. Levy,322.0,5.0,
1691119,"Birds from Head to Tail (Head to Tail, 4)",Stacey Roderick,36.0,4.0,2018.0
2361272,Everything is Spiritual: A Brief Guide to Who We Are and What We're Doing Here,Rob Bell,,5.0,2020.0
2029376,"Reign of X, Vol. 5",Tini Howard,152.0,3.0,2021.0
1970219,"Cocky Butler (Regency Cocky Gents, #6)",Annabelle Anders,334.0,4.45454545454545,2021.0
392598,"Falling Star (Earth Scents, #1)",Olivia Brynn,154.0,3.66666666666667,2009.0
44888,"Da zero a uno: I segreti delle startup, ovvero come si costruisce il futuro",Peter Thiel,222.0,4.0,2014.0
1636205,The Man from Berlin,Luke McCallin,448.0,5.0,2013.0
1577432,Die Welt ist voller Wunder (Die Unausstehlichen & ich #3),Vanessa Walder,240.0,5.0,
2523331,Intrappolata: Una storia d’amore di guerrieri alieni (Spose tributo dei guerrieri drexiani Vol. 6) (Italian Edition),Tana Stone,217.0,3.0,
1491962,Geronimo Stilton #75: The Sticky Situation,Geronimo Stilton,,5.0,
2011879,Удивительная палеонтология,Kirill Yeskov,312.0,3.75,2007.0
1472870,1944 (Kirov Series Book 36),John Schettler,328.0,4.0,
244511,Other People's Lives,J.E. Rowney,317.0,2.7910447761194,2022.0
2172311,Fifty Stories (Revived Modern Classic),Kay Boyle,644.0,4.0,1980.0
1998472,The Dream Hotel,Laila Lalami,336.0,2.0,2025.0
57032,"Two Daddies for the Single-Dad Omega (Daddies for Dumpster Omegas, #3)",Anna Wineheart,526.0,4.5,2023.0
125480,In Diamond Square,Mercè Rodoreda,203.0,3.5,1962.0
1438216,Getting Rid of Bradley,Jennifer Crusie,264.0,4.0,1994.0
2105830,Unhappy Home (Unhappy Home 2 Book 1),Linette King,142.0,5.0,
2533141,Salut mon roi mongol!: Roman (French Edition),Nicole Bélanger,189.0,1.0,
626668,"Built (Saints of Denver, #1)",Jay Crownover,352.0,5.0,2016.0
1600029,A l'ombre du pissenlit: Chroniques botaniques en pleine herbe,Alice C Roussel,128.0,5.0,
1238157,O Homem que engoliu a Lua,Mário de Carvalho,33.0,3.0,
996153,"The Lady Who Knew Too Much (Agents of Desire, #1)",Alyson Chase,240.0,4.5,2021.0
551704,À la recherche d'Alice Love,Liane Moriarty,453.0,4.0,2010.0
819377,"Die Novizin (Die Gilde der schwarzen Magier, #2)",Trudi Canavan,598.0,4.0,2002.0
1566293,French Summer,Lise Gold,322.0,5.0,2018.0
2405765,Captain Laserhawk: A Blood Dragon REMIX: Crushing Love,Ben Kahn,0.0,3.0,
1568253,"Ballycroy (Pirate Queen, #3)",Jennifer Rose McMahon,300.0,5.0,2018.0
979097,A Christmas Tragedy - a Miss Marple Short Story (Miss Marple),Agatha Christie,1.0,4.0,1930.0
717553,Someplace to Call Home,Morgan Douglas,4.0,4.0,2019.0
920876,La metopa e il triglifo. Nove lezioni di architettura,Antonio Monestiroli,175.0,3.5,
966716,سماء أولى .. جهة سابعة,أنور الخطيب,140.0,1.0,2011.0
257602,A Thousand Reasons for Loving China,Dan McAuley,165.0,2.0,2013.0
2048856,"So I'm a Spider, So What? Manga, Vol. 6",Asahiro Kakashi,178.0,4.33333333333333,2019.0
1095568,The Collected Poems of William Wordsworth,William Wordsworth,1082.0,5.0,1850.0
1840647,Einst aßen wir Tiere: Die Zukunft unseres Essens,Roanne van Voorst,336.0,4.0,2019.0
1923200,Fancy Anders Goes to War: Who Killed Rosie the Riveter? (The Fancy Anders Series),Max Allan Collins,1.0,3.0,2021.0
950716,Text Me Baby One More Time (Special Edition),Teagan Hunter,390.0,4.0,2019.0
1178960,Işıkları Söndürüp Giderken Veda Hikayeleri,Geveze,160.0,4.0,2010.0
1006789,Hoor ik dit niet te weten?,Hannes van Lier,184.0,4.0,
850748,Mọi người đều nói dối,Seth Stephens-Davidowitz,,4.0,2017.0
1946600,Lecția despre cub / La leçon sur le cube,Nichita Stănescu,96.0,4.0,2018.0
975999,Her Darling Mr. Day (American Royalty Book #2),Grace Hitchcock,352.0,4.0,2022.0
2263280,The Pirates Laffite: The Treacherous World of the Corsairs of the Gulf,William C. Davis,706.0,3.8,2005.0
2184283,"Ravenlight (Ravenlight Cycles, Book 1)",Melissa Riddell,190.0,5.0,
2342847,Bat Masterson: The Man and the Legend,Robert K. DeArment,456.0,4.0,1989.0
920210,The Parrot Bliss Bond: Creating a Blissful Relationship With Your Parrot,KB raphael,83.0,5.0,
1672444,"Cassidy Jones and the Seventh Attendant (Cassidy Jones Adventures, #3)",Elise Stokes,277.0,5.0,2013.0
976676,Those Who Leave and Those Who Stay - A world of Solitude,Celia Cladellas,283.0,3.0,
2122420,‫بحثاً عن الحب على الإنترنت,تريزة خليل Theresa Khalil,142.0,4.0,
38611,Relatório Minoritário e Outros Contos,Philip K. Dick,390.0,4.0,1982.0
2345499,One Snowy Night Before Christmas,Pamela Fryer,117.0,4.5,2011.0
1812487,المعاد في الهندوسية,أمة الرفيع محمد بشير,,4.0,
2288323,The Complete Eightball,Daniel Clowes,560.0,4.0,1997.0
1293523,Kepler's Dream,Juliet Bell,272.0,3.4,2012.0
228896,Influence: Mastering Life's Most Powerful Skill,Kenneth G. Brown,112.0,3.75,2013.0
990773,Gods & Monsters,Velvetoscar,854.0,5.0,2014.0
1131305,"Brand the Change: The Branding Guide for social entrepreneurs, disruptors, not-for-profits and corporate troublemakers",Anne Miltenburg,224.0,4.0,2017.0
883603,A Wee Christmas Homicide (Liss MacCrimmon Mysteries #3),Kaitlyn Dunnett,285.0,4.0,2009.0
1452913,The Good Life : Lessons from the World's Longest Study on Happiness,Robert Waldinger,352.0,3.0,2023.0
2187715,Без збогување,Linwood Barclay,439.0,4.66666666666667,2007.0
2355014,Il fine è l'uomo,Aldo Moro,79.0,5.0,2018.0
189872,You Can Be Thin: The Ultimate Programme to End Dieting...Forever,Marisa Peer,204.0,4.4,2008.0
2473367,Birds Without Wings,Louis de Bernières,578.0,4.33333333333333,2004.0
420547,How to Be a Dictator: The Cult of Personality in the Twentieth Century,Frank Dikötter,304.0,3.58333333333333,2019.0
453587,The Great Maritime Detective: The Exploits and Adventures of the Notorious Peachie Carroll,Monica Graham,210.0,4.0,2009.0
1965327,Elementa,Sarah Baril-Bergeron,336.0,2.5,2018.0
1025344,"Goodbye, Columbus",Philip Roth,259.0,4.0,1959.0
2230555,"Rocket Raccoon, Vol. 2: Storytailer",Skottie Young,129.0,3.0,2015.0
1395990,Bestie,Dizz Tate,219.0,4.0,2023.0
415404,Treasure Island,Robert Louis Stevenson,273.0,3.66666666666667,1882.0
322335,"Velvet Glove, Iron Fist: A History of Anti-Smoking",Christopher Snowdon,415.0,5.0,2009.0
90437,საღეჭი განთიადები: Sugar Free,Zura Jishkariani,192.0,3.78571428571429,2018.0
1682211,Faking It: dive into the ultimate fake dating rom-com from the author of The Kissing Booth,Beth Reekles,394.0,2.0,2023.0
2037699,Genocide: A Reader,Jens Meierhenrich,508.0,5.0,2014.0
2598470,Terra Abençoada,Pearl S. Buck,352.0,4.33333333333333,1931.0
2496883,"El águila en el desierto (Quinto Licinio Cato, #7)",Simon Scarrow,569.0,4.0,2006.0
1694009,Handbag Mafia,Chanel Jones,44.0,5.0,2013.0
1010795,Over His Knee (Part Eleven),Hannah Ford,21.0,5.0,
202997,Dieter Lumpen,Jorge Zentner,264.0,3.0,2014.0
2547432,Flesh and Excess: On Underground Film,Jack Sargeant,256.0,4.0,
824135,Past Perfect: A Novel,Danielle Steel,304.0,4.0,2017.0
912427,"Dagwacht (Nachtwacht, #2)",Sergei Lukyanenko,351.0,3.0,2000.0
1800555,Behind the Attic Wall,Sylvia Cassedy,320.0,4.16923076923077,1982.0
679793,Flood of Lies: The St. Rita's Nursing Home Tragedy,James A. Cobb Jr.,320.0,3.8,2013.0
700427,The Man Who Never Was (Oxford Paperbacks),Ewen Montagu,148.0,3.83333333333333,1953.0
1854685,Serenity: No Power in the 'Verse (Serenity: Firefly Class 03-K64),Chris Roberson,152.0,4.66666666666667,2017.0
2220096,The Increasingly United States: How and Why American Political Behavior Nationalized (Chicago Studies in American Politics),Daniel J. Hopkins,304.0,4.0,
633889,Oh My Goddess! Vol. 13: Childhood's End,Kosuke Fujishima,216.0,5.0,1996.0
2261058,El Chile que viene (Spanish Edition),Axel Kaiser,143.0,3.5,
1526068,"Weird, Scary and Unusual: Haunted Histories and Mind-blowing Mysteries",Publications International,272.0,4.0,
2099800,Eternal Knight (The Orb Book 1),Matt Heppe,308.0,4.0,2011.0
2602359,Remarkable by Lizzie K. Foley(2002-01-01),Lizzie K. Foley,0.0,3.5,
1207410,Spectral Realms No. 3,S.T. Joshi,155.0,5.0,2015.0
430250,Worth More Than Rubies: A Regency Holiday Novella,Grace Burrowes,162.0,4.66666666666667,2023.0
2424743,Firebrat,Nancy Willard,120.0,5.0,1988.0
2150090,The McCullagh Inn in Maine,Jen McLaughlin,4.0,3.9,2016.0
1525351,Diario de la guerra de España,Mikhail Efimovich Koltsov,704.0,4.0,2009.0
858450,Singing Home the Bones,Gregory Scofield,104.0,5.0,2006.0
90039,"Memories and Matchsticks (The Sam and Bump Misadventures, #1)",N. Gemini Sasson,,4.7,2014.0
466021,"Complete Preludes, Books 1 and 2 (Dover Classical Piano Music)",Claude Debussy,128.0,4.5,1989.0
1723100,"Der Kuss des Dämons (Dawn & Julien, #1)",Lynn Raven,336.0,3.80952380952381,2007.0
2434240,Turning Point: A History of Early A.A.'s Spiritual Roots and Successes,Dick B.,776.0,5.0,1997.0
1910538,Homo sovieticus. Roman.,Alexander Sinowjew,0.0,4.0,
2336370,Damia,Anne McCaffrey,,3.0,1991.0
2548458,Tão Perto (Homens de Roterdã Livro 1),Márcia Lima,444.0,3.0,2015.0
1776934,El Principito: Edición oficial (Spanish Edition),Antoine de Saint-Exupéry,112.0,5.0,1943.0
2027113,L'argumentation (Les essentiels d'Hermès) (French Edition),Nicole d' Almeida,132.0,2.0,2011.0
2177248,Zeeboerin,Anne Lichthart,128.0,5.0,
2200101,"Ghosts (Magic Tree House Research Guide, #20)",Mary Pope Osborne,128.0,4.6,2009.0
1076298,"Aires, aigües i llocs / Jurament",Hippocrates,120.0,4.0,
1279330,El cumpleaños de Barrigón: Cantando aprendo a hablar (Spanish Edition),AÍDA POHLHAMMER,17.0,3.0,
1252771,Light in the Darkness,Mark A. Roeder,286.0,5.0,2017.0
598447,A Cidade e as Serras,Eça de Queirós,244.0,4.0,1901.0
1919617,Sacrifice: The Mars Frontier Series Book 6,Paul Rix,504.0,5.0,
1401076,Superman contre CE2,Catherine Missonnier,,3.0,1994.0
784161,"La Cena del Cordero: La Misa, el Cielo en la Tierra",Scott Hahn,208.0,4.6,1999.0
982072,"Love Displayed (Pure Sin Trilogy, #2)",Thetta James,,5.0,
2219467,Sex in the gym: An erotic adventure (Sex in the ...),Jessica Laberinto,16.0,2.0,
1875003,The Anatomy of Fascism,Robert O. Paxton,336.0,4.28985507246377,2004.0
207691,Little Galoshes,Kathryn Jackson,40.0,2.0,
2313113,Bottom Bitch Rises,Racquel Williams,220.0,5.0,2013.0
490980,Robinson Crusoe,Daniel Defoe,334.0,3.0,1719.0
2584437,In the Frame (Candlestick Historical Mysteries Book 6),R.A. Wallace,286.0,5.0,
2139285,No Dead Time,Brian McLachlan,136.0,1.0,2004.0
1424331,"Справа про чорну ропу (Розшукове бюро Ореста Лінинського, #1)",Наталя Тисовська,288.0,5.0,
861113,Rozciąganie odprężone,Pavel Tsatsouline,148.0,4.0,2001.0
1798191,Emotions: Confront the Lies. Conquer with Truth.,Charles F. Stanley,305.0,4.5,2013.0
1520251,Ruthless Pursuits (The Italian Billionaire #1),Michelle Love,65.0,5.0,2015.0
1174484,La perra de tres patas de la señora Petrovna,Andrea  Bennett,416.0,2.0,2015.0
205837,"Enshadowed (Nevermore, #2)",Kelly Creagh,429.0,4.05504587155963,2012.0
746778,"The Searchers: Five Rebels, Their Dream of a Different Britain, and Their Many Enemies",Andy Beckett,532.0,5.0,2024.0
557382,"Their Vicious Darling (Vicious Lost Boys, #3)",Nikki St. Crowe,,3.33333333333333,2022.0
1304373,"Van Richten's Guide to Ravenloft  (Dungeons & Dragons, 5th Edition)",Wizards of the Coast,256.0,4.0,2021.0
921598,Feelin' Pine (Black Timber Peak Mountain Men),Brynn Hale,90.0,4.0,
816514,Sea (The Huntress Trilogy #1),Sarah Driver,336.0,4.25,2017.0
628001,La extraordinaria familia Appenzell,Benjamin Lacombe,80.0,4.75,2020.0
1919018,En bragas y a lo loco (Spanish Edition),Yanira Garcia,400.0,4.0,
1035860,Dominican Republica & Haiti (LONELY PLANET COUNTRY GUIDE),Paul Clammer,376.0,4.0,1999.0
1102164,The Way,Kristen Wolf,368.0,3.5,2011.0
1814221,The Terrible Old Man,H.P. Lovecraft,88.0,3.26315789473684,1921.0
2546353,Off The Line,Chris  Reilly,335.0,3.33333333333333,
1623969,"Obsidiana Negra (Obsidiana, #1)",Victoria Quinn,344.0,3.0,
1930323,Shemlan: A Deadly Tragedy,Alexander McNabb,244.0,4.0,2013.0
616004,Dolce Italiano: Desserts from the Babbo Kitchen,Gina DePalma,384.0,3.5,2007.0
941899,Speaking of the dead,Chelsea Tolman,236.0,4.0,2018.0
1793025,The Theory of Money and Credit,Ludwig von Mises,322.0,5.0,1912.0
306390,STALKER: PIQUE-NIQUE AU BORD DU CHEMIN (PRESENCE DU FUTUR GRANDE DIFFUSION),Arkady Strugatsky,214.0,4.0,1972.0
211090,O Bando do Mar,Joana M. Lopes & Wojtek Stachyra,53.0,5.0,
1423311,"S&M III, Vol. II (Scott & Mariana)",Vera Roberts,300.0,5.0,2012.0
1166342,العقيدة الطحاوية: شرح وتعليق,أبو جعفر الطحاوي,48.0,5.0,933.0
841929,السرقات والاقتباس في السينما,محمود قاسم,250.0,4.0,2021.0
246079,The Scarlet Contessa,Jeanne Kalogridis,455.0,4.15555555555556,2010.0
925439,Patrik Hedström 3 Book Collection Set,Camilla Läckberg,,4.33333333333333,2012.0
100937,O dia em que perdemos o amor,Javier Castillo,342.0,3.66666666666667,2018.0
2067442,On a Sea of Glass: The Life & Loss of the RMS Titanic,Tad Fitch,464.0,4.66666666666667,2012.0
1614736,Melissa comes home,Mildred Krentel,160.0,5.0,1972.0
2087020,"Pangeea, toamna",Răzvan T. Coloja,132.0,4.0,
2514308,"Land of the Blindfolded, Vol. 3 (Land of the Blindfolded, #3)",Sakura Tsukuba,198.0,5.0,2000.0
385459,Bleed For Me,Reverie Hargrove,178.0,3.55555555555556,
1412777,Tree Thieves: Crime and Survival in North America's Woods (David Suzuki Institute),Lyndsie Bourgon,273.0,3.0,2022.0
1591854,나미야 잡화점의 기적,Keigo Higashino,456.0,4.875,
1234116,The Marriage Auction,Audrey Carlan,,5.0,
364184,Shatter me. La trilogia,Tahereh Mafi,902.0,4.34090909090909,
2116828,Mille origines,Charif Majdalani,237.0,4.0,
1640367,Giovanni and The Camino of St. Francis,James F. Twyman,172.0,4.5,2019.0
2364515,المواقف والمخاطبات,محمد بن عبد الجبار النفري,218.0,2.0,1996.0
1690898,"El sobrino del mago (Las crónicas de Narnia, #1)",C.S. Lewis,251.0,3.85714285714286,1955.0
1526598,"See, Think, Draw: An Easy Guide to Realistic Drawing and Beyond",Scott Maier,160.0,4.0,
164609,El cuadro de mando integral: The balanced scorecard,Robert S. Kaplan,384.0,4.0,1996.0
2550718,The Porcelain Doll,Theresa Dodaro,366.0,5.0,
767401,In Search of Duende,Federico García Lorca,113.0,5.0,1933.0
214222,The Whispering Skull,Jonathan Stroud,424.0,4.5,2014.0
2460276,"Los fresones rojos (Moisés Guzmán, #2)",Esteban Navarro Soriano,190.0,5.0,2012.0
1297413,The Names They Were Given,Krista Mathews,296.0,5.0,2014.0
1810971,Actor Billionaire Daddy (Billionaire Daddy #5),S.E. Riley,83.0,3.0,
2409661,Minor Feelings: A Reckoning on Race and the Asian Condition,Cathy Park Hong,224.0,4.33333333333333,2020.0
1950263,La terra è tua compagna,J. Patrick Lewis,35.0,5.0,
1955564,"Easter, the Krewe and Another Large White Rabbit (Krewe of Hunters #30.4)",Heather    Graham,44.0,3.0,2020.0
1239877,The Rays and Initiations,Alice A. Bailey,820.0,5.0,1960.0
1337136,OTTO: PROMETIDA AO SUBCHEFE (Máfia In Ergänzung Livro 3) (Portuguese Edition),Jaque Axt,257.0,5.0,
2599599,Dancing Bears: True Stories about Longing for the Old Days,Witold Szabłowski,256.0,2.0,2014.0
637489,Shot in Darkness (In Darkness #4),Heather Sunseri,120.0,5.0,2017.0
482571,Åtta månader,Magnus Montelius,450.0,4.0,2019.0
801136,War das jetzt rassistisch?: 22 Anti-Rassismus-Tipps für den Alltag,Black Voices,240.0,3.5,2022.0
2311864,بازگشت به رام الله,Mourid Barghouti,220.0,3.0,1997.0
1874738,Henry & Me,Sasha Clinton,240.0,4.0,
305240,Crystal Meth Addiction: An Essential Guide to Understanding Meth Addiction and Helping a Crystal Meth Addict Before It's Too Late,Brent Lewiki,27.0,3.0,2015.0
289016,Anchoring,Steven Holl,172.0,3.0,1996.0
1576305,"Grim Girl (Reaper Files, #1)",Nicky Graves,255.0,4.33333333333333,
283350,Le storie di Giufà,Francesca Maria Corrao,200.0,4.0,2001.0
925225,Csutak és a szürke ló,Iván Mándy,,1.0,
1884489,"Разкази и истории, които ще докоснат сърцето ви",Various,288.0,4.0,
1125327,Slaying Leviathan: Limited Government and Resistance in the Christian Tradition,Glenn S. Sunshine,192.0,4.5,
2533922,Electronic Alarm Circuits Manl,R.M. Marston,160.0,4.0,
422043,Urdesh: The Magister and the Martyr (Urdesh #2),Matthew Farrer,400.0,5.0,2021.0
1776975,"Rose (Rose, #1)",Holly Webb,240.0,5.0,2009.0
2075095,"Shiver - Borzongás (Mercy Falls farkasai, #1)",Maggie Stiefvater,328.0,5.0,2009.0
2233964,It's Hard to Dribble with Your Feet (Sports Illustrated Kids Victory School Superstars),Val Priebe,58.0,4.5,2010.0
2255051,A Daughter's Secret (Sullivan Family Saga #2),Anne Bennett,608.0,4.0,2008.0
106951,The Arcane Artist (Chronicles of Anna Atticus Stone Book 2),Sever Bronny,824.0,4.75,
2442387,The Holy Spirit,Charles C. Ryrie,126.0,4.0,1965.0
2422073,Listening to Your Life: Daily Meditations with Frederick Buechner,Frederick Buechner,384.0,4.31428571428571,1992.0
100717,Conversations with God : An Uncommon Dialogue Book 1,Neale Donald Walsch,211.0,5.0,1995.0
2128106,Boy's Club,Matt Furie,180.0,2.8,2016.0
1253110,Le templier m'a dit (French Edition),Patricia Darré,147.0,2.0,
1960796,Mediterranean Instant Pot Cookbook: Simple and Delicious Instant Pot Recipes For Beginners on Mediterranean Diet (Stocking Stuffers For Adults Book 1),Ariana Duncan,106.0,5.0,
771765,Ruthless Kings of Carnage (Leighton Royals University #1),Madison Kingsley,742.0,3.71428571428571,
897034,La trinità bantu,Max Lobe,176.0,3.0,2014.0
679970,Aura,Carlos Fuentes,72.0,4.0,1962.0
1365406,이건 명백한 사기결혼이다,Park Haedam,107.0,4.0,
1573539,Brice (Jewel of the Highlands Book 5),Rebecca Ratliff,198.0,4.0,
1036364,Hunter (Boston Belles #1),L.J. Shen,459.0,4.0,2020.0
2271669,Shockwave,Paul Ruditis,256.0,4.0,2002.0
1857344,Los muebles del mundo,Ricardo Menéndez Salmón,272.0,3.0,
1150173,Spanish Siesta (Flying into Love #2),C.F. White,259.0,5.0,2022.0
747424,The Lost Orphan,Stacey Halls,336.0,3.88888888888889,2020.0
2364847,Sällsynt kloka varelser,Shelby Van Pelt,368.0,3.79310344827586,2022.0
2303312,Cum fac dragoste taurii,Sergiu Someşan,173.0,5.0,
1342062,Steps to Christ,Ellen Gould White,68.0,5.0,1892.0
322432,رابونزل (الحكايات المحبوبة),Ladybird Books,51.0,4.0,1981.0
734753,Mästerdetektiven Blomkvist,Astrid Lindgren,160.0,4.0,1946.0
439719,Thin Air,Richard K. Morgan,628.0,4.0,2018.0
165343,Misafir,Nermin Yıldırım,332.0,4.30769230769231,2018.0
848923,ひよ恋 7 [Hiyokoi 7],Moe Yukimaru,176.0,4.47058823529412,2012.0
531763,"H'zim (How the Aliens Were Won, #7)",Honey Phillips,179.0,4.3,2024.0
908460,Live Before You Die: Wake up to God’s Will for Your Life,Daniel Kolenda,256.0,5.0,2012.0
535868,Parfit: A Philosopher and His Mission to Save Morality,David Edmonds,408.0,3.66666666666667,2024.0
1901999,Wickford High The Revelation,Karen Fuller,0.0,5.0,2010.0
2226906,"Blood Sources 102 (Academy of Vampire Heirs, #2)",Ginna Moran,352.0,5.0,
1018442,Meleklerle Yaşamak El Kitabı,Beki İkala Erikli,,2.0,2011.0
670955,Scritti corsari,Pier Paolo Pasolini,252.0,4.15,1975.0
2580105,Cambridge Igcse Environmental Management Key Stage 4 Revision Guide,Gary Skinner,0.0,4.0,2014.0
177200,The Body Next Door,Maia Chance,384.0,3.21212121212121,2024.0
1540871,The Adventures Of Pinocchio: With Original illustrations Annotated Classic edition,Carlo Collodi,237.0,5.0,1883.0
213073,"Memaws and Murder (Witches of Keyhole Lake, #18)",Tegan Maher,170.0,4.5,
1821038,"Hello, I Must Be Going",Christie Hodgen,320.0,5.0,2006.0
1327798,Doomsday: A Remy Jones Adventure,Heather Elizabeth King,231.0,5.0,
988024,"Conan the Unconquered (Conan, #3)",Robert Jordan,288.0,3.0,1983.0
1471374,Schampus für alle: ALDI eine deutsche Geschichte (German Edition),Guido Knopp,322.0,5.0,
1710402,The Cowboy Daddy Hero (The Winchester Cowboys Series Book 1),Janalyn Knight,206.0,4.33333333333333,2024.0
2271531,Conflicting Sanity,John Toker,172.0,3.0,2005.0
520786,Rising: How to Thrive as a Corporate Executive While Staying True to Yourself,Kelly V. Hopping,192.0,5.0,
2436875,"Never Never (Never Never, #1-3)",Colleen Hoover,392.0,5.0,2016.0
813971,Hope Is Swift,NOT A BOOK,,4.33333333333333,2019.0
1567276,Rewire Your Brain 2.0: Five Healthy Factors to a Better Life,John B. Arden,304.0,3.0,
354569,Islamic State: Rewriting History,Michael Griffin,202.0,4.0,2015.0
2004726,On Leadership: Lessons for the 21st Century,Tony Blair,368.0,4.0,
1032546,"Colton's Salvation (Demented Sons MC, #1)",Kristine Allen,292.0,4.75,2017.0
285508,"Ms America and the Offing on Oahu (Beauty Queen Mystery, #1)",Diana Dempsey,298.0,4.0,2011.0
1286882,"L'occhio del mondo (La Ruota del Tempo, #1)",Robert Jordan,736.0,4.5,1990.0
104007,My Home Hero 5,Naoki Yamakawa,192.0,5.0,2018.0
2030243,"A Cold Creek Reunion (Cowboys of Cold Creek, #10)",RaeAnne Thayne,288.0,4.0,2012.0
1191007,Freya and the Magic Stars,Thomas Little and Amy Little,35.0,5.0,
168723,"The Diamond Age: Or, a Young Lady's Illustrated Primer",Neal Stephenson,499.0,4.1908077994429,1995.0
2170901,Tess dei d'Urberville,Thomas Hardy,464.0,4.0,1891.0
688588,We Have Always Lived in the Castle,Shirley Jackson,146.0,3.92978417266187,1962.0
811502,A Global History of History,Daniel R. Woolf,598.0,4.0,2011.0
622237,The Nurture Assumption: Why Children Turn Out the Way They Do,Judith Rich Harris,462.0,4.2,1998.0
2201702,The Wesson Rebels MC Series (Complete Box Set),Shyla Colt,474.0,5.0,
2288945,दो कदम और सही,Rahat Indori,262.0,4.5,
1666798,Billionaire Forbidden Desires,Zoey Appleton,594.0,4.0,2023.0
1148207,"Taken and Filled Up by Brutal Stranger — XXX Forbidden Filthy Menage Rough Adult Taboo Erotic Stories Compilation: Group Fantasy, Vampire, Group Shared, Soft Dominant, Reverse Harem, Shared, Dominate",Kenna Jaskolski,,5.0,
563146,"Darren & Eli: A Reverse Harem, Billionaire, BWWM Romance (Members From Money Season 2 Book 133)",Katie Dowe,390.0,4.5,
834082,Murder by Invite: An Edna Davies Mystery (Edna Davies Mysteries Book 8),Suzanne   Young,257.0,5.0,
2244486,சீவக சிந்தாமணி (Seevaga Sinthamani),திருத்தக்க தேவர்,256.0,4.0,
1453927,"Badasses: The Legend of Snake, Foo, Dr. Death, and John Madden's Oakland Raiders",Peter Richmond,358.0,4.08333333333333,
1292925,The Other Side of the Bridge,Mary Lawson,370.0,4.44444444444444,2006.0
2230670,Pepija. Pepija apmetas uz dzīvi un citi komiksi,Astrid Lindgren,,4.0,1959.0
614168,"Shipstar (Bowl of Heaven, #2)",Gregory Benford,416.0,4.125,2014.0
1302699,Writing Flash: How to Craft and Publish Flash Fiction for a Booming Market,Fred  White,153.0,4.0,
1564410,Showing A Real Thug Love 2,Vee Bryant,124.0,5.0,
1955984,Fear of Clowns A Horror Anthology: Coulrophobia Stories,Kenneth W. Cain,354.0,4.0,
405887,Taken On Board: A White Wife Surrenders To Her Big Black Lust,Leah Jenkins,109.0,5.0,
986381,"The Hollow Heart (Forgotten Gods, #2)",Marie Rutkoski,304.0,3.0,2021.0
2201116,Creer en la historia,François Hartog,336.0,3.0,2013.0
795441,"Magnolias and Murder (Witches of Keyhole Lake, 16)",Tegan Maher,159.0,4.625,2023.0
1244666,The Wastelands of Oz,Kasey Hill,568.0,5.0,2016.0
725304,"A Year at the Races: Reflections on Horses, Humans, Love, Money, and Luck",Jane Smiley,304.0,4.09090909090909,2004.0
2311346,The Catholic Warrior,Robert Abel,139.0,5.0,2003.0
33309,"Benvenuti in Accademia (Tales from the Shadowhunter Academy, #1)",Cassandra Clare,44.0,4.33333333333333,2015.0
592822,Clinical Cardiology Made Ridiculously Simple,Michael A. Chizner,358.0,4.0,2004.0
1676201,Hersenschimmen,J. Bernlef,160.0,2.0,1984.0
1106548,Manhunt: The Ten-Year Search for Bin Laden from 9/11 to Abbottabad,Peter L. Bergen,400.0,4.75,2012.0
1673771,Ostatni serwer,Jakub K. Dębski,24.0,4.0,2016.0
2214119,Around the Table: Recipes and Inspiration for Gatherings Throughout the Year,Martina McBride,453.0,5.0,2014.0
919351,"Bloodline (Wars of the Roses, #3)",Conn Iggulden,489.0,5.0,2015.0
283686,The Conservative Mind: From Burke to Eliot,Russell Kirk,566.0,5.0,1953.0
502157,Stalker. Pícnic extraterrestre,Arkady Strugatsky,312.0,3.5,1972.0
690856,"Return to 20, 000 Leagues Under the Sea",Steve Barlow,352.0,4.6,2011.0
1356321,Bıçak (Harry Hole #12),Jo Nesbø,592.0,4.66666666666667,2019.0
193129,O Médico e o Monstro,Robert Louis Stevenson,190.0,4.0,1886.0
70307,Becoming Family,Mary Head,271.0,5.0,
800614,Ritme: op zoek naar een terugkerende tijd,Marli Huijer,206.0,3.5,2011.0
9915,南怀瑾系列：人生无真相【南怀瑾讲中国智慧：读得懂、学得会、用得上的传统文化，助你在剧变时代看清大势、成事成才！】 (Chinese Edition),南怀瑾,185.0,5.0,
1987649,To Murder a Saint (Saint Mysteries #1),Nicole Loughan,78.0,2.0,2013.0
185337,At Heaven's Gates,Sunil Gangopadhyay,164.0,4.0,
409791,The Investors Guide to Growing Wealth in Self Storage: The Step-By-Step Playbook for Turning a Real Estate Asset Into a Thriving Self Storage Business,A.J. Osborne,186.0,4.0,
588417,"I Survived the Destruction of Pompeii, AD 79: The Graphic Novel (I Survived Graphic Novels #10)",Lauren Tarshis,0.0,4.14285714285714,
277617,مجموع الفتاوى,ابن تيمية,9272.0,5.0,1997.0
1728010,"Eldest (Inheritance, #2)",Christopher Paolini,844.0,4.0,2005.0
960772,Refining the Body With Fire (From Cellar to Throne: Zen's Quest for Immortality #1),En Chi Jie Tuo,241.0,5.0,
2096865,The Inferno,Dante Alighieri,,4.66666666666667,1320.0
1665311,"Fool of Main Beach (Love in Laguna, #5)",Tara Lain,274.0,4.33333333333333,2017.0
727641,The Surprising Rebirth of Belief in God: Why New Atheism Grew Old and Secular Thinkers Are Considering Christianity Again,Justin Brierley,259.0,4.66666666666667,
1583773,Една тайна витае във въздуха (Магическата аптека #1),Anna Ruhe,264.0,4.75,2018.0
236336,A Spark of Light,Jodi Picoult,381.0,3.85268817204301,2018.0
703294,"Lord of Chaos (The Wheel of Time, #6)",Robert Jordan,1049.0,4.45357142857143,1994.0
2596741,Steve Jobs,Walter Isaacson,742.0,4.0,2011.0
1869358,Air Base Attacks and Defensive Counters: Historical Lessons and Future Challenges,Alan J. Vick,100.0,5.0,
2337583,Il cielo rubato,Andrea Camilleri,111.0,3.0,2009.0
1718122,"Inselliebe auf Sylt (Inselträume auf Sylt, #1)",Julia K. Rodeit,305.0,4.0,
1412414,Charged: The New Movement to Transform American Prosecution and End Mass Incarceration,Emily Bazelon,448.0,4.29166666666667,2019.0
1720355,Students of the Order,Edward W. Robertson,690.0,4.4,
363521,"Adrian Mole: The Prostrate Years (Adrian Mole, #8)",Sue Townsend,432.0,4.5,2009.0
2434613,When Secrets Come to Light: A novel of love and tangled friendships,George Hopkins,307.0,5.0,
58499,"Новая карта мира: Энергетические ресурсы, меняющийся климат и столкновение наций",Daniel Yergin,444.0,3.66666666666667,2020.0
1661126,الجريمة والعقاب,ديستوفيسكي,627.0,4.0,1866.0
1038218,Lobo,Manuel Cerdán,376.0,3.0,2003.0
757265,"Legally Mine (Spitfire, #2)",Nicole  French,385.0,4.0,2017.0
2087429,De terechtstelling,Val McDermid,441.0,5.0,1998.0
680635,"Powers, Weakness, and the Tabernacling of God",Marva J. Dawn,186.0,5.0,2001.0
2116110,Jolly Time Books: Dark Shadows (Storytime #18),Karen S. McGowan,32.0,3.0,
1964555,Double Cross: Deception Techniques in War,Paul B. Janeczko,256.0,3.0,
1017039,High School Musical 3: Making Memories,Walt Disney Company,24.0,3.5,2008.0
164875,A Journey to the Center of the Earth,Jules Verne,288.0,5.0,1864.0
2166580,The Summer My Life Began,Shannon Greenland,256.0,2.0,2012.0
1413923,Call It What You Want,Alissa DeRogatis,258.0,3.75,2023.0
208826,Handling a nošení dětí,Vanda Schreierová,124.0,5.0,
1735445,The Great Gatsby,F. Scott Fitzgerald,258.0,4.28571428571429,1925.0
427864,"Moje ptaki, zwierzaki i krewni (Trylogia z Korfu, #2)",Gerald Durrell,251.0,4.0,1969.0
1194231,"The Birth of Biopolitics: Lectures at the Collège de France, 1978-1979",Michel Foucault,368.0,4.34615384615385,2004.0
1741550,The Confessor's Wife,Kelly  Evans,370.0,4.44444444444444,
948204,Artilugios del Placer: Antología de Candentes Relatos,Carmen Solís,92.0,5.0,2021.0
76748,My Abuelita,Tony Johnston,32.0,3.5,2009.0
1702052,"No Bad Days (Fisher Brothers, #1)",J. Sterling,,3.66666666666667,2017.0
1375948,Shores of Change (Shores of Sunset Cove #4),Kel Summers,159.0,5.0,
2468330,La prison est-elle obsolète ?,Angela Y. Davis,154.0,4.5,2003.0
866399,Hidden Hunter (The Night Vigil),Mark Peterson,,1.0,
2192609,عصفور المقهى,سوزان عليوان,,3.0,1994.0
2120040,The Galactiad,Gregory Kern,128.0,1.0,1983.0
1362666,101 Erotic Romance Story Starters Volume 2 (101 Romance Story Starters),Annette Elton,24.0,5.0,2014.0
1232361,The Missing Pieces of Me,Amelia Mandeville,336.0,4.0,
2152608,Appetite for Life: The Biography of Julia Child,Noël Riley Fitch,0.0,5.0,1997.0
2420918,"Japanese Battleships, 1897-1945: A Photographic Archive",R.A. Burt,167.0,5.0,2015.0
363975,Lesser Apocalypses,Bayard Godsave,135.0,5.0,2012.0
934880,Pamietnik,Nicholas Sparks,256.0,4.66666666666667,1996.0
1276840,"How To Roast Everything: A Game-Changing Guide to Building Flavor in Meat, Vegetables, and More",America's Test Kitchen,416.0,2.0,
1267832,Dešimt,Ugnė Barauskaitė,227.0,5.0,2005.0
842893,"Mein Freund, der Husky",Christopher  Ross,256.0,4.5,2008.0
482955,The Special Air Service,Philip Warner,320.0,3.0,
2063525,رعب دانويتش,H.P. Lovecraft,128.0,3.0,1929.0
314979,Criminal Law - Developed for Law School Exams and the Multistate Bar,AudioOutlines,0.0,3.0,
1156199,Songs Of Us,Emma   Cooper,432.0,3.375,2018.0
2497176,Gli scellerati,Frédéric Dard,192.0,3.0,1959.0
250291,"Ein dänisches Verbrechen (Gitte Madsen, #1)",Frida Gronover,382.0,5.0,2018.0
197324,"Dry Spell (Sweet Escape, #1)",Mia London,220.0,4.0,2018.0
771113,Passing and the Fictions of Identity (New Americanists),Elaine K. Ginsberg,312.0,3.5,1996.0
2320273,Gunthar- Lord of the Black Throne,Steve Dilks,100.0,5.0,2023.0
1536921,Forget Me? Not,Darlene Gardner,161.0,3.0,2000.0
946854,Coastal Cruising Made Easy,American Sailing Association,176.0,5.0,
2452980,Life in the United Kingdom: A Guide for New Residents,Home Office,180.0,3.75,2013.0
64000,Billionaire's Secret Baby,Eva Luxe,177.0,1.0,
2081137,"A Negotiated Marriage (Convenient Marriages, #1)",Noelle  Adams,193.0,4.0,2013.0
63606,Stranger,Ben H. Winters,2.0,3.27777777777778,
932144,Der chinesische Verräter,Adam Brookes,402.0,5.0,2014.0
951772,Stonecoat (AIR),Amanda Booloodian,142.0,3.0,2017.0
2365569,Russia and the Golden Horde: The Mongol Impact on Medieval Russian History,Charles J. Halperin,192.0,4.5,1985.0
1265092,I full galopp (Flisan #2),Pia Hagmar,122.0,3.0,2004.0
1133974,"Saga of the Swamp Thing, Book Two",Alan             Moore,216.0,3.0,1985.0
1985657,Trots en Vooroordeel,Jane Austen,352.0,4.0,1813.0
206375,Jedno życzenie,Nicholas Sparks,448.0,4.27777777777778,2021.0
514407,Vino in Vo,Chrisy Krueger,320.0,3.0,2007.0
2336613,La tinta del corazón,Merche Diolch,298.0,5.0,
1403979,The Atomic City Girls,Janet Beard,384.0,3.9375,2018.0
1240490,Sweet Nothings,Sefryana Khairil,314.0,3.45454545454545,2012.0
49739,The Girl from Berlin,Ronald H. Balson,384.0,4.5,2018.0
60150,Her Big Fat Foxy Billionaire Best Friend (Billionaire #2),Victorine E. Lieske,220.0,5.0,2017.0
987782,"The Night Has Claws (The Magdeburg Trilogy, #2)",Kat Kruger,280.0,5.0,2013.0
629649,Az aranykor fénykora,Zsófi Kemény,276.0,3.0,2022.0
369953,The Chosen: 40 Days with Jesus,Amanda Jenkins,176.0,5.0,
131900,Gorgeous Misery (Creeping Beautiful #3),J.A. Huss,362.0,4.0,2022.0
296690,"All Just Glass (Den of Shadows, #7)",Amelia Atwater-Rhodes,256.0,4.0,2010.0
1288667,Daisy Jones & The Six,Taylor Jenkins Reid,18.0,3.75,2019.0
2564886,Red Team Development and Operations: A practical guide,Joe Vest,334.0,4.0,
177337,حاج مم‌جعفر در پاريس,Iraj Pezeshkzad,266.0,3.0,1954.0
2376475,Texas! Trilogy,Sandra       Brown,600.0,4.8,1991.0
52316,"On Her Majesty's Occult Service (Laundry Files, #1-2)",Charles Stross,562.0,4.3,2007.0
369193,Gefühl.voll (Die Sinn.Voll-Serie #3),Katrina Verde,283.0,3.0,
415848,A Special Place: The Heart of a Dark Matter,Peter Straub,136.0,3.5,2009.0
274440,Zánik antiky,Jan Burian,112.0,4.0,
393097,Secret Lives of Great Artists: What Your Teachers Never Told You About Master Painters and Sculptors,Elizabeth Lunday,288.0,4.0,2008.0
2267762,"Sé que estás viva (Guadalupe y Valentín, #2)",Nacho Abad,512.0,3.5,
986431,"らき☆すた5 (Lucky Star, #5)",Kagami Yoshimizu,136.0,4.75,2007.0
505131,"The Year We Fell Down (The Ivy Years, #1)",Sarina Bowen,270.0,4.6,2014.0
594107,A proposito di niente,Woody Allen,434.0,3.75,2020.0
534446,"Traitor (Traitor, #1)",Sandra Grey,372.0,3.89473684210526,2008.0
2451922,Wolfgang Puck Makes It Easy: A Step-by-Step Recipe Collection for the Home,Wolfgang Puck,595.0,4.0,2004.0
1042146,"Birthright (Ivy Granger, #4)",E.J. Stevens,272.0,4.0,2015.0
1478043,"七つの大罪 13 [Nanatsu no Taizai 13] (The Seven Deadly Sins, #13)",Nakaba Suzuki,192.0,4.0,2015.0
1205928,"Sterf voor mij (Romantic Suspense, #7; Philadelphia/Atlanta, #1)",Karen      Rose,480.0,4.16666666666667,2007.0
685860,The Gold-Bug,Edgar Allan Poe,60.0,3.15384615384615,1843.0
1364460,Statistics: Unlocking the Power of Data--Student Solutions Manual,Robin H. Lock,268.0,4.0,
2420643,Héroïne,Ann Scott,216.0,3.0,2005.0
774668,It-Tfal Jiġu bil-Vapuri,Oliver Friggieri,250.0,4.0,2000.0
862387,Kui hingusest saab õhk,Paul Kalanithi,205.0,4.5,2016.0
1788032,Rules of Our Own (Rule Breaker #3),Jessa Wilder,,4.0,2023.0
116529,Play Between Worlds: Exploring Online Game Culture,T.L. Taylor,197.0,4.0,2012.0
1025316,اليوم الموعود,نجيب الكيلاني,256.0,5.0,1999.0
617814,"Cross Justice (Alex Cross, # 23)",James Patterson,420.0,4.0,2015.0
293156,Jack Grealish: The Inspiring Story of One of Soccer's Star Midfielders (Soccer Biography Books),Clayton Geoffreys,61.0,4.0,
968808,دام,Tadeusz Różewicz,195.0,3.0,1997.0
1649724,"Axolot (Axolot, #6)",Patrick Baud,133.0,4.0,
371795,Future Perfect: The Case for Progress in a Networked Age,Steven Johnson,250.0,3.0,2012.0
2040548,No One at the Wheel: Driverless Cars and the Road of the Future,Samuel I. Schwartz,233.0,3.0,2018.0
530063,Dambuster Raid Crash Sites: 617 Squadron in Holland and Germany (Aviation Heritage Trail),Chris Ward,176.0,4.0,2008.0
91996,Dragonwatch (Dragonwatch #1),Brandon Mull,437.0,4.7,2017.0
2093678,Sammy Finds Owl a New Home (Sammy Bird),V. Moua,0.0,4.0,
2168479,"Bravo Team Boxed Set, Part 3: Guardian Hostage Rescue Specialists (Guardian Hostage Rescue Specialists Boxed Sets Book 5)",Ellie Masters,737.0,3.6,
850424,Woman at the Devil's Door: The Untold True Story of the Hampstead Murderess,Sarah Beth Hopton,296.0,3.0,2017.0
1819176,Hangi Atatürk,Attilâ İlhan,426.0,4.0,1981.0
2090325,"Ljubavnica Rima (The Empress of Rome, #1)",Kate Quinn,471.0,4.33333333333333,2010.0
2601910,穿成反派的猫 [Transmigrated as the Villain’s Cat],西山鱼,,4.0,
71662,The Footmen's Club Series Box Set: Books 1-3,Valerie Bowman,768.0,4.33333333333333,
664089,Living Dead Girl (Living Dead World #1),Nessie Strange,196.0,5.0,2014.0
837739,داستان‌های خوب برای دختران بلندپرواز: قصه‌هایی درباره زنان استثنایی,Elena Favilli,200.0,4.25,2016.0
1245108,"Lola, petite, grosse et excitée (Lola, petite, grosse et exhibitionniste, #2)",Louisa Méonis,108.0,3.0,2015.0
1223704,Challenge of the Super Sons (2020-) #3,Peter J. Tomasi,23.0,4.0,
1772083,Vlčí krev,Hal George Evarts,102.0,5.0,
848113,Captive 1.5 - Perfectly Wrong,Sarah Rivens,544.0,3.91666666666667,2022.0
641230,"Hooked: Pirates, Poaching, and the Perfect Fish",G. Bruce  Knecht,288.0,4.44444444444444,2006.0
2394903,Three,Ann Quin,143.0,4.0,1966.0
1189243,Redada de violetas,Arturo Arnalte,303.0,5.0,
745496,The Fairy Tale Bride (Once Upon a Wedding #1),Kelly McClymer,320.0,3.46774193548387,2000.0
1047528,The Dorean Principle: A Biblical Response to the Commercialization of Christianity,Conley Owens,193.0,4.25,
515599,Eksmitowani. Nędza i zyski w jednym z amerykańskich miast,Matthew Desmond,512.0,4.0,2016.0
569999,Bleak House,Charles Dickens,989.0,4.21428571428571,1853.0
337663,"Kindness Goes Unpunished (Walt Longmire, #3)",Craig Johnson,258.0,4.44444444444444,2007.0
1570838,Queen of Coin and Whispers (Queen of Coin and Whispers #1),Helen Corcoran,292.0,3.0,2020.0
309014,The Crimes Of Love,E.L. Beth,385.0,4.0,
1096763,"The Saddlemaker's Wife (Ruby McGavin, #1)",Earlene Fowler,368.0,3.66666666666667,2006.0
2008635,Pete Motanul și ochelarii săi magici,Kimberly  Dean,,4.0,2013.0
678041,First Born,Will Dean,368.0,3.53982300884956,2022.0
1386083,To Choke An Ocean,J.F. Bone,40.0,5.0,1960.0
66308,The Marriage Plot,Jeffrey Eugenides,406.0,2.88888888888889,2011.0
529492,The Private Lives of Trees,Alejandro Zambra,96.0,4.0,2007.0
1657080,"Rückkehr der Engel (Angelussaga, #1)",Marah Woolf,9.0,4.0,2018.0
369695,"To Hunt the Hunter (Girls Who Dare, #11)",Emma V. Leech,315.0,4.16666666666667,2020.0
202270,Strega Nona,Tomie dePaola,44.0,4.31565967940814,1975.0
385875,"The Serpent's Secret (Kiranmala and the Kingdom Beyond, #1)",Sayantani DasGupta,338.0,4.0,2018.0
2249961,The Shell Collector,Nancy Naigle,352.0,4.0,2021.0
1583610,"Sem Saída na Mansão da Asa de Morcego (Give Yourself Goosebumps, #3)",R.L. Stine,137.0,3.0,1995.0
1810072,Sunset Embrace (Coleman Family Saga #1),Sandra       Brown,360.0,4.66666666666667,
1576416,The Nordic Baker: Plant-Based Bakes and Seasonal Stories from a Kitchen in the Heart of Sweden,Sofia  Nordgren,224.0,5.0,
1459625,The Bomb,Theodore Taylor,161.0,3.25,1995.0
640032,Gemini Bites,Patrick Ryan,240.0,2.875,2011.0
1625694,A Craving For Massive,Nina Sestina,28.0,3.6,
2497557,Faking It With A Billionaire Player (Hot Billionaire Sports Players Series),Breanna Lake,312.0,4.0,
1233203,Nos âmes fêlées tome 2,Céline Ruben,1.0,2.0,
2432847,Full Dark House (Peculiar Crimes Unit #1),Christopher Fowler,376.0,3.0,2003.0
990420,Mercenary's Honor (Silhouette Romantic Suspense),Sharron McClellan,224.0,4.0,2008.0
774455,"ghostgirl (ghostgirl, 1)",Tonya Hurley,328.0,2.5,2008.0
1787277,Conflict: The Evolution of Warfare from 1945 to Ukraine,David H. Petraeus,582.0,3.0,2023.0
1119006,Hayır...,Adalet Ağaoğlu,275.0,3.85714285714286,1987.0
591391,Shoulders: A Novel,Georgia Cotrell,258.0,4.5,1987.0
2212684,On the Road with Saint Augustine: A Real-World Spirituality for Restless Hearts,James K.A. Smith,251.0,4.75,2019.0
2224525,12 Rules for Life: An Antidote to Chaos,Jordan B. Peterson,0.0,5.0,2018.0
2453878,Teaching as a Subversive Activity,Neil Postman,239.0,5.0,1969.0
1261333,Die Magie der Lüge (Die Magie der Namen #2),Nicole Gozdek,336.0,5.0,
251891,Someone to Call Her Own,Rowena Summers,294.0,5.0,
76876,"Selections from Fragile Things, Volume Three: 5 Short Fictions and Wonders",Neil Gaiman,500.0,4.0,2009.0
1737223,החווה המסתורית,Liat Rotner,160.0,2.0,
578211,"Matrimoni, bugie e appuntamenti",Leslie Carroll,362.0,3.0,2005.0
2206978,The Signature of God / the Handwriting of God,Grant R. Jeffrey,555.0,5.0,1996.0
28618,Shakespeare in a Divided America,James Shapiro,320.0,4.0,2020.0
707892,Kapak Kızı,Ayfer Tunç,264.0,4.4,1992.0
2214212,Damascus Cover,Howard Kaplan,,3.0,1977.0
2519743,Haunted Cemeteries Across America: 500 Haunted Cemeteries from Around the Country,Sarah Jewel,411.0,5.0,
1121575,What Grows in the Dark,Jaq Evans,304.0,4.0,2024.0
1018200,The Maharajah's General (Jack Lark #2),Paul Fraser Collard,338.0,5.0,2013.0
618615,Las lágrimas,Pascal Quignard,154.0,4.0,2016.0
2280842,"Second Form at Malory Towers (Malory Towers, #2)",Enid Blyton,,4.0,1947.0
1190071,Graysen Green Dress Tries a Pink Dress,Jessica Bealer,22.0,5.0,2012.0
1785673,"The Asylum Interviews: Trixie (The Asylum Tales, #0.6)",Jocelynn Drake,100.0,4.75,2012.0
1981225,The Stupid Things My Human Does: True Stories from the Animal ER,Barrie Sands,115.0,4.5,
575149,Η ποίηση εντός μου,Άννα Ραζή,,5.0,
2484837,"Umori po abecedi (Hercule Poirot, #12)",Agatha Christie,298.0,3.0,1936.0
1336907,La Maison de papier,Françoise Mallet-Joris,320.0,3.5,1970.0
2580034,"Der Ritt zum Pferdefest (Ponyhof Kleines Hufeisen, #4)",Andrea Pabel,123.0,5.0,1994.0
1697768,Madame Doubtfire,Anne Fine,192.0,3.90243902439024,1987.0
1795127,Our Strangers: Stories,Lydia Davis,353.0,3.83333333333333,2023.0
1546711,Hammer's German Grammar and Usage,Martin Durrell,576.0,1.0,1971.0
1160778,Relaciones 101 (Spanish Edition),John C. Maxwell,110.0,4.0,
2071747,"Where There’s A Will (Conway Collateral Duet, #1)",Ember  Hughes,,4.33333333333333,2024.0
14696,The People's Guide to J.R.R. Tolkien,TheOneRing.net,416.0,4.0,2003.0
621508,"Fasting Guide: The Ultimate Guide to Intermittent Fasting for Beginners, Discover and Learn All The Information About This Feast and Famine Diet",Cameron Thane,48.0,1.0,
1465973,Broken Court: The Complete Series,Heather  Renee,629.0,5.0,2022.0
60686,"The Last Duel: A True Story of Crime, Scandal, and Trial by Combat",Eric Jager,256.0,4.0,2004.0
539634,O Caso dos Exploradores de Cavernas,Lon L. Fuller,96.0,3.0,1949.0
2144703,Shaw on Music: A Selection From the Music Criticism of Bernard Shaw,George Bernard Shaw,307.0,4.0,1931.0
1492343,"Entführt in der Dämmerung (Shadow Falls Camp, #3)",C.C. Hunter,530.0,3.0,2012.0
1119024,"The Spy Wore Blue (Lord and Lady Spy, #1.5)",Shana Galen,100.0,3.6,2013.0
45874,"Bokurano: Ours, Vol. 11 (11)",Mohiro Kitoh,224.0,3.0,2009.0
2403975,Just Plain Fancy,Patricia Polacco,32.0,4.2,1990.0
2168986,Grendel,John Gardner,152.0,4.5,1971.0
1556723,Napoleón en Chamartín (Spanish Edition),Benito Pérez Galdós,198.0,3.0,1874.0
2131852,Almina Rose,Jl Davis,294.0,5.0,
1857520,De ondraaglijke blankheid van het bestaan. Een bewogen leven in het land van Mandela,Marianne Thamm,352.0,4.0,2016.0
1948101,"The Jews of Kaifeng, China: History, Culture, and Religion",Xin Xu,0.0,5.0,2003.0
4584,The Story of Ireland,Brian Inglis,272.0,3.0,
812044,Coventry,Rachel Cusk,256.0,5.0,2019.0
603665,"The Double Cross (Someday Quilts Mystery, #3)",Clare O'Donohue,302.0,4.33333333333333,2010.0
259552,Hævnet: Krimi (Danish Edition),Gittemie Eriksen,378.0,5.0,
1551951,المغربية في شرح العقيدة القيروانية,عبدالعزيز بن مرزوق الطريفي,386.0,5.0,
279143,"Star Wars: Rebel Stand (Star Wars: The New Jedi Order, #12; Enemy Lines, #2)",Aaron Allston,,4.0,2002.0
1183569,Calma (The School of Life) (Portuguese Edition),The School of Life,136.0,5.0,2016.0
1470157,Después,Stephen        King,244.0,4.14285714285714,2021.0
2089776,Human Error,James Reason,324.0,4.0,1990.0
84898,Océano mar,Alessandro Baricco,240.0,4.29411764705882,1993.0
1013764,I Told Me So: Self-Deception and the Christian Life,Gregg A. Ten Elshof,159.0,5.0,2009.0
1711135,மிதவை,Nanjil Nadan,144.0,3.0,1986.0
1447735,Jeg skal beskytte deg,Birger Emanuelsen,313.0,4.0,
1662382,Jan van Scorel: Een leven in schetsen : biografische roman,Hanny Alders,191.0,4.0,1995.0
1829641,"Renegade (Underdog, #8)",Alexey Osadchuk,629.0,4.3,2022.0
1509336,"Игра престолов: Цикл ""Песнь Льда и Пламени""",George R.R. Martin,882.0,4.0,1996.0
1019292,"Eternity (Descendants of Ra, #1)",Tmonique Stephens,382.0,3.0,2012.0
2014673,Holding Out for a Hero: A Protector Romance Collection,Rachel  Grant,1605.0,4.0,2021.0
899788,Chart Interpretation Handbook: Guidelines for Understanding the Essentials of the Birth Chart,Stephen Arroyo,196.0,4.69230769230769,1989.0
1574093,Tabernacle of Moses vs. Tabernacle of David,Lenny de Cruz,7.0,5.0,
885281,Strange Hotel,Eimear McBride,160.0,4.5,2020.0
1380427,Northug : en biografi,unknown author,0.0,4.0,
1386552,Ad astra: cuentos de ficción científica,Peter Watts,180.0,3.5,2013.0
1893876,Beginning MapServer: Open Source GIS Development (Expert's Voice in Open Source),Bill Kropla,448.0,5.0,2005.0
1204869,"My Hero Academia, Tome 08 [Boku No Hero Academia 8] (My Hero Academia, #8)",Kohei Horikoshi,192.0,3.0,2016.0
908917,1Q84 - Livro 2 (Portuguese Edition),Haruki Murakami,368.0,4.0,2009.0
128231,Sieviete smiltīs,Kōbō Abe,192.0,5.0,1962.0
374083,"An Outlaw and a Lady: A Memoir of Music, Life with Waylon, and the Faith that Brought Me Home",Jessi Colter,299.0,4.75,2017.0
2569198,Инструкция к жизни. С любовью от ШКЯ,Ева Морозова,104.0,5.0,2023.0
686318,Kristine Series 29: One Wish 1,Martha Cecilia,128.0,5.0,
1941899,X-Men Milestones: Inferno,Chris Claremont,496.0,3.0,2019.0
778377,Mrs. Frisby and the Rats of NIMH,Robert C. O'Brien,268.0,4.4,1971.0
1617426,"Vrolijk Kerstfeest, Paultje!",Brigitte Weninger,26.0,5.0,1998.0
2486635,Be an Extraordinary Person in an Ordinary World,Robert H. Schuller,176.0,4.0,1986.0
2355848,"Alex (Verhœven, #2)",Pierre Lemaitre,326.0,2.0,2011.0
1268586,Sophie Street (A Pendragon Island Saga Book 6),Grace Thompson,256.0,4.0,
663708,"The Mirror and the Maelstrom (The Seraphinium, #4)",Daniel McHugh,301.0,5.0,2012.0
1477857,Ascendance of a Bookworm: Fanbook 2 (Volume 2) (Ascendance of Bookworm: Fanbook),Miya Kazuki,96.0,4.0,2017.0
2470686,Ripple Effect,N.A. Cooper,306.0,4.0,2022.0
2129921,Thru the Bible Vol. 27: The Prophets (Hosea/Joel),J. Vernon McGee,172.0,5.0,1978.0
1429623,Longstreet: The Confederate General Who Defied the South,Elizabeth Varon,476.0,4.0,
775023,Something in the Water: Im Sog des Verbrechens,Catherine Steadman,400.0,3.0,2018.0
1688698,"Beweg dich! Und dein Gehirn sagt Danke: Wie wir schlauer werden, besser denken und uns vor Demenz schützen",Manuela Macedonia,184.0,5.0,
1216510,Death and the Downs: The Poetry of Charles Hamilton Sorley,Charles Hamilton Sorley,180.0,4.0,2010.0
835793,Close Quarters (Fox Book 14),Adam Hardy,133.0,4.5,1977.0
1524519,The Black Opal,Victoria Holt,254.0,5.0,1993.0
1059702,House Of Vampires Box Set Books 23-25 (House Of Vampires Box Sets Book 8),Samantha Snow,734.0,5.0,
761689,Waking Up White: And Finding Myself in the Story of Race,Debby Irving,288.0,4.06060606060606,2014.0
2451128,The Treasures of Fanny Crosby,Fanny Crosby,96.0,5.0,2003.0
1601885,"Mary, Mary (Alex Cross, #11)",James Patterson,392.0,4.125,2005.0
2355339,Struggle for National Democracy,Jose Maria Sison,,3.5,
11992,"Gladiator: Fight for Freedom (Gladiator, #1)",Simon Scarrow,356.0,4.33333333333333,2011.0
1627010,Manifiesto Comunista,Karl Marx,127.0,4.0,1848.0
542367,Spy School,Stuart Gibbs,,4.0,2012.0
2488089,Change of Heart: What Psychology Can Teach Us About Spreading Social Change,Nick Cooney,220.0,3.5,2010.0
402131,"Museum of Terror, Vol. 2: Tomie 2",Junji Ito,376.0,4.0,1987.0
544530,Crow Shine,Alan Baxter,296.0,4.0,2016.0
639623,سوانح فتاة,مي زيادة,92.0,2.75,1989.0
1861728,The Naughtiest Unicorn (The Naughtiest Unicorn #1),Pip Bird,161.0,5.0,2019.0
22083,Obsessive Compulsion: Murder by Desire,Mark Wm Smith,70.0,5.0,
1987749,Noola and the Whale Changeling (The Ballad of the Sperm Whale and the Giant Squid Book 1),Chris Adel,194.0,4.0,
894845,Mrs. Chippy's Last Expedition: The Remarkable Journal of Shackleton's Polar-Bound Cat,Caroline Alexander,,5.0,1997.0
1182315,See the Dog: Three Stories About a Cat (See the Cat),David LaRochelle,64.0,4.5,2021.0
2424890,L'abusivo,Antonio Franchini,251.0,5.0,2001.0
1035273,El pan que como,Paloma Díaz-Mas,296.0,4.0,2020.0
863533,"Mein Nachbar, Weihnachten und ich",Lili Eden,241.0,4.0,2020.0
1350174,"Tutor, Nanny, Spit-up, Spy (The Accidental Cases of Emily Abbott, #4)",Perry Elisabeth Kirkpatrick,214.0,5.0,
1848010,"Projections of War: Hollywood, American Culture, and World War II",Thomas Doherty,376.0,3.0,1993.0
1656960,"Zero to One: Notes on Startups, or How to Build the Future",Peter Thiel,224.0,4.75,2014.0
1052231,"Ach, Afrika",Bartholomäus Grill,384.0,4.0,2003.0
224218,House of Marionne,J. Elle,400.0,4.0,2023.0
1892940,Something Just Ain't Right 2 BWWM,Sheena Binkley,155.0,5.0,2015.0
1291735,Homecoming: A Story of Hope out of Heartbreak,Tammy Summers,87.0,5.0,
2270096,Albert Einstein: Il costruttore di universi,Vincenzo Barone,175.0,4.0,
168179,"Appointment at Bloodstar (Family d'Alembert, #5)","E.E. ""Doc"" Smith",,2.0,1978.0
314807,Arcanum Unbounded: The Cosmere Collection,Brandon Sanderson,22.0,4.0,2016.0
1284687,The Morning They Came for Us: Dispatches from Syria,Janine Di Giovanni,224.0,3.0,2016.0
1077530,Twelfth Night- Pocket Classics- S12,William Shakespeare,61.0,3.5,
1680865,Antony,Allan Massie,213.0,3.66666666666667,1997.0
334798,The Visitors' Book: In Francis Bacon's Shadow: The Lives of Richard Chopping and Denis Wirth-Miller,Jon Lys Turner,400.0,5.0,
700414,"The Shadows of Grace (The Half-Orcs, #4)",David Dalglish,346.0,4.23076923076923,2010.0
786285,In the Kitchen with Rosie: Oprah's Favorite Recipes,Rosie Daley,142.0,3.125,1994.0
2116784,Barefoot Kids: Your Epic Money Adventure,Scott Pape,0.0,3.0,
646455,The Mirror Book,Charlotte Grimshaw,259.0,3.875,
1277976,何者,Ryo Asai,272.0,5.0,2012.0
2235326,The Social Psychology of Organizing,Karl E. Weick,294.0,5.0,1979.0
901705,We'll Meet Again,Hilary Green,356.0,4.66666666666667,2005.0
686843,Un royaume de chair et de feu,Jennifer L. Armentrout,763.0,4.4,2020.0
674249,The Foundling,Georgette Heyer,406.0,3.75652173913043,1948.0
1593116,"새디스틱 뷰티 4 (Sadistic Beauty, Vol. 4)",Yunhee Woo,284.0,2.0,
868770,The Binding,Bridget Collins,448.0,4.125,2019.0
175637,Voyage in Noise: Warren Ellis and the Demise of Western Civilization,Kevin Thurman,168.0,5.0,2013.0
2421196,Babamın Yeri,Annie Ernaux,72.0,4.0,1983.0
2179556,Hologram: A Haunting,James Conroyd Martin,226.0,3.0,2014.0
1229669,"Under the Empyrean Sky (The Heartland Trilogy, #1)",Chuck Wendig,368.0,3.5,2013.0
1604474,Justinguitar.Com Beginner's Guitar Course,Justin Sandercoe,192.0,4.0,2011.0
2038493,Frank Langella's Cyrano,Frank Langella,,3.0,1999.0
1543976,"Across the Shores: Four Women, Bound by Generations, Find Love Where They Least Expect",Angela K. Couch,446.0,3.66666666666667,2023.0
1316083,V odstavném pruhu,Adam Pýcha,10.0,4.25,
2087070,Me with You: Quarantine Dairies: 1,Sanjay Lunia,,5.0,2020.0
1868655,Minecraft Seeds: Top 55 Awesome Minecraft Seeds to Use!,Minecraft Seeds Experts,70.0,5.0,2013.0
2234064,"Enemy of the State (Mitch Rapp, #16)",Kyle Mills,437.0,4.2,2017.0
1370747,The Doctor of Nursing Practice Essentials,Mary Zaccagnini,568.0,4.0,2015.0
1118494,Halloween: Trick or Treat! (Sammy Bird),V. Moua,0.0,4.33333333333333,
1721405,Lethal Sins (Redemption Creek Romantic Suspense Book 6),Edie James,264.0,4.85714285714286,
697493,Fructele pământului. Noile fructe.,André Gide,272.0,3.0,1897.0
107411,Proverbs 31 Devotionals: 365 Daily Devotions For God's Daughters,Christian App Empire,435.0,4.0,
865682,Irish Chain in a Day: Single and Double,Eleanor Burns,61.0,3.5,1986.0
2036852,The Five Love Languages: A Summary of Gary Chapman's Book,Gene Williams,48.0,5.0,2013.0
490716,Hafiz's Little Book of Life,Hafez,244.0,5.0,
1270824,Frolic,Cammie Conte,51.0,4.0,2019.0
1275436,Forging Hope: A Post-Apocalyptic EMP Survival Thriller (The EMP Book 9),Ryan Westfield,230.0,3.8,
38625,Caperucita Roja: ¿a quién tienes miedo?,Sarah Blakley-Cartwright,360.0,3.0,2011.0
1881635,Monologue,Harold Pinter,21.0,3.0,1973.0
728458,Chemistry for Breakfast: The Amazing Science of Everyday Life,Mai Thi Nguyen-Kim,236.0,4.14285714285714,2019.0
1416004,The Trail of Tears: Explore the Takeover of Nations from Beginning to End,Adrian Ramos,123.0,4.4,2019.0
2448904,Damaged Little Girl: Nothing is What it Seems,Sunni T. Connor,242.0,5.0,
676944,ფრთხებიან ყვავები დამბაჩის ხმაზე?,Revaz Inanishvili,,5.0,
243914,"Zombie (The Cursed Manuscripts, #2)",Iain Rob Wright,224.0,4.0,
1222030,"Hunting November (Killing November, #2)",Adriana Mather,368.0,4.30985915492958,2020.0
328183,"Hier kommt Lola! (Lola, #1)",Isabel Abedi,192.0,4.6,2004.0
1942586,ربکا,Daphne du Maurier,694.0,4.26923076923077,1938.0
1936957,Chissà se stai dormendo. Diario sexy a due voci,Josie Lloyd,253.0,3.0,1999.0
1322140,Hard Pressed (Calm and Chaos #2),Sharon Maria Bidwell,199.0,4.0,2014.0
2553822,தேவன் வருவாரா [Devan Varuvaara],Jayakanthan,188.0,4.0,1961.0
2019687,"착한 언니는 없다 3 [Chaghan Eonnineun Eobsda 3] (The Kind Older Sister Is No More, #3)",Nyeo-Eum Yun,,4.0,2019.0
2035489,Let It Go,Peter Walsh,256.0,3.0,
1001391,A través del espejo y lo que Alicia encontró allí,Lewis Carroll,,4.0,1871.0
1147135,Evelina och Förändringar,Hanna Christenson,482.0,5.0,2013.0
1201,"Lectura Rápida e Inteligente: Leer Más, En Menos Tiempo, Hecho Sencillo (Spanish Edition)",Manuel de la Cruz,59.0,3.71428571428571,
312918,"Das wahre Märchen (Aschenkindel, #1)",Halo Summer,,3.0,
2464259,Cartas,Caio Fernando Abreu,532.0,5.0,2002.0
34374,La biblioteca di Parigi,Janet Skeslien Charles,400.0,4.24242424242424,2021.0
1382096,"Lugu mungast, kes müüs maha oma Ferrari",Robin S. Sharma,223.0,3.5,1996.0
1751228,God's Many-Splendored Image: Theological Anthropology for Christian Formation,Nonna Verna Harrison,220.0,3.0,2010.0
2511069,Memories of Glass,Melanie Dobson,425.0,4.83333333333333,2019.0
2216208,Twist of the Magi,Caren J. Werlinger,38.0,4.0,2014.0
2156308,"It Takes a Pillage: Behind the bailouts,bonuses, and backroom deals",Nomi Prins,296.0,4.33333333333333,2009.0
2197854,Nuvele şi schiţe,Gala Galaction,112.0,4.0,1934.0
2206281,The Wine of Youth: Selected Stories by John Fante (1985-09-01),John Fante,0.0,2.0,1985.0
496502,"Ondskabens engel (Den store djævlekrig, #4)",Kenneth Bøgh Andersen,315.0,3.95,2010.0
322132,Alt som teller,Ingrid Ovedie Volden,208.0,2.5,2016.0
1428370,Death in Kashmir,M.M. Kaye,332.0,5.0,1953.0
44331,Lost Paradise,Kathy Marks,326.0,4.66666666666667,2008.0
1459994,"Tie Me Down (Bellamy Creek, #4)",Melanie Harlow,330.0,4.5,2021.0
655260,Apprendre à parler avec les plantes,Marta Orriols,238.0,5.0,2018.0
976212,"Garden of Betrayal (Legends of the Aurora, #3)",Rebecca Ferrell Porter,288.0,5.0,
934162,Joe Steele,Harry Turtledove,438.0,3.33333333333333,2015.0
2068168,"Lucia, Tome 1 : Mystère autour de Nemephis (French Edition)",Kevin Kabona,308.0,5.0,
326018,Franz Von Papen Memoirs,Franz von Papen,634.0,4.0,1952.0
187985,Harry Potter and the Cursed Child: The Journey: Behind the Scenes of the Award-Winning Stage Production,Jody Revenson,224.0,3.64935064935065,2019.0
219189,Halcyon: A novel,Elliot Ackerman,338.0,3.5,2023.0
67257,The Dorm Mistake,Ashley  Reyes,254.0,4.0,
1158454,"Final Breath (DCI Jamie Carver, #2)",Robert F. Barker,477.0,4.33333333333333,2017.0
66365,"Jujutsu Kaisen, Vol. 0",Gege Akutami,200.0,4.25,2018.0
2467134,Cómo Hacer Cerveza: Guía Para Principiantes,Kyle Richards,49.0,2.0,2014.0
2067726,In Absentia (Black Acres #1),Ambrose Ibsen,66.0,5.0,2015.0
2408411,The Tears (The French List),Pascal Quignard,200.0,3.0,2016.0
2264653,Geoengineering Earth's Climate: Resetting the Thermostat,Jennifer Swanson,96.0,4.0,2017.0
1435640,King James Version Student Bible,Wayne Rice,,5.0,
858841,Sex and Disability,Robert McRuer,417.0,4.5,2011.0
2130003,Der Aufenthalt,Hermann Kant,600.0,3.0,1985.0
1275970,Divergent (Divergent Series): By Veronica Roth -- Review,Expert Book Reviews,44.0,4.0,2013.0
2042265,Lucky's Last Theory: A Novel,Frank Meronk,644.0,3.0,2019.0
1139078,Shanghai Murder,Jessie Chandler,,3.0,
263205,"Magic Knight Rayearth, Vol. 4 (Magic Knight Rayearth II, #1)",Clamp,208.0,5.0,1995.0
1748097,I killer non vanno in pensione,Francesco Recami,592.0,2.5,2022.0
147674,The Revolution Will Not Be Microwaved: Inside America's Underground Food Movements,Sandor Ellix Katz,400.0,4.36363636363636,2006.0
436950,آلام صوفي,Comtesse de Ségur,242.0,4.5,1857.0
974117,"Bad Data: How Governments, Politicians and the Rest of Us Get Misled by Numbers",Georgina Sturge,274.0,5.0,2022.0
33075,The Illustrated Anansi: Four Caribbean Folk Tales,Philip M. Sherlock,48.0,3.0,1995.0
1289413,"Overwhelmed (DIG Security, #2)",Laina Kenney,76.0,4.0,2010.0
2581584,Bad Fruit,Ella   King,266.0,4.0,2022.0
2522589,Teppū 3,Moare Ōta,199.0,4.0,2010.0
2418659,Happy Times,Lee Radziwill,168.0,3.5,2001.0
815481,Did Jesus Rise From The Dead?,William Lane Craig,89.0,5.0,2014.0
1466865,Innamorarsi a Notting Hill,Ali McNamara,375.0,3.2,2010.0
171638,ڤيرتيجو,أحمد مراد,402.0,3.7158836689038,2007.0
1580551,Emily & Einstein: A Novel of Second Chances,Linda Francis Lee,368.0,3.0,2010.0
663166,"The Fairy-Tale Detectives (The Sisters Grimm, #1)",Michael Buckley,316.0,4.48648648648649,2005.0
327364,Abracadaver,McInerny,251.0,3.0,1989.0
1600972,The White Flag (Best illustrated),Gene Stratton-Porter,511.0,5.0,1923.0
1663639,The General Political Line of the Communist Party of Peru,Communist Party of Peru,121.0,4.0,
1181062,The Perfect Escape,Suzanne Park,336.0,3.47368421052632,2020.0
28149,Beauty and Sadness,Yasunari Kawabata,152.0,3.0,1964.0
1776564,You Beneath Your Skin,Damyanti Biswas,392.0,4.5,2019.0
2059947,The Rib King,Ladee Hubbard,383.0,3.33333333333333,2021.0
1055073,Verso and Other Stories,Matt   Weber,139.0,5.0,
721713,The Trojan Dog,Dorothy Johnston,268.0,3.0,2000.0
1342864,The Ultimate Quotable Einstein,Freeman Dyson,576.0,5.0,2010.0
1798100,The Boy Who Could See Demons,Carolyn Jess-Cooke,268.0,4.5,2012.0
779417,Mokadji : den gyllene stenens kraft,Mattias  Olsson,347.0,3.5,
197039,"Whole 30 Meal Prep: Quick, Simple and Delicious Recipes for Weight Loss and Save Time",Emily Roberts,112.0,5.0,
800180,The Sorcerer's Daughter (The Defenders of Shannara #3),Terry Brooks,338.0,4.1304347826087,2016.0
1229470,The Iceman: The True Story of a Cold-Blooded Killer,Anthony  Bruno,322.0,3.55555555555556,1993.0
2212000,"The Obituary (Jefferson Morgan, #2)",Ron Franscell,250.0,4.0,2010.0
2392317,Micro,Michael Crichton,388.0,2.0,2011.0
734400,Choisie (La Maison de la Nuit #3),P.C. Cast,288.0,3.0,2008.0
1474063,Sh**ged. Married. Annoyed.,Chris  Ramsey,8.0,5.0,2020.0
2147137,El diablo en coma,Mark Lanegan,160.0,4.0,2021.0
545963,I Like That About Her: Book 2  (I Like That About Her #2),Aleks Mitchell,177.0,4.5,
397330,"Cirque Du Freak: The Vampire Prince, Vol. 6",Darren Shan,192.0,4.77272727272727,
1363393,Míster Políticus,Ramón Fonseca Mora,,3.0,
2440332,John Thompson's Easiest Piano Course: First Christmas Tunes,John  Thompson,0.0,4.0,1997.0
1066702,The Little Orphan's Christmas Miracle,Nell Harte,228.0,4.5,
911019,منهج الأشاعرة في العقيدة تعقيب على مقالات الصابوني,سفر الحوالي,,3.0,
1865838,"The Active-Enzyme, Lemon-Freshened Junior High School Witch",E.W. Hildick,208.0,5.0,1973.0
975456,Roll Around Heaven All Day: A Piecemeal Journey Across America by Bicycle,Stan Purdum,295.0,3.0,1998.0
992769,The Knowledge of the Holy: The Attributes of God (AW Tozer Series Book 2),A.W. Tozer,90.0,4.66666666666667,1961.0
1289298,Życie Pana Moliera,Mikhail Bulgakov,207.0,3.0,1929.0
2132204,"young men, skin (BlankVerseDead folio series)",Sarah D'Stair,12.0,4.0,
1354962,Naglfar: Das Schiff der toten Götter (German Edition),Mikael Lundt,324.0,5.0,
118734,"Scherben der Ehre (Barrayar-Zyklus, #1)",Lois McMaster Bujold,335.0,3.0,1986.0
2108393,الصهباء الساحرة وحديث عن الحياة والكتابة,سكوت  فيتزجيرالد,168.0,4.0,
161527,ABCDEFGHIJKLMNOPQRSTUVWXYZ,Karla Kuskin,,4.0,
2216920,Le Vendicatrici: Ksenia,Massimo Carlotto,317.0,5.0,2013.0
1104476,The Book of Lost Things,John Connelly,310.0,4.75,2006.0
1610389,کیمیاگر,Paulo Coelho,104.0,3.0,1988.0
1589457,The Mismatch,Sara Jafari,368.0,3.78787878787879,2021.0
2375070,"Seraph of the End, Vol. 2",Takaya Kagami,200.0,4.48780487804878,2013.0
172250,Praktický návod na dojčenie,Andrea Poloková,124.0,5.0,2012.0
1134493,As the Crow Flies,Melanie Gillman,272.0,2.66666666666667,2017.0
1785399,Dance as Yoga: The Spirit and Technique of Odissi,Rekha Tandon,228.0,5.0,2017.0
1079465,"O Mistério do Ladrão Invisível (Mistério, #8)",Enid Blyton,141.0,4.0,1950.0
1533626,DAYS 7,Tsuyoshi Yasuda,192.0,2.0,2014.0
396307,"Spellfighters, Season One: Revelation",A.R. Simons,,5.0,
2376145,"The Scorch Trials (Maze Runner, #2)",James Dashner,359.0,3.66666666666667,2010.0
1185869,Οι συγκάτοικοι,Beth O'Leary,496.0,4.16666666666667,2019.0
1814084,The Coded Blue Envelope: A Sherlock Holmes and Lucy James Mystery,Anna Elliott,144.0,4.4,2020.0
587838,Her Zerre Kara,Özen Yula,317.0,2.0,
294317,Galeony wojny. Tom 1,Jacek Komuda,400.0,4.0,2007.0
1920234,Alphas Gone Wild Boxed Set,Michelle Fox,481.0,4.0,2015.0
1717153,La gente feliz lee y toma café,Agnès Martin-Lugand,166.0,3.0,2013.0
13614,"Elder Epoch (Gunmetal Gods, #3)",Zamil Akhtar,600.0,4.26666666666667,2023.0
618415,Les Larmes des nymphes (French Edition),Sandy Bizzozero,252.0,4.0,
2299022,Working and Breastfeeding Made Simple,Nancy Mohrbacher,390.0,5.0,2014.0
533591,A dos metros de ti,Rachael Lippincott,288.0,4.25,2018.0
5564,The Way Of Wyrd: Tales Of An Anglo-Saxon Sorcerer,Brian Bates,237.0,3.82352941176471,1983.0
1738846,"Overcome (Cunningham Security, #2)",A.K. Evans,291.0,5.0,2018.0
2599754,Conflict Diplomacy: US and the Birth of Bangladesh Pakistan Divide,Jaswant Singh,304.0,5.0,2008.0
144274,The Wielder: Sworn Vengeance,David Gosnell,396.0,4.25,2014.0
2208281,"Mordew (Cities of the Weft, #1)",Alex Pheby,618.0,5.0,2020.0
77204,Voces Robadas,Zlata Filipović,342.0,4.0,2006.0
908306,Cesarz,Ryszard Kapuściński,172.0,3.0,1978.0
24240,The Present Illness: American Health Care and Its Afflictions,Martin F. Shapiro,496.0,3.0,
2101319,A Property of the Clan (Teenage),Nick Enright,40.0,3.5,2009.0
514340,Nothing in Common,Kate Hoefler,40.0,4.5,
46193,Playstation-kansa: Kuinka Pleikkari valloitti Suomen,Janne Pyykkönen,183.0,5.0,2021.0
1551252,Il responsabile delle risorse umane,A.B. Yehoshua,260.0,3.0,2004.0
269022,Kennen wir uns?: Eine Anleitung zur Menschenkenntnis (German Edition),Timon Krause,240.0,5.0,
1849041,Herman: Struikelend het leven door,Marc van Bree,304.0,4.0,
2511237,"Cinnamon Girl (A Pacific Coast Highway Mystery, #2)",Daniel Weizmann,352.0,4.0,2024.0
2289995,Honey Blood (Tale Zero): Tale Zero,Miko Mitsuki,192.0,4.0,2009.0
750621,Salamina,Javier Negrete,735.0,5.0,2008.0
877221,The Basic Principles of Effective Consulting,Linda K. Stroh,192.0,3.0,2005.0
1045511,Kill Cross,James Patterson,160.0,2.0,2016.0
2368071,"Attack on Titan, Vol. 29",Hajime Isayama,192.0,4.66666666666667,2019.0
1064568,Корпорация `Магия`,Robert A. Heinlein,160.0,5.0,1940.0
707496,"The Great Discontent, Issue 2",Various,254.0,4.0,2015.0
641613,#НенавистьЛюбовь (Притворись #2),Анна Джейн,608.0,4.33333333333333,
870643,A Girl Named Connie: ( A True Story),Carol Perkins,306.0,4.0,
2472959,Cosmic Energy,Anne Jirsch,304.0,3.0,2009.0
221764,"Brief Cases (The Dresden Files, #15.1)",Jim  Butcher,16.0,4.0,2018.0
1625705,After Breathless,Jennifer Potter,224.0,4.0,1995.0
648601,Those Hamilton Sisters,Averil Kenny,464.0,4.0,
66740,"Playing for Keeps (Wolves of Desire, #2)",Lynn Hagen,100.0,4.0,2017.0
526544,Die Liebe unter Aliens: Erzählungen,Terézia Mora,272.0,3.0,2016.0
270141,"Checkmate Charlie (The Dragon Mage, #9)",Scott  Baron,368.0,4.33333333333333,
2143923,Dr. Jekyll y Mr. Seek,Anthony O'Neill,224.0,3.0,2017.0
912120,Library of World Religions,George Brantl,1551.0,4.0,1961.0
867663,Guerreros y otros marginales (Fondo editorial tierra adentro) (Spanish Edition),Joaquín Hurtado,75.0,3.0,1993.0
2489466,LOTI and the Enchanted Forest,Christopher Awdry,0.0,5.0,
2225519,Sage Alexander and the Castle of Lost Souls (Sage Alexander Series Book 3),Steve Copling,496.0,4.0,
2037862,Jane of Lantern Hill,L.M. Montgomery,217.0,5.0,1937.0
2427418,"Shazam!, Vol. 1: Vi presento Il Capitano",Mark Waid,144.0,4.0,2024.0
464114,Snow Falling on Cedars,David G. Uterson,0.0,2.0,1994.0
1620774,Müürideta aed,Tiit Aleksejev,240.0,4.0,
1613239,Green Frog: Stories,Gina Chung,230.0,3.5,2024.0
1405963,Űrugrás,R.J. Piñeiro,432.0,5.0,2015.0
649616,Klejotāja,Stephenie Meyer,856.0,4.5,2008.0
416681,"Jar, Amîndoi",Liviu Rebreanu,368.0,4.28571428571429,1985.0
386255,Primal Blueprint Fitness,Mark Sisson,96.0,4.33333333333333,2010.0
1913165,Falling Girl: A Navajo Nation Mystery,R. Allen Chappell,232.0,4.72222222222222,
2274662,Colton Security Box Set: Books 4-6 (Colton Security #4-6),Rebecca   Ryan,741.0,4.25,
109954,Tsumiko and the Enslaved Fox (Amaranthine Saga #1),Forthright .,478.0,3.28571428571429,2018.0
695144,With the Old Breed: At Peleliu and Okinawa,Eugene B. Sledge,353.0,4.46666666666667,1981.0
325760,The Bread Machine Cookbook,Donna Rathmell German,160.0,5.0,1991.0
394255,Precious Artifact,Philip K. Dick,13.0,4.5,1964.0
1497026,Killing Christians: Living the Faith Where It's Not Safe to Believe,Tom    Doyle,207.0,5.0,2015.0
858883,Midnight Blue,L.J. Shen,339.0,4.0,2018.0
2446188,Assisted: An Autobiography,John Stockton,,4.0,2013.0
346484,Dogwalker,Arthur Bradford,176.0,4.06666666666667,2001.0
131435,"D.Gray-man 28 (D.Gray-man, #28)",Katsura Hoshino,196.0,5.0,2022.0
1747818,Manny (NOLA Rebels MC #10),Mackenzy Fox,391.0,5.0,
797830,Aion (Collected Works 9ii),C.G. Jung,353.0,4.75862068965517,1951.0
1614218,The Velvet Box,Caroline Friday,333.0,5.0,2013.0
296455,The Mindful Photographer,Sophie Howarth,144.0,4.16666666666667,
344161,The Clumsy Elf,Melissa Spencer,0.0,3.0,
1426261,Dictionary of International Slurs (Ethnophaulisms : With a Supplementary Essay on Aspects of Ethnic Prejudice),Abraham Aaron Roback,394.0,4.0,1944.0
2524963,Microservices: Up and Running: A Step-by-Step Guide to Building a Microservices Architecture,Ronnie Mitra,316.0,4.0,
2066531,Oliver Twist,Charles Dickens,600.0,4.0,1838.0
1930489,"The Candy Caper (Trouble at Table 5, #1)",Tom     Watson,96.0,3.8,
638860,Fields of Blood: Religion and the History of Violence,Karen Armstrong,528.0,3.71428571428571,2014.0
960697,Evening News,Arthur Hailey,656.0,5.0,1990.0
2155219,"Not Quite Mine (Not Quite, #2)",Catherine Bybee,302.0,4.0,2013.0
1700364,Dans la tête de Gideon Green (French Edition),Katie Henry,372.0,5.0,2022.0
2595152,"Green Grass of Wyoming (Flicka, #3)",Mary O'Hara,319.0,5.0,1946.0
77875,Summary of One Vote Away by Ted Cruz: How a Single Supreme Court Seat Can Change History,Genius Reads,0.0,5.0,
1192213,Historien Om Øjet,Georges Bataille,173.0,4.0,1928.0
2151578,Bergson (Past Masters),Leszek Kołakowski,124.0,3.0,1985.0
122323,"僕は友達が少ない 3 (Boku wa Tomodachi ga Sukunai, #3)",Yomi Hirasaka,261.0,4.0,2010.0
1964438,HIV PREVENTION AND AWARENESS:: A VITAL HANDBOOK,Dr. Melissa P. Nelson,118.0,5.0,
825112,The Secret of Ventriloquism,Jon Padgett,201.0,3.57894736842105,2016.0
1542694,Leons Erbe (German Edition),Michael Theißen,268.0,4.25,
821965,Everyday Paleo Around the World: Italian Cuisine: Authentic Recipes Made Gluten-Free,Sarah Fragoso,272.0,4.33333333333333,2013.0
103284,Good Food (My First Reader),Demar Reggier,31.0,1.0,2005.0
976734,"The Twelfth Day of July (Kevin and Sadie, #1)",Joan Lingard,127.0,5.0,1970.0
201690,"Nothing to Lose, Everything to Gain: How I Went from Gang Member to Multimillionaire Entrepreneur",Ryan Blair,240.0,3.125,2011.0
1625099,Das verratene Herz (Empire of Sins and Souls #1),Beril Kehribar,400.0,3.25,2024.0
244442,"Yu Yu Hakusho, Volume 12: The Championship Match Begins!! (Yu Yu Hakusho, #12)",Yoshihiro Togashi,192.0,4.8,1993.0
151600,An Old Babylonian Version of the Gilgamesh Epic,Anonymous,128.0,3.0,-1200.0
218561,Bétibou,Claudia Piñeiro,400.0,4.0,2010.0
387891,Chaos Kings: The Lost Queen Duet,N. Owens,179.0,3.0,
37989,"My Always One (Lighter Ones, #4)",Aleatha Romig,270.0,4.5,2021.0
1116885,Cantos a Beira-Mar (Raízes),Maria Firmina dos Reis,140.0,4.0,1871.0
1113966,Crazy Broken Love,Jennifer Bene,126.0,4.6,
3141,Being Perfect,Anna Quindlen,48.0,3.89473684210526,2005.0
1181978,U sjeni vinove loze,Julianne MacLean,305.0,5.0,2021.0
254745,Si tu em dius vine ho deixo tot... però digue'm vine,Albert Espinosa,208.0,3.0,2011.0
2566152,Kuue kuuga tankistiks,Ilmar Tomusk,200.0,4.0,2013.0
2384972,Hidden Magic (The Dragon Lord #1),Melanie Crouse,275.0,5.0,2014.0
1008813,Making Meredith,Andy  Southall,318.0,4.5,
1641354,Samotna,Lisa Gardner,224.0,4.5,2004.0
1998224,Amazing Forest,Erick Freitas,208.0,2.66666666666667,2016.0
842345,Smashing Pumpkins,Nick Wise,64.0,4.0,1994.0
240697,On Liberty and Other Essays,John Stuart Mill,640.0,4.00847457627119,1989.0
474059,Draxius Redeemed: A Gateway Novella,Brian  Dorsey,134.0,4.0,2015.0
841048,Sacred Target (Adam Drake #7),Scott  Matthews,298.0,4.6,
42092,Смъртта на речния водач,Richard Flanagan,320.0,2.0,1994.0
1222758,THE ROOM,Ray Melnik,199.0,4.0,2007.0
1385835,The Homemaker,Shari J. Ryan,332.0,4.4,2023.0
1793325,Avengers: Guerra senza fine,Warren Ellis,128.0,4.0,2013.0
1293200,The book of Brendan,Ann Curry,,5.0,1989.0
2152906,Natural Fashion: Tribal Decoration from Africa,Hans W. Silvester,168.0,5.0,2007.0
931055,The Wolf of Wall Street / Catching the Wolf of Wall Street,Jordan Belfort,530.0,4.5,
824323,Making Peoples: A History of the New Zealanders : From Polynesian Settlement to the End of the Nineteenth Century,James Belich,497.0,4.0,1996.0
2567717,Comme nous avons été,Arthur Adamov,,3.0,
2450244,Nutuk - Çizgi Roman,Mustafa Kemal Atatürk,320.0,5.0,1927.0
1364159,Speak.: Rayne-Moore University Book One (Rayne-Moore University Duet 1),Ruby Darling,410.0,4.4,
629533,"Dirty Secrets (DS Ava Merry and DI Jim Neal, #5)",Janice Frost,258.0,3.85,2018.0
1465075,Le Sourire contagieux des croissants au beurre,Camille Andrea,384.0,2.0,2021.0
317979,La noia del descapotable,Maria Rosa Nogue,296.0,2.0,2009.0
2274501,Un amour inespéré (French Edition),Jenna Ric's,196.0,5.0,2014.0
2042277,He Was the Perfect Man: A domestic violence standalone,Loryn Landon,,5.0,
324677,Yolda Üç Kişi,Tuna Kiremitçi,208.0,3.4,2005.0
448041,"Sierra Six (Gray Man, #11)",Mark Greaney,784.0,5.0,2022.0
1098493,"The In Crowd (DI Caius Beauchamp, #2)",Charlotte Vassell,368.0,4.5,2024.0
572583,Intraday trading Strategies: Trade like Professionals,sombir chahar,63.0,2.0,
1452508,El gran món,Pierre Lemaitre,568.0,4.0,2022.0
2158306,El trío de Marley (Spanish Edition),Jan Springer,72.0,4.0,2013.0
2023123,A Billionaire's Escort,Kendra Necole,446.0,4.5,
1017420,"Sinsajo (Los Juegos del Hambre, #3)",Suzanne Collins,422.0,4.09090909090909,2010.0
1642861,"The Bloodstone Saga: The Complete Collection (The Bloodstone Saga, #1-4)",Courtney Cole,,5.0,2011.0
2204400,Moontide Embrace,Constance O'Banyon,479.0,5.0,1987.0
2368595,"Her Viking Wolves: 50 Loving States, Michigan",Theodora Taylor,613.0,4.5,2015.0
1962436,JESSE'S HEARTBREAKER BRIDE,Cia Leah,84.0,4.0,2015.0
1611692,"Gossamer  (Faeble, #1)",S.L. Naeole,361.0,5.0,2011.0
840900,Amish Secret Widows' Society: Books 6 - 10 (Amish Secret Widows' Society #6-10),Samantha Price,618.0,5.0,
449125,"Save Me from Dangerous Men (Nikki Griffin, #1)",S.A. Lelchuk,334.0,3.5,2019.0
1561528,Murder in Wonderland (Allie Griffin Mystery #1),Leslie Leigh,134.0,5.0,2015.0
2545435,"Belieber!: Fame, Faith and the Heart of Justin Bieber",Cathleen Falsani,247.0,5.0,2011.0
253178,Behind the Neighbor's Door,Winter K. Willis,262.0,4.16666666666667,2023.0
2277947,"Belonging (The Everett Gaming Series, #2)",Drew Sera,430.0,3.0,2016.0
977282,Happy Ending and A Day of Absence. (Acting Edition for Theater Productions),Douglas Turner Ward,72.0,4.0,1971.0
403722,Food Code: Wie wir in der digitalen Welt die Kontrolle über unser Essen behalten,Olaf Deininger,265.0,4.0,
1394890,Steward Leadership: Jesus’ Leadership Model,David R. Clark,177.0,4.0,
1202986,Dangerous Nation: America's Foreign Policy from Its Earliest Days to the Dawn of the Twentieth Century,Robert Kagan,544.0,5.0,2006.0
530794,Book Girl and the Suicidal Mime,Mizuki Nomura,183.0,4.13636363636364,2006.0
978207,Heritage: A British Political Thriller,Michael Lancashire,37.0,2.0,2015.0
2262054,F*uckin Blauw,Gerard Mak,230.0,2.0,
2487784,Crime Lord's Trail: Bombay to Bangkok: Untold Story Of Mumbai Mafia,Amber Sharma Mowgli Baba,84.0,1.0,
252826,The Life She Deserves (Granite Springs #1),Maggie Christensen,278.0,4.375,
2011672,Hacia una literatura sin adjetivos,ANDRUETTO MARIA TERESA,144.0,4.0,2009.0
156,La cella zero,Pietro Ioia,115.0,4.0,
1866616,"Licencja na dorosłość (Klasa Pani Czajki, #3)",Małgorzata Karolina Piekarska,480.0,3.5,
2340978,Wayfarer's End (Wayfarer's End #3),Genevieve Mckay,214.0,5.0,
1302987,Chicago Apartments: A Century of Lakefront Luxury,Neil Harris,352.0,5.0,2004.0
1830086,Wife of A Compton Savage,Barbie Scott,144.0,5.0,
834963,Polity Tricks: Learn and Remember Indian Constitution,Vinay Bansal,62.0,4.57142857142857,
531405,Tark's Ticks Valor Bound: A WWII Novel,Chris Glatte,314.0,4.72727272727273,
772729,Natural Remedies for Painful Inflammation and 9 Additional Bonus Books: Easing Arthritis Pain and Inflammation in the Body Natural Remedies,Missy Catwell,891.0,5.0,2015.0
910175,"Rediscovering the Holy Spirit: God’s Perfecting Presence in Creation, Redemption, and Everyday Life",Michael Scott Horton,331.0,3.0,2017.0
545054,"The Curse of Braeburn Castle (Heathcliff Lennox, #3)",Karen Baugh Menuhin,326.0,4.08695652173913,2019.0
1974996,The Ladies' Paradise,Émile Zola,481.0,4.66666666666667,1883.0
2138347,Word Wizard,Cathryn Falwell,32.0,4.0,1998.0
1998268,The Rise and Fall of Mount Majestic,Jennifer Trafton,352.0,4.0,2010.0
265609,"Ik zie je in Cockleberry Bay (Cockleberry Bay, #2)",Nicola May,304.0,3.5,2019.0
600693,Violetas na Janela,Vera Lúcia Marinzeck de Carvalho,222.0,4.0,1993.0
2461404,Hvad man ikke dør af: Helle Thorning-Schmidt fortæller sin historie,Nina Munch-Perrin,,3.0,
885899,Tri-Party,Kikelomo Kuponiyi,356.0,5.0,
2366262,فضيحة في بوهيميا,آرثر كونان دويل,32.0,5.0,1891.0
874735,The Fall of Constantinople 1453 (Canto Classics),Steven Runciman,272.0,4.0,1965.0
291616,Corrupted by the Killer (Perfect Monsters Book 3),Lisa Lovell,58.0,5.0,2021.0
911242,Split Image,Anna Black,250.0,5.0,2012.0
1654294,"Echoes of Atlantis: Crones, Templars and the Lost Continent (Templars in America Series)",David S. Brody,312.0,5.0,
2172425,Viața e în altă parte,Milan Kundera,376.0,4.0,1973.0
2380624,My Formerly Hot Life,Stephanie Dolgoff,224.0,3.5,2010.0
146314,"A Blaze of Magic (Chosen Saga, #2)",J.L. Clayton,270.0,5.0,2014.0
2071861,la realidad virtual,Vicente Monroy,35.0,4.0,
2279365,Shadow of a Wolf,Jez Morrow,128.0,4.0,2008.0
469122,L'amour et les forêts,Éric Reinhardt,418.0,1.0,2014.0
1880599,"Гніздо (Фаренго, #2)",Володимир Єшкілєв,448.0,5.0,
2176530,The Sparkle Pages,Meg Bignell,362.0,4.5,2019.0
1220546,NOT A BOOK,Lawrence L Cruz,201.0,5.0,
575767,The Christmas Surprise (The Little Duck Pond Cafe #19),Rosie Green,66.0,4.41666666666667,2021.0
1716838,Marabbecca,Viola Di Grado,208.0,3.33333333333333,
803855,The Birthday Manny (Manny Wishes & Holiday Kisses #2),Sammi Cee,171.0,5.0,2024.0
2025728,"Jane Eyre (06) by Brontë, Charlotte [Paperback (2006)]",Charlotte Brontë,0.0,5.0,1847.0
840221,Das Herz der Finsternis: Eine Reise in die schwärzesten Abgründe des Kolonialismus (German Edition),Joseph Conrad,64.0,4.0,1899.0
2551195,Premier amour,Samuel Beckett,60.0,3.66666666666667,1970.0
86478,"Turn on the Heat (Hard Case Crime, 131)",A.A. Fair,252.0,3.66666666666667,1940.0
54789,Bodyguard.com,Zint,128.0,5.0,2005.0
185019,No Return (Lee Smith Mystery #2),Jay Forman,,5.0,2017.0
1811648,Eat Clean Bitch: A healthy cook book for lazy bitches,Robbie Ornig,200.0,5.0,
1707186,No Job For a Girl,Meredith Appleyard,472.0,4.5,2017.0
1260714,El caçador de bruixes,David Martí,256.0,3.0,
312515,Detox emocional: Cómo sacar de tu vida lo que te impide ser feliz (Fuera de Colección) (Spanish Edition),Silvia Olmedo,248.0,4.0,
379835,The Sullivans Boxed Set Books 1-3 (Contemporary Romance),Bella Andre,643.0,4.5,2015.0
1827010,"Ruff and Tumble (Dog Groomer Mysteries, #2)",Chelsea Thomas,176.0,4.25,
689934,"I Might Regret This: Essays, Drawings, Vulnerabilities, and Other Stuff",Abbi Jacobson,320.0,3.81292517006803,2018.0
602811,Dyslexia in the Workplace,Diana Bartlett,218.0,5.0,2000.0
353695,Grace's Folly,Kathleen Webb,233.0,5.0,2000.0
1782021,The Mystery Believed (Light for Life #1),David M. Petras,108.0,5.0,1995.0
504089,Lord of Stone,Keith Brooke,254.0,4.0,2001.0
83183,"The Buccaneer Coast (Blood, Steel, and Empire Book 1)",James L. Nelson,500.0,4.4,
1877817,Portnoy's Complaint,Philip Roth,274.0,3.88888888888889,1969.0
2040911,Back from the brink,Alistair Darling,337.0,3.0,2011.0
2413845,مدیر مدرسه,Jalal Al-e Ahmad,80.0,5.0,1958.0
1446556,Love Me (Second Chance #2),Jennifer Youngblood,268.0,5.0,
1844806,Njanum oru sthree,Sister Jesme,188.0,4.0,
246992,Just As I Am,E. Lynn Harris,384.0,4.35416666666667,1994.0
614942,"Dauntless (The Lost Fleet, #1)",Jack Campbell,304.0,5.0,2006.0
910789,"The Box in the Woods (Truly Devious, #4)",Maureen Johnson,383.0,4.09333333333333,2021.0
1398326,Dragon of the Red Dawn (Magic Tree House - A Merlin Mission),Mary Pope Osborne,108.0,4.5,2007.0
1551230,"Mafia Scars (The Accidental Mafia Queen, #2)",Khardine Gray,312.0,4.23076923076923,2019.0
1948547,"Easy Classical Harmonica Solos: Featuring music of Beethoven, Mozart, Vivaldi, Handel and other composers.",Javier Marcó,0.0,5.0,2011.0
1274738,Il respiro delle anime,Gigi Paoli,416.0,4.0,
2433867,Minu abikaasa ja mina. Sissevaade 70-aastasesse kuninglikku abiellu,Ingrid Seward,320.0,3.0,2017.0
1243590,Παράλληλοι Βίοι: Αλέξανδρος - Καίσαρας,Plutarch,630.0,5.0,100.0
503635,Where the Sea Breaks Its Back: The Epic Story of the Early Naturalist Georg Steller and the Russian Exploration of Alaska,Corey Ford,220.0,4.42857142857143,2003.0
1414088,Le ultime lettere di Jacopo Ortis,Ugo Foscolo,128.0,3.52173913043478,1802.0
16583,Make Your Bed: Little Things That Can Change Your Life...And Maybe the World,William H. McRaven,89.0,4.42857142857143,2017.0
719279,"Unmasked (Left Behind: The Kids, #26-28)",Jerry B. Jenkins,368.0,5.0,2005.0
808705,From Ashes (Heathens Ink #3),K.M. Neuhold,285.0,4.2,2017.0
218839,Echo,Pam Muñoz Ryan,597.0,4.3648393194707,2015.0
2037060,"Young, Rich and Black (Afterwards #5)",Nia Forrester,218.0,4.8,2017.0
40769,Unruly,Cora Brent,428.0,4.71428571428571,2015.0
274276,The Proposition (Six Nights Of Sin #6),Ellis O. Day,29.0,5.0,2017.0
1007001,Hench,Natalie Zina Walschots,,4.0,2020.0
725916,Das große visuelle Wörterbuch,Unknown,,4.0,
497981,"Memory (Luke, #2)",Cassia Leo,82.0,4.4,2012.0
2495044,The 8 Colors of Fitness: Discover Your Color-Coded Fitness Personality and Create an Exercise Program You'll Never Quit!,Suzanne Brue,239.0,3.0,2008.0
1469238,The Forbidden Note (Redwood Kings #4),Nelia Alarcon,466.0,3.43478260869565,
1637484,"Carnet de voyage (Le monde de Khelia, #7)",Amy Lachapelle,,3.0,2014.0
2497568,"Стражите! Стражите! (Истории от Света на Диска, #8)",Terry Pratchett,480.0,5.0,1989.0
1349299,Det är aldrig läkaren som får gå,Elin,292.0,3.0,2022.0
2442513,Gears of Brass Anthology,Jordan Elizabeth,266.0,4.5,2014.0
2131306,"Dancing Bear (Milo Milodragovitch, #2)",James Crumley,256.0,4.0,1983.0
1474251,The Naval Academy — A Parent’s Ponderings From Home Port: Untying The Bowline On I-Day,Steve Wade,158.0,4.0,
1198339,Pure mua (Verta hampaissa #1),Terhi Tarkiainen,327.0,3.0,2018.0
2510905,Sendebar: Libro de los engaños e los asayamientos de las mugeres (98) (Spanish Edition),David Arbesú,154.0,4.0,
1361765,"The Story Teller (Wind River Reservation, #4)",Margaret Coel,241.0,4.0,1999.0
1324840,"Cleonardo, The Little Inventor",Mary GrandPré,48.0,4.0,2016.0
1444056,"Wife, Wide Open and Willing",Anonymous,157.0,3.0,2015.0
959421,Symbios,J.A. Konrath,33.0,3.5,2011.0
2296209,Mio padre è un PPP,Guus Kuijer,105.0,5.0,2000.0
996318,İki Hayat Arasında,Jessica Shirvington,320.0,4.7,2013.0
2476370,Pumpkin Trouble,Jan  Thomas,40.0,4.5,2011.0
111589,"Soriel (Starfire Angels: Revelations, #1)",Melanie Nilles,182.0,3.0,2013.0
2374549,"My Almost Ex (The Greene Family, #2)",Piper Rayne,258.0,4.40909090909091,2021.0
1338154,"Raising Caine (Tales of the Terran Republic, #3)",Charles E. Gannon,548.0,3.83333333333333,2015.0
483501,Guinness World Records 2015,Guinness World Records,256.0,4.38461538461539,2014.0
2015652,"Shadowfall (Deathlands, #26)",James Axler,352.0,4.0,1995.0
2321186,Die Horny,Rebecca Mock,64.0,4.5,
821205,Fall out,James W. Huston,512.0,5.0,2001.0
2126961,The Best Day Ever,K.D. McPhillips,50.0,4.0,
1638864,September is for Shaw,Dylann Crush,82.0,5.0,
1706488,Wise Creatures,Deirdre Sullivan,374.0,3.28571428571429,2023.0
2318392,"The Knee Crisis Handbook: Understanding Pain, Preventing Trauma, Recovering from Injury, and Building Healthy Knees for Life",Brian Halpern,336.0,4.0,2003.0
1676043,The Souls of Black Folk,W.E.B. Du Bois,121.0,4.54545454545455,1903.0
1682257,The Echoing Stones,Celia Fremlin,222.0,5.0,1993.0
2189398,Historic Haunts of Savannah (Haunted America),Michael Harris,145.0,3.4,2014.0
2029966,Shah Jo Risalo,Shah Abdul Latif Bhitai,,5.0,
2193239,"Nine Men Dancing (Roger the Chapman, #12)",Kate Sedley,252.0,5.0,2003.0
2182520,"Joseph, Dreamer of Dreams",Ellen Gunderson Traylor,247.0,1.0,1989.0
1069781,The Pentateuch as Narrative: A Biblical-Theological Commentary,John H. Sailhamer,539.0,5.0,1992.0
1224150,Veliki rečnik stranih reči i izraza,Ivan Klajn,1644.0,5.0,2006.0
1582128,Katha Prize Stories- Vol. 4,Geeta Dharmarajan,271.0,4.0,
367015,A Dangling Sword,Kelicha Ochonogor,59.0,5.0,
524649,"Das Dunkelbuch (Miss Temple & ihre Gefährten, #2)",Gordon Dahlquist,608.0,3.0,2008.0
335897,"A Highland Autumn (Seasons of Scotland, #1)",Sophia Nye,242.0,4.0,2020.0
768881,Doctors: The Biography of Medicine,Sherwin B. Nuland,546.0,4.0,1988.0
2030141,Raiders of the Lost Car Park,Robert Rankin,,4.0,1994.0
577447,Las máscaras de porcelana,Rubén Falgueras Pradas,,4.0,2015.0
1067964,"Hook, Line and Sinker (Deep Haven, #4.5)",Susan May Warren,40.0,5.0,2011.0
1945933,"The Hitchhiker's Guide to the Galaxy (Hitchhiker's Guide, #1)",Douglas Adams,0.0,4.0,1979.0
595936,המלך המרושע,Holly Black,280.0,4.5,2019.0
2492176,Mama J Unchained: The Potential Joy and Freedom in Aging,"Christa Johnson, M.D.",115.0,5.0,
1836304,One Child: The True Story of a Tormented Six-Year-Old and the Brilliant Teacher Who Reached Out,Torey L. Hayden,299.0,4.86666666666667,1980.0
2023823,ليلة عسل: عن الرجل الذي انتهت حياته قبل أن يموت,مؤنس الرزاز,72.0,3.0,2000.0
1281703,"Conviction (Star Wars: Fate of the Jedi, #7)",Aaron Allston,366.0,4.0,2012.0
403638,"Management, Revised Edition",Peter F. Drucker,609.0,3.0,1985.0
1168836,A Gift of Dragons,Anne McCaffrey,0.0,4.0,2002.0
232766,Kindness: A Treasury of Buddhist Wisdom for Children and Parents (The Little Light of Mine Series),Sarah Conover,163.0,4.75,2000.0
827905,Der Krieg mit den Molchen,Karel Čapek,328.0,3.75,1936.0
1967379,The Falling Away (Perilous Times #1),Cliff Ball,176.0,4.0,2015.0
2017547,Vinland's Lost Viking (Viking Blood #5),Audra Hershey,90.0,4.0,
696184,"Final Option (Oregon Files, #14)",Clive Cussler,400.0,4.50561797752809,2019.0
293600,"One False Note (39 Clues Graphic Novel, #2)",Gordon Korman,192.0,2.0,
2076034,Tell Me Again,Amy Thunig,272.0,5.0,2022.0
1202773,"Minute, papillon ! (French Edition)",Aurélie Valognes,312.0,1.0,
1207635,Irresistíveis (Cretino irresistível) (Portuguese Edition),Christina Lauren,371.0,5.0,2016.0
1288614,SANG,Johana Gustawsson,278.0,3.0,2019.0
860177,四月は君の嘘 8 [Shigatsu wa Kimi no Uso 8],Naoshi Arakawa,196.0,4.0,2014.0
1500321,Ventures and Investments,RoughDraftHero,299.0,5.0,2014.0
1080026,オフステージラブサイド,Kamome Oshima,198.0,4.0,2023.0
262756,Kamelyalı Kadın,Alexandre Dumas fils,250.0,3.5,1848.0
2454690,Deceptive Whispers: Page-Turning Christian Romantic Suspense,Susan May Warren,1448.0,4.0,
2568452,Brokenclaw: A James Bond thriller (John Gardner's Bond series Book 10),John  Gardner,254.0,5.0,1990.0
670271,"The Promise (Neighbor from Hell, #10)",R.L. Mathewson,264.0,5.0,2019.0
141049,Boy Trouble (All American Boy),Kaylee Ryan,154.0,5.0,2021.0
1742022,"Aphotic Born (Immortal's End, #1)",Elizabeth Myrva,505.0,4.5,
199075,The Complete Fighter's Handbook,Aaron Allston,126.0,3.5,1989.0
729520,"The Strange Bird: A Borne Story (Borne, #1.5)",Jeff VanderMeer,96.0,4.16346153846154,2017.0
1402204,Boarding School Girls,Helen Eve,384.0,4.0,2014.0
700125,"A Love Forbidden (Heart of the Rockies, #2)",Kathleen  Morgan,320.0,4.57142857142857,2012.0
593836,"Si-Yu-Ki: Buddhist Records of the Western World, Volume I",Xuanzang,356.0,3.0,1906.0
693815,Decoded,Jay-Z,317.0,3.94444444444444,2009.0
1216081,Manuscrito Encontrado en Accra / Manuscript Found in Accra (Spanish Edition),Paulo Coelho,208.0,4.0,2012.0
263983,"Up All Night with a Good Duke (The Byronic Book Club, #1)",Amy Rose Bennett,375.0,3.55555555555556,2022.0
1943850,For the Love of a Good Woman: The Amish of Pine Brooks,Annie Miele,0.0,5.0,
2086147,Briefe.,Ludwig van Beethoven,170.0,2.0,1972.0
2019813,Hikayat Siti Mariah: Estetika Perselingkuhan Pramoedya Ananta Toer,Dwi Susanto,219.0,5.0,
42328,"What We Remember, What We Forget: The Best Young Writers and Artists in America",David Levithan,320.0,3.0,2012.0
400494,Have I Seen You In Anything?: True Hollywood Stories from a Guy that Seems Familiar,Matt Knudsen,276.0,5.0,
700650,The Perfect Catch (The Darcy Brothers #3),Alix Nichols,276.0,3.0,
2368464,The Girl Who Takes an Eye for an Eye (Millennium #5),David Lagercrantz,416.0,3.72727272727273,2017.0
1207337,"Splinter Cell (Mack Bolan The Executioner, #340)",Don Pendleton,224.0,5.0,2007.0
236619,Una velada en la librería Morisaki,Satoshi Yagisawa,224.0,3.77272727272727,2011.0
326595,Una Empleada Muy Especial (Jefes Millonarios) (Spanish Edition),Emma K. Johnson,203.0,4.5,
44174,"Nightstruck (Nightstruck, #1)",Jenna Black,304.0,3.71428571428571,2016.0
2033977,"Zrzka všem učaruje (Redhead, #3)",Alice Clayton,200.0,4.0,2013.0
178239,Houdini: Master of Illusion,Clinton Cox,194.0,3.5,
1922708,Life/Time,Jock Sturges,192.0,5.0,2008.0
838354,La luna e i falò,Cesare Pavese,174.0,4.0,1950.0
2515480,A Rare Find,M.K. Deppner,244.0,3.0,
1599105,The Golden Thread: The Story of Writing,Ewan Clayton,400.0,4.0,2013.0
1874003,2030: How Today's Biggest Trends Will Collide and Reshape the Future of Everything,Mauro F. Guillén,288.0,3.77142857142857,2020.0
1541584,La Ultima Cripta,Fernando Gamboa,530.0,4.0,2007.0
1339201,"Danger Close (Delta Force Echo, #3)",Fiona    Quinn,302.0,4.5,
1350054,"Le Joker - Pascal Brun, pilote du Mont-Blanc (French Edition)",François Suchel,218.0,2.0,
2304478,Schwarzes Gold,Dominique Manotti,381.0,3.0,2015.0
1820726,El sueño de Creta (Spanish Edition),José Vicente Alfaro,332.0,4.5,
1238380,Emily's House,Amy Belding Brown,384.0,4.5,2021.0
2424057,"Righteous Victims: A History of the Zionist-Arab Conflict, 1881-1998 by Benny Morris (1999-09-01)",Benny Morris,0.0,5.0,1999.0
1024835,O Guardião dos Objetos Perdidos,Ruth Hogan,264.0,4.0,2017.0
2016226,The Science of Nutrition: Debunk the Diet Myths and Learn How to Eat Responsibly for Health and Happiness (DK Science of),Rhiannon Lambert,224.0,4.0,
2498816,Looking for Gatsby,Faye Dunaway,416.0,3.0,1995.0
1209919,Layover,David      Bell,407.0,3.31428571428571,2019.0
1753083,"The Secret at Jefferson's Mansion (Capital Mysteries, #11)",Ron Roy,96.0,4.66666666666667,2009.0
154833,Still High Off His Dope Love,Tacarra,,5.0,
741481,Violet Souls (The Evoxian Legacies: #1),Abbey MacMunn,231.0,4.0,2018.0
1573632,Mage Catalyst,Christopher George,490.0,2.0,
284870,The Virgin's Night Out,Shiloh Walker,213.0,3.75,2015.0
1526814,Payback in Death (In Death #57),J.D. Robb,579.0,4.0,2023.0
409481,The Corner 10,Alex Richardson,203.0,5.0,2013.0
696753,"Bella e Soda in Menopausa: Come raggiungere un fisico magro, tonico ed armonico anche in menopausa (Italian Edition)",Federica Saccone,110.0,5.0,
2352401,The Wind-up Bird Chronicle,Haruki Murakami,609.0,4.16666666666667,1994.0
2402946,Sweet Sour,Nasz,570.0,4.4,2010.0
2330473,I Lost It All in Montreal,Donna Steinberg,259.0,2.0,1982.0
1017607,"Finding Kia (The Lost Girl, #1)",Airicka Phoenix,156.0,4.57142857142857,2013.0
490924,Waiter Rant: Thanks for the Tip-Confessions of a Cynical Waiter,Steve Dublanica,336.0,3.7,2008.0
1025541,কিডন্যাপারের কবলে গুড্ডুবুড়া,Anisul Hoque,56.0,2.0,
1484983,Gossamer,Lois Lowry,153.0,4.5,2006.0
1408491,"I Should Forgive, But",Chuck Lynch,,5.0,1998.0
1181216,A Riviera Retreat,Jennifer Bohnet,340.0,4.27777777777778,
2157794,Guarded from Danger (Police and Fire: Operation Alpha) (Blade and Arrow Security Bravo Team Book 3),Gia Cobie,279.0,5.0,
535090,"The Unbreakable Boy: A Father's Fear, a Son's Courage, and a Story of Unconditional Love",Scott LeRette,256.0,1.0,2014.0
1061742,Dragonfly Summer,J.H. Moncrieff,8.0,3.0,
749442,Housegirl,Michael Donkor,320.0,3.0,2018.0
559,Utenfor er hundene,Gunnar Staalesen,309.0,4.0,
676508,"If This Is Your Land, Where Are Your Stories?: Reimagining Home And Sacred Space",J. Edward Chamberlin,271.0,3.0,2003.0
1354207,Combien de lunes,Laura El Makki,160.0,4.0,
2334994,Great Hunting Stories: Inspiring Adventures for Every Hunter,Steve Chapman,176.0,5.0,2010.0
1517953,"Stealing America: What My Experience with Criminal Gangs Taught Me about Obama, Hillary, and the Democratic Party",Dinesh D'Souza,349.0,4.70588235294118,2015.0
2213461,Dampyr n. 6: La costa degli scheletri,Mauro Boselli,96.0,5.0,2000.0
757226,"His Best Friend's Little Sister (His and Hers, #1)",Vivian Wood,262.0,3.5,2017.0
682359,We Are Not Alone,James Patterson,144.0,3.4,
2139411,Iggie's House,Judy Blume,176.0,4.0,1970.0
1388482,City of Dreadful Delight: Narratives of Sexual Danger in Late-Victorian London,Judith R. Walkowitz,368.0,4.42857142857143,1992.0
953883,Drømmemoreffekten,Eva Andrea Ditlefsen,213.0,2.0,
77350,The Pretty App,Katie Sise,249.0,2.0,
1250676,A Necessary End,Sarah Pinborough,175.0,3.0,2014.0
2321404,Heridas de amor: Hay quien seduce con palabras y destruye con acciones (Spanish Edition),José Luis Navajo,243.0,5.0,
1319062,Adobe Photoshop CS6 Top 100 Simplified Tips and Tricks,Lynette Kent,288.0,4.0,2012.0
722453,Избрани разкази,Svetoslav Minkov,435.0,5.0,1967.0
1808099,"Dignity and Duties of the Priest, or Selva: A Collection of Materials for Ecclesiastical Retreats, Rule of Life and Spiritual Rules (Classic Reprint)",Alfonso María de Liguori,482.0,5.0,2009.0
1639747,"L'enfer, c'est les autres (Mortelle Adèle, #2)",Mr. Tan,94.0,4.16666666666667,2012.0
782715,Seven Days,Patrick Senécal,286.0,4.25,2001.0
319952,NCERT Examplar Physics Class 12th,Sanjeev Kumar,268.0,5.0,2014.0
905387,Star Wars: Force and Destiny : Beginner Game,Daniel Lovat Clark,128.0,2.0,2015.0
2395544,American Guerrilla in the Philippines,Ira Wolfert,242.0,3.5,1945.0
341640,La délicatesse,David Foenkinos,209.0,4.07142857142857,2009.0
243173,"Une sacrée mamie, Tome 9 (Une sacrée mamie, #9)",Yoshichi Shimada,240.0,4.5,2009.0
1120174,Death by Café Mocha (Bookstore Cafe Mystery #7),Alex Erickson,304.0,3.9,2019.0
427887,Preaching the Mystery of Faith: The Sunday Homily,United States Conference of Catholic Bishops,54.0,4.0,2013.0
1149314,"スキル『台所召喚』はすごい！～異世界でごはん作ってポイントためます～ 1 [Skill ""Daidokoro Shoukan"" wa Sugoi! ~Isekai de Gohan Tsukutte Point Tamemasu~ Light Novel #1]",Shippo Tanuki,320.0,4.0,
95299,Sisters of the Resistance,Christine   Wells,416.0,4.1,2021.0
987570,The Wind in the Willows,Kenneth Grahame,182.0,5.0,1908.0
353995,My Medicine,Satoru Takamiya,,5.0,2007.0
1045792,Cahaya di Atas Cahaya: Catatan Perjalanan Spiritual Oki Setiana Dewi,Oki Setiana Dewi,344.0,4.0,2012.0
989571,Aსინქრონი,Ekaterine Togonidze,160.0,4.0,2014.0
429037,"A Silent Voice, Tome 7 (A Silent Voice, #7)",Yoshitoki Oima,170.0,3.5,2014.0
373167,Breathe You (Breathe Me Duet #2),C.R. Jane,283.0,4.4,2020.0
2412166,القصيم في المعلقات,عبدالعزيز بن محمد السحيباني,84.0,4.0,2012.0
2088221,A Question of Survival,Charles Egbert,268.0,3.0,2011.0
133986,Politik Kandang,George Orwell,156.0,5.0,1945.0
898148,Three Daughters of Madame Liang,Pearl S. Buck,315.0,3.73333333333333,1969.0
2448970,7m2 - La dixième enquête du département V: Livre audio 2 CD MP3,Jussi Adler-Olsen,,4.0,2023.0
107532,Shadow Play,Peggy    Blair,338.0,4.0,
1311517,ขุนนางหญิง ยอดเสน่หา เล่ม 1,Sui Yu,432.0,5.0,
159249,Três novelas femininas,Stefan Zweig,176.0,5.0,2013.0
2450187,"After You with the Pistol (Charlie Mortdecai, #2)",Kyril Bonfiglioli,184.0,4.0,1979.0
768793,"Indigenous Relations: Insights, Tips & Suggestions to Make Reconciliation a Reality",Bob Joseph,210.0,5.0,2019.0
1201004,"Sign and Sing Along: Twinkle, Twinkle Little Star",Annie Kubler,12.0,4.0,2002.0
546864,Revenge of the Teacher's Pet: A Love Story,Darrin Doyle,224.0,4.25,2009.0
1312354,My Argument with the Gestapo,Thomas Merton,260.0,3.0,1975.0
1223224,"Kaplan Medical USMLE Pharmacology and Treatment Flashcards: The 200 Questions You’re Most Likely to See on Steps 1, 2 & 3 (cards)",Conrad Fischer MD,408.0,5.0,2008.0
673527,Fire in the Hole!: The Untold Story of My Traumatic Life and Explosive Success,Bob  Parsons,319.0,5.0,
1606445,Рибалки,Chigozie Obioma,304.0,4.5,2015.0
2394860,"Whirlwind (Only in Gooding, #3)",Cathy Marie Hake,368.0,4.19444444444444,2008.0
1649910,El crepúsculo de los ídolos,Friedrich Nietzsche,192.0,2.5,1889.0
1408787,"101 Tactics for Spiritual Warfare: Live a Life of Victory, Overcome the Enemy, and Break Demonic Cycles",Jennifer LeClaire,240.0,5.0,
2369831,The Doors of Eden,Adrian Tchaikovsky,533.0,4.33333333333333,2020.0
902128,Hearing Birds Fly,Louisa Waugh,288.0,4.0,2003.0
927786,Mil viajes a Ítaca: Una visión personal sobre Grecia (Spanish Edition),Ana Capsir,315.0,3.0,
2255743,Silver's Spells for Protection,Silver RavenWolf,252.0,4.0,2000.0
1835051,Coyote (Jessica James Mysteries #2),Kelly  Oliver,290.0,3.8,2016.0
1918756,"荒川アンダーザブリッジ 5 (Arakawa Under the Bridge, #5)",Hikaru Nakamura,180.0,3.0,2007.0
751631,The Book of Strange New Things,Michel Faber,500.0,3.73885350318471,2014.0
2318651,Art Therapy and Ad/HD: Diagnostic and Therapeutic Approaches,Diane Safran,162.0,5.0,2002.0
1168623,Nostro fratello di Assisi: Storia di una esperienza di Dio,Ignacio Larrañaga,397.0,4.0,1979.0
2598725,El destino de una condesa,Eva Ibbotson,270.0,4.0,1981.0
2279414,Smalltown Heat (Red Hot & Blue),Cat Johnson,226.0,4.0,2006.0
1496712,"The Books of Enoch: Complete edition: Including (1) The Ethiopian Book of Enoch, (2) The Slavonic Secrets and (3) The Hebrew Book of Enoch",Enoch,214.0,3.5,-300.0
628599,Troublemaker: Surviving Hollywood and Scientology,Leah Remini,256.0,4.36082474226804,2015.0
1355973,"Du weißt, wo du mich findest",Rebecca Stead,240.0,4.0,2009.0
1600507,The Infinity Gauntlet #2,Jim Starlin,40.0,5.0,1991.0
2229806,Publish Your Genealogy: A Step-by-Step Guide for Preserving Your Research for the Next Generation,Dina C. Carson,292.0,4.0,2015.0
83981,Where The Wind Takes You: A Mountain Man Adventure (Isaiah Reinhardt: Mountain Man Book 1),Leroy A. Peters,203.0,4.33333333333333,
1936640,From Purdah to Parliament,Shaista Suhrawardy Ikramullah,272.0,3.0,1998.0
2238659,Bel Air,Katherine Stone,369.0,5.0,1990.0
1552292,Quell (Flow #4),Clare Littlemore,440.0,4.25,
1447821,Mastering Life's Energies: Simple Steps to a Luminous Life at Work and Play,Maria Nemeth,244.0,4.0,2007.0
1939178,かくりよの宿飯 十 あやかしお宿に帰りましょう。[Kakuriyo no Yadomeshi 10 : Ayakashi Oyado ni kaerimashou.],Midori Yuma,336.0,5.0,2019.0
1532428,Sexy Pictures of Hot Girls (Vol.4),Sexy Nakra,0.0,5.0,2014.0
2249627,"Shotguns and Shifters (Trailer Park Vampire, #1)",J.R. Rain,238.0,4.0,
1896573,Saga of Jason #4 (An unofficial Minecraft story) (The Saga of Jason),New Mine City Books,40.0,5.0,
1399490,"Gianpaolo Aragon (Stallion, #29)",Sofia .,128.0,5.0,2008.0
1432893,Great Expectations,Charles Dickens,89.0,4.0,1861.0
1989673,Walk-About,Rebecca Smith,88.0,2.0,2009.0
1832478,Kommissar Pascha: Ein Fall für Zeki Demirbilek,Su Turhan,352.0,5.0,2013.0
246898,Klein-Brittannië,Lia van Bekhoven,208.0,2.83333333333333,2022.0
2292380,Real-Life Homeschooling: The Stories of 21 Families Who Teach Their Children at Home,Rhonda Barfield,320.0,3.0,2002.0
1679069,New Orleans Classic Cocktails (Classic Recipes Series),Kit Wohl,96.0,5.0,2012.0
1990814,Mermaids Singing Asda,Dilly Court,0.0,4.0,2005.0
175128,A Matter of Honour,Jeffrey Archer,452.0,4.125,1986.0
1731318,Flying Fury: Five Years in the Royal Flying Corps,James McCudden,303.0,4.5,1918.0
282611,Dangerous Illusions,Joseph J. Gabriele,268.0,2.0,2014.0
721132,The Eighteenth Brumaire of Louis Napoleon,Karl Marx,116.0,4.0,1852.0
417964,The 5 Love Languages Military Edition: The Secret to Love That Lasts,Gary Chapman,224.0,4.0,
177975,Nobody Can Love You More,Mayank Singh,240.0,5.0,2012.0
1880796,The Way to Brave: Shaping a David Faith for Today's Goliath World,Andy McQuitty,224.0,5.0,
1605455,Onze Noites em Jerusalém,Pedro Paixão,104.0,3.0,2002.0
1162344,The Further Adventures of Sherlock Holmes - The Veiled Detective,David Stuart Davies,246.0,4.36363636363636,2004.0
269757,Le retour de l'enfant prodigue,Henri J.M. Nouwen,192.0,5.0,1991.0
290725,Oath of Fidelity (Deviant Doms),Jane   Henry,317.0,4.18181818181818,
145528,Making the Cut: Stories of Sartorial Icons by Savile Row's Master Tailor,Richard           Anderson,208.0,3.0,
1281443,Finding Felix,Jo Platt,261.0,4.54545454545455,
594577,"The Ghoul Next Door (Ghost Hunter Mystery, #8)",Victoria Laurie,354.0,4.0,2014.0
822324,Dancing in the wind,Silvia Carbone,300.0,4.0,
1403689,That's Another Story: The Autobiography,Julie Walters,304.0,3.52173913043478,2008.0
2510369,Bouche cousue,Marion Muller-Colard,112.0,4.0,2016.0
700535,The Last Lincolns: The Rise & Fall of a Great American Family,Charles Lachman,483.0,4.3,2008.0
1498718,Zov stepskog vuka,Ivan Nović,166.0,5.0,
775410,Free Will (Cambridge Elements in Philosophy of Mind),Derk Pereboom,78.0,4.0,2022.0
2072259,Prince of Poachers - Part 1: Ex-outlaw deer hunter Charles Beaty tells all in his epic true story hunting adventure.,Charles Beaty,0.0,5.0,
109611,A Slave for the Milking: The Full Collection,Jena Cryer,329.0,4.0,2014.0
1454284,"Highland Hunger: Game Over (Highland Wars, #1.5)",Eliza Knight,65.0,5.0,2014.0
1798425,On the Origin of Species,Charles Darwin,388.0,4.0,1859.0
1214872,The Poems & Fables of John Dryden,John Dryden,876.0,4.0,1970.0
846511,Dozen Pebbles Washed Ashore by Life,Aura Bhattacharjee,118.0,4.0,
492439,The Abandoned: Craig Carter Series (The Craig Carter Series Book 1),Zoee Smith,203.0,4.5,2015.0
1181381,Empire of Light (Creatures of Sin & Seduction #2),K.J. Jackson,274.0,4.5,
1152348,Widowland,C.J. Carey,432.0,3.61290322580645,2021.0
488575,Sweetland,Michael Crummey,330.0,4.5,2014.0
506652,Fortunes of War,Stephen Coonts,378.0,4.5,1998.0
946965,Lock Every Door,Riley Sager,384.0,3.6,2019.0
1690184,Laatbloeier (Dutch Edition),Mazey Eddings,340.0,4.0,2024.0
881799,Ancien malade des hôpitaux de Paris,Daniel Pennac,78.0,4.0,2005.0
112230,"Holt, Her Ruthless Billionaire (Ruthless Second Chance Duet #2; 50 Loving States, Connecticut #2; Ruthless Tycoons #2)",Theodora Taylor,316.0,4.5,2017.0
219146,A Christmas Gift for Kate (Hope Valley Romance Book 1),Tess Brennan,107.0,4.66666666666667,
1132324,Rufus Younger: Mountain Man: Rocky Railroad Rivals: A Western Adventure Sequel (A Rufus Younger: Mountain Man Adventure Book 5),Harvey Wood,98.0,4.5,
1746765,"Kakegurui - Compulsive Gambler -, Vol. 16",Homura Kawamoto,258.0,5.0,2022.0
2117472,Micromegas,Voltaire,38.0,3.0,1752.0
1785002,"Twisted (Twisted Fairy Tales, #1)",Jenny   Phillips,84.0,4.0,2012.0
637301,Ταξίδι στο κέντρο της γης,Jules Verne,399.0,3.0,1864.0
810273,"The Devil Wears Prada - Bos Paling Kejam Sedunia (The Devil Wears Prada, #1)",Lauren Weisberger,552.0,3.33333333333333,2003.0
1435016,26 Storey Treehouse,Andy Griffiths,352.0,4.0,2011.0
189760,"The Static of the Spheres (Personal History, Adventures, Experiences & Observations of)",Eric Kraft,,3.0,1983.0
2677,Aslında Her Şey Yolunda,Duygu Terim,128.0,5.0,
1087934,Widow's Might (Liv Bergen Mystery #3),Sandra Brannan,309.0,5.0,2012.0
918422,The Golden Hour,Beatriz Williams,,3.33333333333333,2019.0
1513183,The Unlikely Hero: The Story of Wolf 8,Rick McIntyre,120.0,5.0,
1859845,Bajo la cascada gris,José  Piqueras,295.0,5.0,
2220193,Preludio allo spazio,Arthur C. Clarke,160.0,4.0,1950.0
1653545,Meant to Be,Louisa Leaman,312.0,3.0,
1511852,Hard Ride Home,KyAnn Waters,87.0,5.0,2008.0
1107583,Química Física,Peter   Atkins,,4.0,1978.0
891052,Lanny,Max Porter,5.0,4.0,2019.0
1197278,The Art of Dramatic Writing,Lajos Egri,334.0,5.0,1942.0
504102,Neulich in Amerika (German Edition),Eliot Weinberger,255.0,5.0,
1539409,English Journey,J.B. Priestley,381.0,4.0,1934.0
2106036,Swipe to Unlock: The Primer on Technology and Business Strategy,Parth Detroja,325.0,4.6,2017.0
692941,"Live, Love, and Hack Life: A Fresh Look at Understanding Law of Attraction",Jennifer Teske,,5.0,
615941,Living For Us: (Surviving For Us Novella),Lauren Nicole,88.0,5.0,
951406,Humor of a Country Lawyer (Chapel Hill Books),Sam J. Ervin Jr.,224.0,5.0,1983.0
1455099,Cùng Anh Ngắm Hoa Sơn Tra,Ngải Mễ,471.0,3.0,
1144678,A luz e a sombra dos 12 signos: Histórias e interpretações que ajudam a compreender a força dos astros,Claudia Lisboa,256.0,4.0,
2356440,Kings & Queens of England & Scotland,Peter Somerset Fry,96.0,4.5,1990.0
2499479,Kindertransport,Olga Levy Drucker,160.0,4.66666666666667,1992.0
405970,"Someone to Honor (Westcott, #6)",Mary Balogh,396.0,4.5,2019.0
1781804,All the Light We Cannot See,Anthony Doerr,544.0,4.33333333333333,2014.0
903820,Кот раввина,Joann Sfar,296.0,5.0,2010.0
922444,Work Like a Woman: A Manifesto For Change,Mary Portas,228.0,4.0,
1086240,"Insekternes planet: Om de sære, nyttige og fascinerende småkryb vi ikke kan leve uden",Anne Sverdrup-Thygeson,,4.0,2018.0
1398902,More Like Wrestling,Danyel Smith,384.0,4.0,2003.0
290818,Through the Snow,Celena M. Janton,103.0,3.0,
1765344,Unforeseen (Vampire Awakenings #9),Brenda K. Davies,,4.75,2019.0
2292219,The Santiago Pilgrimage: Walking the Immortal Way,Jean-Christophe Rufin,234.0,5.0,
2510547,Teaching Through Movement: Setting Up Your Kinesthetic Classroom,Stacey Shoecraft,118.0,4.0,2015.0
1411629,"Archangel's Lineage (Guild Hunter, #16)",Nalini Singh,398.0,4.62790697674419,2024.0
82156,Spider-man: Kraven's Last Hunt (Marvel novels Book 8),Neil Kleid,289.0,3.0,2014.0
1931794,Too Innocent For The Pastor: Taboo Erotica (Don't Do It Pastor Book 1),Paloma Eroti,32.0,3.5,2014.0
698525,"Un privé sur le Nil (Lasser, Détective des dieux, #1)",Sylvie Miller,344.0,3.0,2012.0
1386990,"Pardonable Lies (Maisie Dobbs, #3)",Jacqueline Winspear,356.0,4.5,2005.0
1644241,Deliverance From Demonic Covenants And Curses,James A. Solomon,282.0,5.0,2010.0
2207454,Foxe Fire (The Skyler Foxe Mysteries),Haley Walsh,257.0,5.0,2014.0
1886147,Angel: Masks,Jeffrey J. Mariotte,52.0,3.0,2006.0
608141,Lancelot: The Knight of the Cart (Chretien de Troyes Romances S),Chrétien de Troyes,254.0,3.76923076923077,1176.0
1438580,Undiscovered,Debra Winger,188.0,1.0,2008.0
2321941,"Trădări (Altfel de îngeri, #2)",Lili St. Crow,352.0,3.5,2009.0
1361507,"Twisted Lies (Twisted, #4)",Ana Huang,488.0,4.5,2022.0
2020517,موسوعة وصف مصر التاريخ الطبيعي الجزء 29 ــ 30 ــ 31,علماء الحملة الفرنسية,288.0,5.0,2005.0
2159828,Olas del Alma,Diego de Leon Zurita,66.0,4.0,
1662820,Territory of Light,Yūko Tsushima,0.0,4.0,1978.0
76502,Сестри Палавееви в бурята на историята,Alek Popov,310.0,4.0,2013.0
839710,When Evil Chooses You: Book Three in the Dreamer’s Alliance Series,Dan Antion,396.0,5.0,
1297856,‫المنفى‬ (Arabic Edition),ريتشارد نورث باترسون,1721.0,3.0,
1156275,Karanlıkta Fısıldayan,H.P. Lovecraft,96.0,3.6,1931.0
147340,Super Burger,S. Alini,78.0,4.0,2011.0
1493418,Before the Fall,Noah Hawley,400.0,3.53125,2016.0
28848,Sefiller,Victor Hugo,408.0,5.0,
650672,The Power of Moments: Why Certain Moments Have Extraordinary Impact,Chip Heath,321.0,4.48387096774194,2017.0
1451383,"Soldiers First: Duty, Honor, Country, and Football at West Point",Joe Drape,289.0,4.66666666666667,2012.0
1403626,"The L-Shaped Room (Jane Graham, #1)",Lynne Reid Banks,269.0,4.2093023255814,1960.0
395976,"Essential Chakra Yoga: Poses to Balance, Heal, and Energize the Body and Mind",Christina D'Arrigo,150.0,3.0,
1611033,La coscienza di Zeno,Italo Svevo,723.0,4.0,1923.0
399775,Perfeito para o papel,Jewel E. Ann,369.0,4.0,2018.0
1235865,The Virgin's Lover (Boleyn),Philippa Gregory,441.0,4.0,2004.0
978014,The Ticket,E. Ryan Janz,13.0,1.0,
1320140,Isla's Story,Susan E. James,97.0,5.0,2012.0
185397,Zawód położna. Zapiski z dyżurów,Leah Hazard,320.0,4.25,2019.0
1317834,Math-terpieces: The Art of Problem-Solving,Greg Tang,32.0,4.0,2003.0
608752,New Cthulhu: The Recent Weird (New Cthulhu #1),Paula Guran,483.0,2.66666666666667,2011.0
330192,Whisper of Sins: Signahexe (Sündenreihe #6),Juliane Maibach,358.0,4.0,
2241950,خائنة الأعين,ثروت أباظة,111.0,2.0,
2581665,"Hi-Fructose: Collected Edition, Vol. 3",Annie Owens,320.0,5.0,2013.0
1890727,"Bound to Darkness (Midnight Breed, #13)",Lara Adrian,275.0,4.6,2015.0
207757,Behind Closed Doors: A startling story of Exclusive Brethren life,Ngaire Thomas,249.0,3.0,2004.0
792384,Super Game Book! (Press Start! #14),Thomas Flintham,144.0,5.0,2023.0
1475135,Stranded in Moscow,Rick Furmanek,288.0,5.0,1997.0
208249,Paul Bunyan The Giant Lumberjack,Homer Dimmick,26.0,4.0,
481005,Conversando con el presidente Lincoln,Iván Aurelio Muñoz Riveros,126.0,3.0,
2232082,Rome in a Weekend with Two Kids: A Step-By-Step Travel Guide About What to See and Where to Eat (Amazing Family-Friendly Things to do in Rome When You Have Little Time),H. Osman,61.0,5.0,
965859,"Una Educacion Mortal (Escolomancia, #1)",Naomi Novik,352.0,4.66666666666667,2020.0
2362141,Cinta yang Hilang,V Lestari,176.0,2.0,
703707,"Flow, My Tears, the Policeman Said.",Philip K. Dick,259.0,3.66666666666667,1974.0
937719,750 Years in Paris,Vincent Mahé,120.0,4.0,2015.0
1538603,"Mevlana, Mesneviden seçmeler",İsa Kayaalp,,3.0,
2358287,Think Dog,John  Fisher,189.0,4.5,1990.0
1580918,Saberes y delirios. Una novela sobre la aventura mexicana de Humboldt (Spanish Edition),José N.  Iturriaga,352.0,3.0,2015.0
1916906,Secrets of the Silence / the power of praying without words a 21 day journey of prayer,Bob Kilpatrick,96.0,4.0,
2399970,Classics of Western Philosophy,Steven M. Cahn,1376.0,5.0,1977.0
2421149,The Apothecary Diaries (Light Novel): Volume 2,Natsu Hyuuga,220.0,4.53731343283582,2015.0
1241868,Need (The Fight Club #3),Becca Jameson,285.0,4.5,2014.0
1565473,Ollie : The Sea Grass is Not Always Greener (Ocean Tales Children's Books),Sarah Cullen,32.0,5.0,
1073971,Революция в зрении,Mark Changizi,302.0,2.0,2009.0
971953,"Riket vid vägens slut (Arn Magnusson, #3)",Jan Guillou,431.0,5.0,
325222,Definición de la cultura (Breviarios) (Spanish Edition),Bolívar Echeverría,241.0,5.0,2001.0
1725274,Rituelen,Cees Nooteboom,223.0,3.83333333333333,1980.0
864119,Water in the Wilderness: God's Provision for our Every Need,T.D. Jakes,176.0,5.0,1994.0
216853,"Defensive Zone (The Dartmouth Cobras, #2)",Bianca Sommerland,384.0,4.53333333333333,2012.0
67614,The Journey To The Top: The Tigers historic march through the 2018 season,Zach Lentz,342.0,5.0,
2374220,Rage Against the Night,Shane Jiraiya Cummings,468.0,4.09523809523809,2011.0
599836,Cómo detener el tiempo,Matt Haig,352.0,3.28571428571429,2018.0
617569,De halszaak,Astrid Witte,240.0,3.0,
909157,"A Cowboy and his Skipped Christmas (Chestnut Ranch Romance, #8)",Emmy Eugene,272.0,4.5,
1313898,Light In The Jungle: Life Story Of Ola Hanson Of Burma,Gustaf A. Sword,194.0,4.0,
892973,Beautifully Broken Redemption (Sutter Lake #5),Catherine Cowles,304.0,5.0,2021.0
1623862,The Customer's Always Wrong: Stupid Things Shoppers Say,Geoff Tibballs,193.0,4.0,2013.0
342327,"Lordlar ve Varisler (Hepimiz Gökyüzü Olmak İstedik, #1)",N.G. Kabal,672.0,2.5,2021.0
34095,"Тохол (Тангра, #1)",Токораз Исто,660.0,4.0,2012.0
677566,Be My Sacrifice (Brotherhood of the Sacrament #2),A.L. Maruga,421.0,5.0,
1812131,Le Fils des Ténèbres (Winterheim #1),Fabrice Colin,283.0,3.0,1999.0
677298,More Adventures of the Great Brain,John D. Fitzgerald,144.0,4.66666666666667,1969.0
226870,عام الأفاعي,أحمد خالد توفيق,156.0,3.92307692307692,2004.0
69965,Dash & Lily's Book of Dares,Rachel Cohn,260.0,4.0,2010.0
1554144,50 Tip Motivasi Haji & Umrah,Raudzah ''Roza'' Roslan,256.0,5.0,2011.0
1632925,Let It Snow! (Pokemon Reader #4),Tracey West,32.0,5.0,2003.0
2567954,"A Taste of Greek (Out of Olympus, #3)",Tina Folsom,224.0,4.0,2013.0
2063507,Modern Israeli Cooking: 100 New Recipes for Traditional Classics,Danielle Oron,240.0,5.0,2015.0
49736,Recipe for a Perfect Wife,Karma Brown,335.0,3.4,2019.0
1385943,Grupo de ladrones,Marcial Lafuente Estefanía,188.0,5.0,1975.0
643240,Gideon Parnell: Following The Corrigan Duo: A Western Adventure (A Gideon Parnell Western Book 4),C. Wayne Winkle,128.0,4.5,
1886036,After You: A Novel By Jojo Moyes | Summary & Analysis,QuickRead,26.0,3.0,
343567,Manaconda (Trek Mi Q'an #6) (Horde Wars #4),Sherri L. King,210.0,4.41176470588235,2004.0
1937257,The List,Michael Brissenden,249.0,2.0,2017.0
468682,Ndura: Son of the forest,Javier Salazar Calle,220.0,1.0,2014.0
152267,"Faux départ (Akissi, #7)",Marguerite Abouet,48.0,2.0,
905267,Il tempo della guerra (The Witcher #4),Andrzej Sapkowski,431.0,3.0,1995.0
431982,Wulk: Vallen en opstaan,Myrte Leffring,240.0,5.0,
377848,The Bitter Taste of Murder,Camilla Trinchieri,378.0,3.9375,
1680409,"Troubled Waters (The Demon Dead, #2)",Arthur M. Wyatt,303.0,5.0,
2496403,Holding On When You Want to Let Go: Clinging to Hope When Life Is Falling Apart,Sheila Walsh,240.0,5.0,
2571351,Laufen lernt man nur durch Hinfallen: Wie wir zu echter innerer Stärke finden,Brené Brown,353.0,4.0,2015.0
2241183,"Samantha, 15 ans, héroïne d'un jour (Samantha, #1)",Meg Cabot,348.0,3.5,2002.0
2505086,Devrim 2417,Sinem Ataklı,,4.0,2021.0
1028174,Der Teil und das Ganze: Gespräche im Umkreis der Atomphysik,Werner Heisenberg,292.0,5.0,1969.0
1026046,Nosotros,Yevgueni Zamiatin,201.0,4.5,1924.0
2004420,An Angel's Demise,Sue Nyathi,354.0,4.0,2022.0
331957,Revolução,Arturo Pérez-Reverte,,3.0,2022.0
1016200,"The Lion, the Witch and the Wardrobe",C.S. Lewis,46.0,4.33333333333333,1950.0
328962,Encyclopaedia Eorzea - The World of FINAL FANTASY XIV - Volume II,Square Enix,303.0,4.5,2018.0
782949,The Sweet Potato Queens' Wedding Planner/Divorce Guide,Jill Conner Browne,304.0,4.0,2005.0
2239540,Stockton to Malone: The Rise of the Utah Jazz,Roland Lazenby,96.0,4.0,1998.0
1840288,KALKI’S PONNIYIN SELVAN: VOLUME 2,Kalki,266.0,5.0,2022.0
1181986,Echoes,Danielle Steel,447.0,4.0,2004.0
2439304,"Captivated by You (Crossfire, #4)",Sylvia Day,,4.33333333333333,2014.0
2569449,Pencak Silat: Merentang Waktu,O'ong Maryono,414.0,5.0,
2450155,"Greg Dyke, My Part In His Downfall: Days and Awaydays in BBC News: 2001–2004 (Days and Awaydays Trilogy Book 1)",Chris Moore,182.0,5.0,
526823,Detective Comics (2016-) #1062,Ram V.,36.0,3.0,
1751884,Guardians of Atlantis,Rick Chesler,348.0,3.66666666666667,
1294064,Opowieść o Genjim,Shikibu Murasaki,194.0,3.0,
2204674,PlayStation 4: Ultimate Guide To Master The PS4 Console,David Smith,24.0,4.0,2013.0
895730,Winners,Louise Broderick,349.0,4.0,
1145306,An Binh se rebelle,Marie Gauvillé,48.0,3.33333333333333,2011.0
2462842,The Truth of the Matter: A Novel,Robb Forman Dew,327.0,3.0,2005.0
1360301,Duda Terlajak Laris,Aifa Batrisya,,4.0,2015.0
1080497,La muerte por cuerda (Colección Oeste) (Spanish Edition),John Masterson,180.0,5.0,2013.0
603608,Soul Hunter (Night Lords #1),dembski-bowden-aaron,413.0,4.5,2010.0
418032,Your Words Your Love (Your Words collection ~ Poetry and photography books),Louise Bélanger,136.0,4.0,
2484017,Hip Hop Genius: Remixing High School Education,Sam Seidel,186.0,5.0,2011.0
1479669,Salt,Selina Thompson,64.0,5.0,
605879,Agile Practice Guide,Project Management Institute,210.0,3.6,
2074104,A Goodnight Kiss,Nanda Roep,32.0,4.0,2003.0
1919028,A Gentleman's Wager: MMF Bisexual Regency Menage Romance,Madelynne  Ellis,520.0,5.0,
131851,God's Path to Golden Splendor: Perfected by His Power,Jacki Martin,208.0,3.0,2005.0
1975543,قلب الظلام,Joseph Conrad,139.0,2.0,1899.0
559323,Doctor Who: Origins #2 (Doctor Who Comics),Jody Houser,,5.0,
106547,The Killer in the Choir (A Fethering Mystery Book 19),Simon Brett,192.0,4.75,2019.0
1957673,The Writing Cure: How Expressive Writing Promotes Health and Emotional Well-Being,Stephen J. Lepore,304.0,5.0,2002.0
526848,Theology of the Body for Teens: Discovering God's Plan for Love and Life,Brian Butler,103.0,3.0,2011.0
171580,"Moonlight (Dark Guardian, #1)",Rachel Hawthorne,263.0,3.89041095890411,2009.0
1736535,Different Loving: A Complete Exploration of the World of Sexual Dominance and Submission,Gloria G. Brame,523.0,4.0,1993.0
2145929,A Year without Men: A Twelve-Point Guide to Inspire + Empower Women,Allison Carmen,184.0,5.0,2021.0
1700749,Callous (The Diamond Empire Book 2),Kathy Coopmans,316.0,2.0,
786242,La Révolution française,Albert Soboul,608.0,5.0,1981.0
2264159,"The Vondish Ambassador (Ethshar, #10)",Lawrence Watt-Evans,232.0,4.33333333333333,2007.0
1939901,The Bottom Line,Kenisha Myree,270.0,5.0,
1578909,مجلة سمير,دار الهلال,30.0,2.0,
2022904,"バクマン。2 [Bakuman 2] (Bakuman Jump Remix, #2)",Tsugumi Ohba,370.0,5.0,
1985948,Nautiliaa (Atalante #2),Crisse,48.0,5.0,2002.0
2221511,Richard Scarry's Hop Aboard! Here We Go!,Richard Scarry,48.0,5.0,1972.0
1188593,Δέκα και ένα παραμύθια σοφίας για καιρούς κρίσης και άλλων δεινών,Λιλή Λαμπρέλλη,67.0,4.0,2012.0
333845,"Astrology: Understanding Zodiac Signs & Horoscopes to Improve Your Relationship Compatibility, Career & More!",Charlotte Pearce,60.0,3.0,2015.0
2018442,"Karnin labyrintti (Mustien ruusujen maa, #1)",Katri Alatalo,270.0,2.0,2012.0
753278,Something from Nothing,Phoebe Gilman,32.0,4.24137931034483,1989.0
826762,Happily Ever Afterwards,Shaun Micallef,216.0,3.0,
1258734,"Chasing Eternity (Stealing Infinity, #3)",Alyson Noel,496.0,4.16666666666667,2024.0
1471257,Cydonia,Michael Morar,608.0,5.0,
115851,La casa sul Bosforo,Pınar Selek,314.0,4.5,2011.0
1729366,The Real Diana,Lady Colin Campbell,326.0,4.5,1998.0
1187471,Claiming Her (Rogue Warriors #3),Kris Kennedy,372.0,4.75,2011.0
1018688,Their Virgin,J.L. Beck,73.0,3.33333333333333,2016.0
1580740,SpongeBob RoundPants (SpongeBob SquarePants),Erica David,24.0,5.0,2009.0
1809122,Respect for Acting,Uta Hagen,244.0,4.66666666666667,1973.0
218939,Possession (Perversion Trilogy Book 2),T.M. Frazier,206.0,4.44444444444444,2018.0
2473489,Rich Enough? A Laid-Back Guide For Every Kiwi,Mary Holm,302.0,4.4,
2435671,Jochen Rindt: Uncrowned King of Formula 1,David Tremayne,496.0,5.0,
1603815,Bodily Healing And The Atonement (Healing Classics Book 1),T.J. McCrossan,95.0,5.0,1930.0
1528409,The Twilight of American Culture,Morris Berman,224.0,4.0,2000.0
582546,What Horses Say,Julie Dicker Anna Clemence,285.0,5.0,2014.0
358099,How Not To Sell T-Shirts On Teespring: 10 Mistakes You Probably Make,Quentin Yordan,16.0,5.0,2015.0
1980295,Generous Enemies: Patriots and Loyalists in Revolutionary New York (Early American Studies),Judith L. Van Buskirk,,4.0,2002.0
1459409,"The Sandman, Vol. 6: Fables & Reflections",Neil Gaiman,264.0,4.41176470588235,1993.0
1631670,Ucciderò Dio venerdì,Paolo Musso,512.0,5.0,
539588,"Wysoko wrażliwi. Jak funkcjonować w świecie, który nas przytłacza",Elaine N. Aron,376.0,3.72727272727273,2013.0
731997,"Something from the Nightside (Nightside, #1)",Simon R. Green,244.0,3.41666666666667,2003.0
1292919,"여신강림 17 (True Beauty, Vol. 17)",Yaongyi,320.0,4.08333333333333,
2454019,Aquellos sujetos,Mayi Eloísa Martínez,18.0,4.0,2021.0
1255499,"Poisoned Pages (A Booktown Mystery, #12)",Lorna Barrett,286.0,4.0,2018.0
1652622,Break Me Down,Jennifer Domenico,353.0,3.0,2016.0
822307,Scandalous Behavior (Stone Barrington #36),Stuart Woods,311.0,4.22222222222222,2016.0
341727,"Shadowspell Academy: L'incantesimo dell'ombra (Shadowspell Academy, #1)",K.F. Breene,186.0,2.5,
2055922,"The Shimmering Road (Charlie Cates, #2)",Hester Young,432.0,5.0,2017.0
1481274,Mobilizing in Uncertainty: Collective Identities and War in Abkhazia,Anastasia Shesterinina,258.0,5.0,
1893964,"Primul Război Mondial: controverse, paradoxuri, reinterpretări",Lucian Boia,120.0,3.66666666666667,2014.0
1633092,"For That One Day: The Memoirs of Mitsuo Fuchida, the Commander of the Attack on Pearl Harbor",Douglas Shinsato,521.0,5.0,
1480316,The Secret Power of Speaking God's Word,Joyce Meyer,288.0,5.0,2007.0
2084530,Trasiga Toner - Från Tornedalen till Franska trion,Matti Ollikainen,292.0,4.0,2020.0
2411613,Un novio para mamá y otros relatos,Gerald Durrell,246.0,5.0,1980.0
705791,Los soles truncos,René Marqués,0.0,3.8,1983.0
138860,Viruses Vs. Superbugs: A Solution to the Antibiotics Crisis? (Macmillan Science),T. HÄUSLER,312.0,4.0,2006.0
486555,The Long Distance Playlist,Tara Eglington,384.0,3.52941176470588,2019.0
2406097,Un mágico atardecer en Texas (Texas #2),Isabella Marín,312.0,4.0,
1033336,Each and Every One,Rachael English,334.0,4.0,2014.0
1412773,"Bento (O Vampiro-Rei, #1)",André Vianco,516.0,4.2,2003.0
2425064,Happiness In Jersey,Jacinta Howard,280.0,5.0,2014.0
1619648,Vicious Circles (All the wrong reasons #2),J.L. Paul,,3.33333333333333,2011.0
992370,"Mein Kopf, ein Universum",Carmen Kroll,265.0,3.64705882352941,
999060,Domowik,Ilkka Auer,262.0,5.0,
915150,Inside Little Britain,Matt; Walliams Boyd; Walliams Lucas Lucas,406.0,4.0,2006.0
855997,MATURE WOMEN (SEX stripping Collection ) 3,Reyson Kepec,0.0,3.0,2014.0
1501589,La reina del sur,Arturo Pérez-Reverte,542.0,3.0,2002.0
2237653,A Fairy Extraordinary Christmas Story,A.J. York,31.0,5.0,
63831,"Highland Courage (Duncurra, #2)",Ceci Giltenan,231.0,4.0,2014.0
77735,Война и мир,Leo Tolstoy,1296.0,4.0,1869.0
2059434,"Damaged Souls Series: 3 Book Box Set: Scarred, Open Wounds, & Healed",Twyla Turner,490.0,3.0,2015.0
637675,"Rock Star's Girl (Sweet Valley High, #72)",Francine Pascal,150.0,3.5,1991.0
1195951,"The Medusa Murders (Bay Browning, #1)",Joy Ann Ribar,316.0,3.0,2023.0
2441711,Suitably Yours (Hidden Gems Historical Romance Book 1),M. Culler,214.0,3.5,
127450,How To Find Free Kindle Books: Find free books for Kindle with this resource of over 65 current sites dedicated to free ebooks!,Jack Meyers,31.0,1.0,2012.0
896547,Ship Stability: Notes and Examples (Kemp & Young Series),Bryan Barrass,160.0,5.0,2001.0
1118435,Historia de mi lengua,Claudia Apablaza,111.0,3.5,
1719621,"Mars, Vol. 6",Fuyumi Soryo,198.0,4.29166666666667,1998.0
1192470,The Lady of Fire and Light: A Fate of Ashes Prequel Novella (The Fate of Ashes),Victoria K. Taylor,125.0,4.75,
76854,In The Far Pashmina Mountains: An epic tale of a woman’s bravery and a fierce enduring love that refuses to die.,Janet MacLeod Trotter,567.0,5.0,
291741,Physics: Principles with Applications (7th Edition) - Standalone book,Douglas C. Giancoli,1088.0,2.0,1980.0
1633237,The Casanova (The Miles High Club #3),T.L. Swan,,5.0,2021.0
1336138,The Heart of the Matter,Graham Greene,255.0,4.33333333333333,1948.0
1942323,"О чём я говорю, когда говорю о беге",Haruki Murakami,208.0,4.28571428571429,2007.0
162161,Fully Alive: A Biblical Vision of Gender That Frees Men and Women to Live Beyond Stereotypes,Larry Crabb,224.0,5.0,2013.0
1142554,Memoriile unui mercenar din Grupul Wagner,Marat Gabidullin,240.0,3.0,
2066763,Breviario sui politici,Giulio Mazzarino,96.0,3.0,1684.0
943286,Doctor Who: Dalek: The Astounding Untold History of the Greatest Enemies of the Universe,George Mann,411.0,5.0,2017.0
2217074,"The Design of Innovation: Lessons from and for Competent Genetic Algorithms (Genetic Algorithms and Evolutionary Computation, 7)",David Edward Goldberg,272.0,5.0,2002.0
311432,"Feral (Wolf Ranch, #3)",Renee Rose,6.0,4.0,2020.0
1291458,Zeptej se ďábla,Michal Vrba,293.0,3.0,
599266,Death in a Wine Dark Sea,Lisa     King,352.0,3.5,2012.0
1730122,The Quell: Destiny Rising (The Quell: Destiny Rising #1),Lachlan Wells,180.0,3.0,2020.0
2276237,A Dawn Like Thunder: The True Story of Torpedo Squadron Eight,Robert J. Mrazek,544.0,3.83333333333333,2008.0
892652,I'll Never Be Long Gone,Thomas Christopher Greene,304.0,4.0,2005.0
1947055,The River Maiden,Meredith R. Stoddard,474.0,5.0,2014.0
334741,Stepbrother For Christmas,Julie Thorn,68.0,4.0,
887636,Siberian Light,Robin White,442.0,4.4,1997.0
1888652,Fetish & Fantasy Box Set,Lori King,256.0,5.0,
2057833,قضية فلسطين,Ali Khamenei,669.0,4.0,2020.0
1514524,BUtterfield 8,John O'Hara,267.0,4.0,1935.0
1873687,Search the Scriptures: A Three-Year Daily Devotional Guide to the Whole Bible,Alan M. Stibbs,541.0,3.0,1967.0
80744,"Gunslinger Girl, Vol. 6",Yu Aida,176.0,5.0,2006.0
2382920,"Kız, Yılan, Diken",Melissa Bashardoust,336.0,2.5,2020.0
2470417,Мы вышли покурить на 17 лет… (Russian Edition),Mikhail Elizarov,211.0,4.0,2012.0
538599,"Dark Operative: The Dawn of Love (The Children of the Gods, #19)",I.T. Lucas,314.0,4.83333333333333,
1232092,John Wycliffe: Man of Courage (Great By Faith Biography),Rebecca  Hammond,100.0,4.0,2004.0
479565,The Husband Gambit,L.A. Witt,11.0,3.0,2018.0
1909857,The Baby Chicks Are Singing / Los Pollitos Dicen,Ashley Wolff,22.0,5.0,2005.0
744660,Robinson Crusoé e seus amigos,Leonardo Gandolfi,120.0,4.0,2021.0
2125753,Common Ground in a Liquid City: Essays in Defense of an Urban Future,Matt Hern,240.0,3.6,2010.0
1220461,Don’t Turn Out the Lights,Jonathan Maberry,,4.0,2020.0
1960647,The Illustrated Star Wars Universe,Kevin J. Anderson,192.0,5.0,1995.0
2487902,The Myth of Male Power,Warren Farrell,604.0,4.5,1993.0
1659905,Oddball Ornaments: The Story of Christmas,Terry Overton,116.0,5.0,
131957,The Devil May Dance: A Novel,Jake Tapper,,5.0,2021.0
1802174,"Mako's Bounty (1Night Stand, #95)",Diane Dooley,32.0,5.0,2012.0
550853,Kanada,Eva Wiseman,247.0,4.5,2006.0
863336,The Ogre Downstairs,Diana Wynne Jones,228.0,4.0,1974.0
1740563,You and Me Forever Workbook: Marriage in Light of Eternity,Francis Chan,96.0,5.0,2014.0
589627,Relational Aesthetics,Nicolas Bourriaud,128.0,3.90909090909091,1998.0
1193088,"Colder, Vol. 1",Paul Tobin,110.0,3.0,2012.0
2298903,無止境的殺人,Miyuki Miyabe,352.0,3.0,1992.0
301696,Marvel Knights Daredevil: Parts of a Hole,David W. Mack,176.0,5.0,2002.0
1397252,Haji dan Umrah Mengikut Sunnah Rasulullah SAW,محمد ناصر الدين الألباني,186.0,5.0,
635920,"Mama, I Got a Dollar!",Rella B.,26.0,5.0,
1179284,"Nine Plays of the Modern Theater: Waiting for Godot; The Visit; Tango; The Caucasian Chalk Circle; The Balcony; Rhinoceros; American Buffalo, et al",Bertolt Brecht,896.0,3.5,1981.0
2227672,Highland Fling (Flying into Love Book 7),C.F. White,322.0,4.66666666666667,
1448925,"Pish, Posh, Said Hieronymus Bosch",Nancy Willard,32.0,4.5,1991.0
2560855,How to Make Love to a Plastic Cup: A Guy's Guide to the World of Infertility,Greg Wolfe,256.0,5.0,2010.0
871877,O Quarto Fechado,Lya Luft,112.0,4.5,1986.0
2558317,Er ég bara flatbrjósta nunna? (Er ég bara flatbrjósta nunna? #1),Bryndís Jóna Magnúsdóttir,164.0,5.0,2005.0
2016673,Isekai Tensei: Recruited to Another World Volume 7,Kenichi,277.0,4.25,
450168,"Trust Me (Rough Love, #3)",Annabel Joseph,196.0,3.28571428571429,2016.0
811700,Shake Things Up (Love at Knockdown #2),Skye Kilaen,233.0,4.5,2022.0
1808760,Everyday Ethnicity in Sri Lanka (Routledge Contemporary South Asia Series),Daniel Bass,248.0,3.0,2012.0
1173328,"Master of Dreams, Part 2: Imperfect Hosts (Sandman, #2)",Neil Gaiman,,5.0,1988.0
56169,Audrey's Gone AWOL,Annie de Monchaux,0.0,4.375,
1238160,"The Maiden's Tale (Sister Frevisse, #8)",Margaret Frazer,256.0,4.11111111111111,1998.0
1139818,Little Bird (Dirty Deeds #1),Kally Ash,,2.0,2021.0
2330156,Close Encounters: Exploring the Mysteries of Alien Abductions,Warren Agius,220.0,5.0,
1912752,The Moon and Sixpence,W. Somerset Maugham,252.0,5.0,1919.0
188044,Dear Oxbridge: Liebesbrief an England,Nele Pollatschek,240.0,4.5,2020.0
1565273,The Chesterboro Wedding (Chesterboro University #5.5),Josie Blake,59.0,5.0,
1966160,Phonics They Use: Words for Reading and Writing (4th Edition),Patricia Marr Cunningham,224.0,5.0,1990.0
485976,"Entwined, Entangled & Enthralled (The Erotic Adventures of Jane in the Jungle #1-3)",Colette Gale,228.0,3.0,2014.0
1982923,Phillip Noyce: Backroads to Hollywood,Ingo Petzke,392.0,4.0,
2268331,Battered Souls (Mail Order Brides of Spring Water #4),Kathleen Ball,156.0,5.0,2019.0
44067,"Stolen Kisses, Secrets, and Lies (Mob Princess, #2)",Todd Strasser,209.0,4.33333333333333,2007.0
2588926,Runtuhnya Kerajaan Hindu-Jawa dan Timbulnya Negara-negara Islam di Nusantara,Slamet Muljana,302.0,3.0,1968.0
1039886,"Im mroczniej, tym lepiej",Stephen        King,640.0,5.0,2024.0
1218055,Maggie Moore and the Secret School Diary,Firna Rex Shaw,,5.0,2012.0
42229,"Poison (The Poisoner Mysteries, #1)",Sara Poole,401.0,4.0,2010.0
463553,Breaking Boston,K.M. Rogness,,3.75,2024.0
239207,The Rachel Papers,Martin Amis,224.0,3.68181818181818,1973.0
2194784,Os Miseráveis - Quinto Volume - João Valjean,Victor Hugo,407.0,5.0,1862.0
797302,Murder on Wheels (The Hildegarde Withers Mysteries),Stuart   Palmer,271.0,3.6,1932.0
1091011,My Evil Mother,Margaret Atwood,32.0,3.95606435643564,2022.0
1411949,"Murder on Tyneside (Agnes Lockwood Mysteries, Book #1)",Eileen Thornton,272.0,3.87096774193548,
435306,The Letters (The Inn at Eagle Hill #1),Suzanne Woods Fisher,322.0,4.35294117647059,2013.0
2401540,Sunflower,Sera Holland,46.0,5.0,
1916239,The Tattooist of Auschwitz Commemorative Edition,Heather   Morris,0.0,4.0,2018.0
71530,"Noob Game Plus (Noobtown, #5)",Ryan Rimmel,,3.5,2021.0
1053406,山與食欲與我 9,Hideo Shinanogawa,128.0,4.0,
2197739,Nice Girls Don't Get the Corner Office; Nederlandse editie,Lois P. Frankel,379.0,4.0,2004.0
541692,Self Made Boss Chick,Kellz K.,155.0,5.0,
1765307,Contra la sostenibilidad,Andreu Escrivà,256.0,3.75,
834131,Bad Kitty for President (paperback black-and-white edition),Nick Bruel,160.0,5.0,2012.0
678899,We Are What We Eat: A Slow Food Manifesto,Alice Waters,208.0,3.77777777777778,2021.0
58096,"Firehurler (Twinborn Trilogy, #1)",J.S. Morin,459.0,4.33333333333333,2013.0
856740,The Principal as Human Resources Leader: A Guide to Exemplary Practices for Personnel Administration (Eye on Education Books),M. Scott Norton,178.0,4.0,2014.0
1130535,All of You Every Single One: A Novel,Beatrice Hitchman,320.0,3.5,2021.0
682900,Oryon (Tornians #3.5),M.K. Eidem,120.0,4.75,2015.0
1329010,The Frankenfood Myth: How Protest and Politics Threaten the Biotech Revolution,Henry I. Miller,296.0,5.0,2004.0
670164,A Midsummer Night's Dream,William Shakespeare,81.0,4.0,1595.0
721984,"A Promise For The Twins (The Wyoming Multiples, Book 5) (Mills & Boon True Love)",Melissa Senate,170.0,4.0,
2451140,Maddie Saves the Dragon (Maddie's Adventures Book 4),Jaclyn Weist,33.0,3.0,
1730124,Heroic Deeds (New Realm Online #4),Robyn Wideman,471.0,4.5,
380801,Anne Frank The Diary of a Young Girl,Anne Frank,8.0,5.0,1947.0
2017145,Die drei ??? O du finstere,Hendrik Buchna,179.0,4.0,2019.0
2451460,Tutti pazzi per Gödel!: La guida completa al teorema d'incompletezza,Francesco Berto,270.0,2.0,2008.0
736897,The Man in 3B,Carl Weber,323.0,4.4,2013.0
578288,Drunk Folk Stories,Beans On Toast,180.0,3.66666666666667,
430970,الإرشاد إلى صحيح الاعتقاد والرد على أهل الشرك والإلحاد,صالح بن فوزان بن عبد الله الفوزان,327.0,4.83333333333333,2011.0
1188482,Father Of Lions,Louise Callaghan,432.0,5.0,2019.0
1327929,المقر السرى,R.L. Stine,151.0,2.0,1994.0
2405102,To Stand And Stare: How to Garden While Doing Next to Nothing,Andrew Timothy O'Brien,288.0,3.0,
2436774,Os Melhores Contos de H.P. Lovecraft - Volume 3,H.P. Lovecraft,287.0,4.0,2008.0
1499149,"Die verschwundene Braut (Die Brontë-Schwestern, #1)",Bella Ellis,383.0,3.0,2019.0
716747,A Charming Hexocist (Magical Cures Mystery Series Book 14),Tonya Kappes,108.0,4.5,2024.0
2138757,"バクマン。8 [Bakuman 8] (Bakuman Jump Remix, #8)",Tsugumi Ohba,431.0,5.0,
2414402,Concerning Spiritual Gifts,Kenneth E. Hagin,96.0,5.0,1975.0
1020924,Savage Monster (Monsters & Devils Book 2),Faye Pierce,376.0,5.0,
1764874,"Thunder Moon (Nightcreature, #8)",Lori Handeland,352.0,4.375,2008.0
1580294,کورها,Maurice Maeterlinck,46.0,4.0,1890.0
2473908,Demon King (The Bloodletter Saga #1-2),Erik Henry Vick,663.0,4.27777777777778,
41651,Dork Diaries Drama Queen,Rachel Renée Russell,352.0,4.0,2015.0
2498843,Pád Númenoru,J.R.R. Tolkien,328.0,4.0,2022.0
1451227,"Perfecte Wraak (D.I. Callanach, #7)",Helen Sarah Fields,306.0,4.0,2022.0
286119,Duffle Bag Bitches 4,Alicia Howard,116.0,4.0,2014.0
1536102,The Bulldog and the Helix: DNA and the Pursuit of Justice in a Frontier Town,Shayne Morrow,271.0,3.0,
2213462,Dragonero n. 17: Il trafficante di schiave,Stefano Vietti,98.0,4.5,2014.0
105479,"Pärimismängud (The Inheritance Games, #1)",Jennifer Lynn Barnes,416.0,4.71428571428571,2020.0
1629511,"World History 101: From ancient Mesopotamia and the Viking conquests to NATO and WikiLeaks, an essential primer on world history (Adams 101 Series)",Tom Head,257.0,4.45454545454545,2017.0
1191339,Rising Moon: A Dog's Story of Life After the Apocalypse (The Dogs of the Spires Book 4),Ethan Summers,231.0,5.0,
1226132,"Driven to Ink (Tattoo Shop Mystery, #3)",Karen E. Olson,312.0,4.0,2010.0
1925399,خانواده آقای ابله,Roald Dahl,117.0,4.0,1980.0
2498605,The House That Jack Built,Paul Galdone,32.0,3.0,1961.0
1240554,A Menina Submersa: Memórias,Caitlín R. Kiernan,320.0,4.22222222222222,2012.0
1205654,"Heart, Haunt, Havoc (The Gideon Testaments, #1)",Freydís Moon,156.0,4.03571428571429,2023.0
413656,"Truth in Blue (All That Matters, #1)",Mirai Amell,379.0,4.0,
2458051,If I Live (If I Run Series),Terri Blackstock,352.0,4.66666666666667,2016.0
1623765,Saving Savannah,Tonya Bolden,240.0,3.5,2020.0
1626744,Ośmiornica,Matt Shaw,138.0,3.0,2019.0
1952195,Queen Mary's Dolls' House: Official Guidebook,Royal Collection Publications,64.0,4.0,2006.0
185104,Kingpin Wifeys Vol 8 (Kingpin Wifeys Volume 1 to 10),K. Elliott,272.0,5.0,
1835922,Nusia,Małgorzata Żurecka,183.0,4.0,2019.0
1372744,Great Leads: The Six Easiest Ways to Start Any Sales Message,Michael Masterson,211.0,4.71428571428571,2011.0
1632137,The Grinny Granny Donkey (A Wonky Donkey Book),Craig           Smith,24.0,4.5,
1125943,Simply Irresistible,Marlie May,316.0,5.0,
185531,The Unseen,T.L. Hines,386.0,3.66666666666667,2008.0
141464,Death Rides A Gray Horse (The Fall of Timber Western #1),Robert H. Hanlon,141.0,3.0,
1393141,"Blue Chip Kids: What Every Child (And Parent) Should Know About Money, Investing, and the Stock Market",David W. Bianchi,234.0,4.0,2015.0
85797,"Ja, Inkwizytor. Bicz Boży (Mordimer Madderdin, #3)",Jacek Piekara,483.0,3.9047619047619,2011.0
1761623,Light at the Edge of the World: A Journey Through the Realm of Vanishing Cultures,Wade Davis,225.0,4.8,2001.0
1180323,"Blood Memories (Vampire Memories, #1)",Barb Hendee,243.0,3.7,1999.0
98083,Superhuman Nature,Brandon Overall,283.0,4.14285714285714,2013.0
983708,Những ông trùm tài chính: Những chủ ngân hàng lũng đoạn nền tài chính thế giới,Liaquat Ahamed,755.0,4.0,2009.0
764837,How to Disappear Completely,Annika Howells,329.0,1.0,2012.0
2385308,A History of Women's Bodies,Edward Shorter,416.0,3.0,1982.0
241855,The Mystery of the Secret Room: Book 3 (The Mystery Series),Enid Blyton,224.0,4.0,1945.0
2008364,There Is No Next: NBA Legends on the Legacy of Michael Jordan,Sam  Smith,274.0,5.0,2014.0
544431,World of Warcraft: Folk & Fairy Tales of Azeroth (World of Warcraft),Allison Irons,252.0,4.66666666666667,2021.0
76248,A Reason to Die (Perley Gates Western #2),William W. Johnstone,203.0,4.57142857142857,2018.0
2145836,Rectoverso: 11 Cerita Pendek Dee,Dee Lestari,174.0,4.25,2008.0
716026,"Der Fürst des Zorns (Kingdom of the Wicked, #1)",Kerri Maniscalco,416.0,4.0,2020.0
733979,Ratio: The Simple Codes Behind the Craft of Everyday Cooking (Ruhlman's Ratios Book 1),Michael Ruhlman,272.0,4.85714285714286,2009.0
1657103,"An Hour to Live, an Hour to Love: The True Story of the Best Gift Ever Given",Richard Carlson,96.0,4.0,2007.0
378032,Crow Country,Mark Cocker,224.0,5.0,2007.0
112581,Kitchen Witchcraft: Crafts of a Kitchen Witch (Pagan Portals),Patterson Rachel,96.0,4.5,2013.0
833342,The Strange Story of Linda Lee,Dennis Wheatley,384.0,3.0,1972.0
1442340,The Quickie,James Patterson,369.0,4.03571428571429,2007.0
21904,La carta esférica,Arturo Pérez-Reverte,590.0,3.57142857142857,2000.0
589494,منطلقات طالب العلم,محمد حسين يعقوب,280.0,3.8,2003.0
2064988,Slave (Slave #1),SophieeLam,,4.0,
1432768,The Tragical History of Dr. Faustus: An Elizabethan tragedy by Christopher Marlowe,Christoper Marlowe,,4.0,
1644148,El cuchillo,Patricia Highsmith,319.0,4.5,1954.0
1024524,French Defence Advance Vol.2: Advance Variation Volume 2 (French Defence Advance Series),Evgeny Sveshnikov,152.0,4.0,2008.0
882484,Valentine's Day Coloring Book: Lovely and Cute Gift Book for Kids,Kiddiyo Publishing,74.0,5.0,
2180763,El Aleph,Jorge Luis Borges,176.0,3.5,1945.0
702524,"The Undoing of a Libertine (Somerset Historical Romance, #2)",Raine Miller,408.0,4.33333333333333,2012.0
1982957,"The Billionaire's Secret Kink 3 (Alpha Private Security, #3)",Lisa Ladew,105.0,4.5,
2205159,Bee and Puppycat Vol. 3,Patrick Seery,95.0,5.0,
1602193,Amethyst Isle (Beyond the Realm: Remember #7),Wren Kenzie,163.0,3.0,2020.0
477727,The Book of Joy,Dalai Lama XIV,368.0,4.46153846153846,2016.0
1874560,Leave No Trace,Mindy Mejia,352.0,3.76712328767123,2018.0
2185877,From Burnout to Balance: A Small Business Owner’s Journey Through Personal and Business Growth,Paul Redmond,68.0,5.0,
1322367,Pomor i strah,Vule Žurić,244.0,3.5,
229044,Spiriti e vecchie candele,Marta Beritelli,507.0,5.0,
1742100,"Maggie, A Girl of the Streets and Selected Stories by Crane, Stephen [Signet Classics,2006] (Mass Market Paperback)",Stephen Crane,0.0,3.0,
164188,Tajemnica zwierząt,Martin Widmark,100.0,4.4,
1859439,"Renegade Magic (Legacy, #3)",McKenzie Hunter,241.0,4.71428571428571,2017.0
668643,Så länge du är min syster,Peo Bengtsson,350.0,2.0,2014.0
2373832,"Circle of Quilters (Elm Creek Quilts, #9)",Jennifer Chiaverini,309.0,4.25490196078431,2006.0
1458237,The Alliance,Gerald N. Lund,330.0,4.26086956521739,1983.0
1508877,"In the Company of Cheerful Ladies (No. 1 Ladies' Detective Agency, #6)",Alexander McCall Smith,252.0,4.375,2004.0
192114,Marxismo,Henri Lefebvre,128.0,3.0,1948.0
768020,"Pack of Lies (Monster Hunt, #1)",Charlie Adhara,285.0,4.36842105263158,2022.0
668742,Flying the Nest,Rachael Johns,0.0,3.5,
1178802,Tevye the Dairyman and The Railroad Stories,Sholom Aleichem,352.0,5.0,1894.0
834196,The Behaviour Of Moths,Poppy Adams,308.0,3.63636363636364,2008.0
868086,"Lebe laut, liebe wild! (Be With Us #3)",Jasmin Romana Welsch,296.0,5.0,
1418227,"Puzzle for the Secret Seven (The Secret Seven, #10)",Enid Blyton,154.0,3.85714285714286,
2373895,"Avogadro Corp (Singularity, #1)",William Hertling,240.0,4.09375,2011.0
997806,"Wittgenstein, Finitism, and the Foundations of Mathematics (Oxford Philosophical Monographs)",Mathieu Marion,272.0,5.0,1998.0
1549427,"Life After Abortion: A short, honest book about terminating an unwanted pregnancy in my twenties",Miller Knight,57.0,3.0,
734633,The Queen of the Cicadas,V. Castro,219.0,2.4,2021.0
1859117,Terminal Freeze,Lincoln Child,429.0,2.75,2008.0
528334,Исповедь женщины,Guy de Maupassant,,4.5,
534811,This New Dark,Chase Dearinger,284.0,5.0,
167993,Ρηγγίνα Λέζα,Γρηγόριος Ξενόπουλος,,5.0,
80634,Lawyers in Gray: A Legal Thriller (Michael Gresham Legal Thrillers),John Ellsworth,301.0,3.56521739130435,
1900934,"Simple Beginnings (Bloomfield, #2)",Janelle Stalder,203.0,5.0,2014.0
947275,"Der bunte Hund von Schreckenstein (Burg Schreckenstein, #24)",Oliver Hassencamp,122.0,2.0,1987.0
1161019,The One Who Got Away (Love and Danger #2),Amy Gamet,156.0,4.0,2013.0
1538105,"Simply Hot Pots: A Complete Course in Japanese Nabemono and Other Asian One-Pot Meals (Volume 4) (Simply ..., 4)",Amy Kimoto-Kahn,176.0,5.0,
2480456,"The Final Deduction (Nero Wolfe, #35)",Rex Stout,144.0,4.5,1961.0
584402,The Ship of Adventure: TV Novelisation,Alice McCann,144.0,5.0,
2455902,The Alpha Pack -  Part Six,D.J. Heart,147.0,5.0,2016.0
1419261,A Pucking Disaster (The Revenge Games #4),Brittanee Nicole,0.0,4.8,
1590006,Fahrenheit 451. Short Stories,Ray Bradbury,384.0,4.0,1953.0
998369,رحلة مع الذات,عبد الحميد  محمد الدرويش,176.0,3.0,
1400299,Beating Diabetes,D.J. Jones,135.0,5.0,2021.0
1566949,"Afrodita - Cuentos, Recetas y Otros Afrodisiacos",isabel-allende,323.0,3.0,1998.0
794477,"The Sinister Pig (Navajo Mysteries, #16)",Tony Hillerman,0.0,5.0,2003.0
321630,দশটি উপন্যাস,Samaresh Majumdar,691.0,4.0,
2241694,The Prairie Kitchen Cookbook: 75 Wholesome Heartland Recipes for Every Season,Kayla Lobermeier,192.0,5.0,
1340584,Citrusový sad,Larry Tremblay,176.0,4.0,2013.0
2342207,La grande sera,Giuseppe Pontiggia,263.0,4.0,1989.0
1469778,AiON Volume 1,Yuna Kagesaki,176.0,3.75,2009.0
853882,The Futures: The Rise of the Speculator and the Origins of the World's Biggest Markets,Emily Lambert,240.0,4.0,2010.0
2042550,Replacement Wife (Greta's Story Book 1),Brenda  Maxfield,122.0,5.0,
639636,Monkeyluv: And Other Lessons in Our Lives as Animals,Robert M. Sapolsky,228.0,4.5,2005.0
2471314,"Mystery Man Secret (Daddies and Babies, #3)",Lauren Wood,124.0,4.83333333333333,
599324,"Honor wśród wrogów (Honor Harrington, #6)",David Weber,584.0,5.0,1996.0
2090432,"His Veela Heritage (His Veela Heritage, #1)",RiverWriter,247.0,3.0,
900988,First Family: King and Maxwell Book 4,David Baldacci,475.0,4.27777777777778,2009.0
1925383,The Undiscovered Country: Journeys Among the Dead,Carl Watkins,336.0,3.5,2013.0
1949961,Obsessed With His Hands: Babysitter Part 3,Danielle Davis,44.0,5.0,2015.0
1217300,Wiedzmy,Roald Dahl,224.0,4.0,
1598164,"Корона мечей (Колесо Времени, #7)",Robert Jordan,832.0,4.0,1996.0
2064529,The Last Victim: A True-Life Journey into the Mind of the Serial Killer,Jason M. Moss,320.0,3.875,1999.0
2045577,A Very D'tali Holiday (Warriors of the D'tali #9),Ava York,149.0,5.0,2021.0
941129,The City of Falling Angels,John Berendt,,4.5,2005.0
1835590,"More, poput vina tamno",Robert Aickman,306.0,4.5,1988.0
2415275,The Dove,Carolyn Brown,226.0,4.475,2008.0
67766,This Year It Will Be Different: Christmas tales,Maeve Binchy,415.0,3.66666666666667,1995.0
420909,لماذا انت,كاردينيا الغوازي,330.0,4.5,2011.0
1901874,Il futuro della politica (Collana di sociologia) (Italian Edition),Carlo Mongardini,124.0,2.0,1990.0
1984209,"Officially Over It (SWAT Generation 2.0, #10)",Lani Lynn Vale,232.0,4.9,2020.0
1835802,Don't Call Us Dead: Poems,Danez Smith,96.0,4.625,2017.0
2363842,"You (You, #1)",Caroline Kepnes,432.0,4.09756097560976,2014.0
2380594,"Rose, 1944",Helen Dunmore,55.0,5.0,2005.0
70331,"In Focus Tarot: Your Personal Guide (In Focus, #5)",Steven Bright,192.0,4.6,2018.0
897394,Notes from a Dog Rescue in Progress,Brian Beker,40.0,4.5,2013.0
367647,Ben Retallick: Number 1 in series (Retallick Saga),E.V. Thompson,473.0,4.0,1980.0
2217115,A False Kind of Christianity: A Conservative Evangelical Refutation of Progressive Christianity,Dan Jensen,342.0,3.0,
659269,Tell Me You Need Me,Joya Ryan,170.0,3.0,2015.0
2106615,The Moscow Brotherhood (Brotherhoods #5),Jamila Jasper,207.0,4.0,
369908,Берегись автомобиля. Расследование,Станислав Дединский,248.0,5.0,
2433289,Growing in Holiness through the Psalms: Insights from Charles Spurgeon’s Treasury of David,David J. McKinley,216.0,4.0,
1111421,Geronimo Stilton #59: Welcome To Moldy Manor,Geronimo Stilton,128.0,5.0,2013.0
1213490,"Mistletoe Murder (A Christmas Cozy Mystery, #4)",Mona Marple,133.0,4.69230769230769,
2354980,Der Kuss des Kjer,Lynn Raven,608.0,5.0,2010.0
2374233,Weekend Language: Presenting with More Stories and Less PowerPoint,Andy Craig,116.0,4.66666666666667,2013.0
2278866,"Intermittent Fasting for Women over 50 Mastery: A Proven Method for Weight Loss after Menopause, Anti-aging and Longevity (The Whole Foods Diet for Longevity Series Book 3)",Paul Griggs,381.0,4.0,
919527,Give me love,Maja Loks,368.0,2.75,
848466,"Fast Forward (Second Chances, #2)",Marion Croslydon,,3.33333333333333,2013.0
1495765,"Theseus (Twelve Labors, #7)",Cree Storm,164.0,5.0,2015.0
2517533,Point One #1,Ed Brubaker,53.0,2.0,2011.0
1676250,Girls Just Wanna Have Fund$ 2,BriAnn Danae,254.0,5.0,
519347,The Incredible Journey of Plants,Stefano Mancuso,,5.0,2018.0
2045014,Othello (The RSC Shakespeare),William Shakespeare,232.0,4.0,1603.0
639913,The Blackthorn Key Complete Collection (Boxed Set): The Blackthorn Key; Mark of the Plague; The Assassin's Curse; Call of the Wraith; The Traitor's Blade; The Raven's Revenge,Kevin Sands,2880.0,5.0,
1994498,Vampirella / Red Sonja Volume 2 (VAMPIRELLA RED SONJA TP),Jordie Bellaire,152.0,2.0,2022.0
25543,50 Physics Ideas You Really Need to Know,Joanne Baker,208.0,4.5,2007.0
972729,Twilight Phantasies (Wings in the Night #1),Maggie Shayne,296.0,4.5,1993.0
1845884,Pucking Around with My Grumpy Ex,Haley Storm,344.0,4.11111111111111,
1323130,Any Rough Times Are Now Behind You: Selected Poems and Writing : 1979-1995,Dave Alvin,161.0,4.66666666666667,1996.0
313505,The Tudors: The Kings And Queens Of England's Golden Age,Jane Bingham,208.0,4.0,2011.0
849600,"The Shoma (Guardians, #6 part 1 of 2)",Lola St. Vil,347.0,4.73684210526316,2013.0
2465233,"Paganinikontraktet (Joona Linna, #2)",Lars Kepler,,2.0,2010.0
1909583,Convaincre En Moins De 2 Minut Fl (French Edition),Boothman Nicholas,252.0,4.5,2002.0
2090473,"Honey, Let's Get a Boat... A Cruising Adventure of America's Great Loop",Ron Stob,304.0,4.0,2003.0
2294563,"The Neptune Strategy (Todd Ingram, #4)",John J. Gobbell,344.0,3.0,2004.0
1642181,Experiencing Schema Therapy from the Inside Out: A Self-Practice/Self-Reflection Workbook for Therapists (Self-Practice/Self-Reflection Guides for Psychotherapists),Joan M. Farrell,318.0,5.0,
2204884,"100 to 1 in the stock market;: A distinguished security analyst tells how to make more of your investment opportunities,",Thomas William Phelps,,5.0,1972.0
294883,Mama Maggie: The Untold Story of One Woman's Mission to Love the Forgotten Children of Egypt's Garbage Slums,Martin Makary,256.0,3.33333333333333,2015.0
375357,Maeve on the Red Carpet (Beacon Street Girls),Annie Bryant,221.0,4.75,2007.0
1184960,Managing Quality: Integrating the Supply Chain,S. Thomas Foster,480.0,2.0,2006.0
534433,The Melody Lingers On (Thorndike Press Large Print Basic),Mary Higgins Clark,395.0,3.5,2015.0
1387247,ฟองอากาศในสวนลับ,alwaysmoody,214.0,3.5,
2481512,The New Girlfriend,Sheryl Browne,300.0,3.71428571428571,2020.0
1667182,As You Were,Elaine Feeney,395.0,4.25,2020.0
111161,The Duke of D.C.: The American Dream,James Allen Moseley,254.0,4.18181818181818,
512599,Les Temps sauvages (Yeruldelgger #2),Ian Manook,529.0,3.33333333333333,2015.0
1712049,"Sír a hegyekben  (Sebastian Bergman, #3)",Michael Hjorth,464.0,4.0,2012.0
665795,Kratka zgodovina skoraj vsega,Bill Bryson,478.0,4.25,2003.0
1640636,"Heart of the Fae (Earth Magic Rises, #3) (Elemental Origins Universe)",A.L. Knorr,210.0,4.66666666666667,
372406,Vingårdens vilde blomster,Jen Devon,412.0,4.0,2022.0
2259243,If You Came This Way: A Journey Through the Lives of the Underclass,Peter    Davis,224.0,3.0,1995.0
2083963,Ype & Ionica: De verrassende verjaardagen,Ype Driessen,72.0,3.0,2019.0
2444205,"What We Fear (Lakestone Campus of Seattle, #1)",Alexandra Flint,501.0,4.53333333333333,2024.0
1851089,Geographies of Home: A Novel,Loida Maritza Pérez,360.0,3.8,1999.0
72582,Nordische Göttersagen,Waldtraut Lewin,235.0,3.5,2007.0
735890,Miss Marple's Final Cases,Agatha Christie,160.0,3.81111111111111,1979.0
2070731,The Wilderness That Bears Your Name,James A. Pearson,95.0,3.66666666666667,
1238682,You Will Know Vengeance: A Tanto Technothriller,W.A. Pepper,358.0,4.0,
29136,The Shift: How I Finally Lost Weight and Discovered a Happier Life,Tory Johnson,286.0,3.85714285714286,2013.0
657691,Witches: A Compendium,Judika Illes,240.0,4.0,
820823,Crave,Crowley Barns,118.0,4.0,
1990223,Streetwise Washington DC Metro Map - Laminated Washington DC Metrorail & Mall Map - Pocket Size,Streetwise Maps,1.0,3.0,2015.0
1728354,Kafka è stato con me tutta la vita (Il Mulino) (Italian Edition),Antonio Cassese,144.0,4.0,2014.0
724633,"Alison Brownstone Omnibus #1 (Alison Brownstone, #1-8)",Judith Berens,1989.0,4.75,2020.0
2415122,Until We Break,Jamie  Howard,284.0,4.0,2015.0
620683,Invitation to Lead: Guidance for Emerging Asian American Leaders,Paul Tokunaga,214.0,3.0,2003.0
1236056,As Páginas de Diana,catarina peixoto,,3.0,
793156,George Harrison on George Harrison: Interviews and Encounters,Ashley Kahn,573.0,4.0,
2263326,Tutto quello che siamo (Italian Edition),Federica Bosco,338.0,4.25,
1498707,La llama doble: Amor y erotismo,Octavio Paz,221.0,4.42857142857143,1993.0
989907,Best of the Best: Progress (Best of the Best Series) [4/27/2017] Isabella Wallace,unknown author,0.0,3.0,
689809,"A Elite (A Seleção, #2)",Kiera Cass,360.0,3.87562189054726,2013.0
2306056,Human Geography A Spatial Perspective AP Edition,Sarah Bednarz,,1.0,
992087,Chobotnička,Miro Hrubjak,248.0,5.0,2015.0
2258209,Fort Davis: Outpost on the Texas Frontier (Volume 8) (Fred Rider Cotten Popular History Series),Robert Wooster,58.0,5.0,1994.0
1788173,運命の番がお前だなんて [Unmei no Tsugai ga Omae da Nante],Haruta,236.0,4.375,2020.0
2315312,"La voie et la vertu (Largo Winch, #16)",Philippe Francq,48.0,4.0,2007.0
451667,The Constitution of Knowledge: A Defense of Truth,Jonathan Rauch,318.0,4.0,2021.0
767321,Заложници,Clare Mackintosh,360.0,3.42857142857143,2021.0
1748931,Lo strano caso del dottor Jekyll e del signor Hyde,Robert Louis Stevenson,140.0,2.66666666666667,1886.0
149956,Quicklet on Stephen R. Covey's The 8th Habit: From Effectiveness to Greatness (CliffsNotes-like Book Summary),Josephy Taglieri,42.0,5.0,2012.0
560405,"Die Donovans (Donovans, #1-4)",Nora Roberts,816.0,4.0,1999.0
743386,"Jenny's Choice (Apple Creek Dreams, #3)",Patrick E. Craig,338.0,5.0,2014.0
250161,The Man With the Heart in the Highlands and Other Early Stories,William Saroyan,144.0,3.6,1968.0
2312206,When in Rome,Sarah       Adams,,4.0,2022.0
1757631,Il palazzo d'inverno,Eva Stachniak,416.0,3.66666666666667,2012.0
1487957,El álbum perdido de Auschwitz: Las 116 fotografías privadas de Karl Hocker,Javier Gómez Pérez,102.0,1.0,2014.0
402902,"Haalux Empire Complete Series (Haalux Empire, #1-5)",Hattie Jacks,1259.0,5.0,
323535,I Don't Want To Go to Bed,David Cornish,32.0,4.0,
2374305,"Dengeki Daisy, Vol. 4 (Dengeki Daisy, #4)",Kyousuke Motomi,200.0,4.60869565217391,2009.0
1943423,"Limitless Mind: Learn, Lead, and Live Without Barriers",Jo Boaler,7.0,4.0,2019.0
879273,Gunsmoke in the Grassland (Kings of Coyote Creek #3),Carla Cassidy,199.0,5.0,2022.0
1601838,Kabuliwalla and Other Stories,Ratan Kumar Chattopadhyay (Translator),295.0,4.5,2011.0
1595934,"Banana Fish, Vol. 6",Akimi Yoshida,200.0,5.0,1988.0
387786,The Meaning of Thought,Markus Gabriel,256.0,5.0,
1577668,Anne Bonnie #4: The Journey Begins Book Four,Tim Yates,32.0,3.0,2015.0
154333,"Ashes to Ashes, Dust to Side Chicks II",N'Dia Rae,258.0,4.63636363636364,
933330,Jerome Lejeune: Saintly Geneticist,Ana Braga-Henebry,48.0,5.0,
519422,Dochter van twee werelden (Ivy Book 1) (Dutch Edition),Sarah Lark,394.0,4.0,
28507,The Cosmic Symposium: An Astrological Journey through the Orchestra of the Planets,Aubrey Houdeshell,218.0,5.0,
555674,Jedyny samolot na niebie. Historia mówiona zamachów z 11 września,Garrett M. Graff,656.0,4.33333333333333,2019.0
242818,Poids lourd,Daniel Bélanger,104.0,4.5,
133456,Quatermass II (Quatermass #2),Nigel Kneale,174.0,4.0,1960.0
214589,"Finding Ultra: Rejecting Middle Age, Becoming One of the World's Fittest Men, and Discovering Myself",Rich Roll,288.0,3.92666666666667,2012.0
868497,Moja baba zen budista,Siniša Ubović,,3.75,
895985,How to Read the Bible for All Its Worth,Gordon D. Fee,288.0,4.22222222222222,1981.0
1147268,Sparkling Skates #13 (Magic Puppy),Sue Bentley,130.0,5.0,2009.0
8978,Something Blue,Kristy Nicolle,410.0,3.85714285714286,
2095878,Charge of the Goddess,Doreen Valiente,96.0,3.66666666666667,2000.0
581344,"The Woman with the Scar (Costa Family, #3)",Jessica Gadziala,269.0,4.26666666666667,
1467693,Viimeinen laiva –  Huippuvuorten yöt 2 (Finnish Edition),Ellinor Rafaelsen,141.0,2.0,
2423376,The Body Remover: The Attic Girls- A Jeremy Gunn Thriller Book 3 (The Body Remover Series),Olin  Lester,202.0,5.0,
1398765,FROM THE FIRE - An Epic Novel of the Nuclear Holocaust: (Episodes 1 to 6),Kent David Kelly,528.0,4.66666666666667,2014.0
1964235,The Land Beyond: A Thousand Miles on Foot Through the Heart of the Middle East,Leon McCarron,288.0,5.0,
497993,The Hidden Power of F*cking Up,Keith Habersberger,286.0,4.25,2019.0
2429263,"The Unnatural Inquirer (Nightside, #8)",Simon R. Green,268.0,3.66666666666667,2007.0
1135499,"Autumn (Seasonal Quartet, #1)",Ali Smith,264.0,3.67116682738669,2016.0
2384318,Me gusta tener mi habitación limpia,Shelley Admont,27.0,5.0,2014.0
419068,Oy!: The Ultimate Book of Jewish Jokes,David Minkoff,420.0,5.0,2006.0
2100244,Campus Crush (Campus Romance #0.5-3),Ashelyn Drake,291.0,2.0,2014.0
406332,Little Rabbit's Christmas,Harry Horse,32.0,5.0,2007.0
689736,Tant que le café est encore chaud,Toshikazu Kawaguchi,238.0,3.69948186528497,2015.0
1628230,"From Dead to Worse (Sookie Stackhouse, #8)",Charlaine Harris,336.0,4.66666666666667,2008.0
2385212,Murder Of A Statesman,James R. Thompson,208.0,1.0,
846081,One of Us Is Lying,Karen M. McManus,,4.0,2017.0
1363408,Hamburger Eyes: Inside Burgerworld,Ray Potes,200.0,4.0,2007.0
386846,Climbing Mount Improbable,Richard Dawkins,352.0,5.0,1996.0
280738,The Family Fang,Kevin    Wilson,320.0,3.6655737704918,2011.0
1273423,Haunting Danielle #1-4,Bobbi Holmes,1088.0,5.0,
2333696,She Survived: Jane,M. William Phelps,158.0,3.5,2015.0
1312371,Wise Words: Family Stories That Bring the Proverbs to Life,Peter J. Leithart,154.0,5.0,1995.0
1694885,Going Zero,Anthony McCarten,446.0,3.0,2023.0
159645,American History: A Very Short Introduction (Very Short Introductions),Paul S. Boyer,182.0,4.0,2012.0
2380136,Písničky bez muziky,Emanuel Frynta,78.0,5.0,2010.0
771588,Her Triplet Alphas,Joanna J.,,3.6,2020.0
76438,Red Thunder (Thunder and Lightning #1),John Varley,420.0,3.66666666666667,2003.0
956621,"How to Change Your Mind: What the New Science of Psychedelics Teaches Us About Consciousness, Dying, Addiction, Depression, and Transcendence",Michael Pollan,,4.0,2018.0
850393,Until the End of Time,Danielle Steel,338.0,4.48148148148148,2013.0
2051598,Guzmán el Bueno,Ramón Ortega y Frías,246.0,4.0,1975.0
1057719,Dragon Masters Collection (Dragon Masters #1-3),Tracey West,288.0,5.0,
1323402,The Translocator: The Complete Saga (Translocator Trilogy),M.G. Herron,690.0,4.0,2018.0
190534,"The Bitcoin Handbook: Key Concepts in Economics, Technology & Psychology",Anil Patel,91.0,5.0,
1648678,The Bigger Picture,Violet Morley,264.0,3.66666666666667,
2217198,Nina: La bambina della sesta luna. Tutta la storia,Moony Witcher,1280.0,4.5,
13349,"Por siempre, unidos",Taylor Jenkins Reid,288.0,3.33333333333333,2013.0
585903,"Don't Let the Doll In (Frightville, #1)",Mike Ford,112.0,3.57142857142857,2019.0
2396345,Scientia Sacra,Béla Hamvas,577.0,5.0,1988.0
2369148,Peregrine Quinn and the Cosmic Realm,Ash Bond,,3.0,
1492569,ليلة الحنة,فتحية العسال,88.0,2.66666666666667,
1157807,Ad leones,Cyprian Kamil Norwid,8.0,2.0,
149497,"Gingham Bride (Buttons and Bobbins, #1)",Jillian Hart,288.0,4.16666666666667,2009.0
1338273,"L.A. Son: My Life, My City, My Food",Roy Choi,352.0,4.25,2013.0
2359381,Kirsten's Promise (American Girls Short Stories),Janet Beeler Shaw,56.0,3.5,2003.0
374952,Forever Down Under,S.M.  Phillips,154.0,4.0,2015.0
294387,Perfect Cut,Jack  Parker,736.0,1.0,
2322612,"Tulnukad eikusagilt (Ligue des Terres Humaines, #1)",Francis Carsac,144.0,2.0,1954.0
1599911,The Harbinger Companion With Study Guide: Decode the Mysteries and Respond to the Call that Can Change America's Future and Yours,Jonathan Cahn,240.0,5.0,2013.0
1792077,Broken Sidewalks (Broken #1),D.K.  Sutton,322.0,4.0,
402445,Valentine's Cupcake & Murder (Dana Sweet #6),Ann S. Marie,90.0,4.0,
2124039,"Resolution (Virgil Cole & Everett Hitch, #2)",Robert B. Parker,342.0,4.0,2008.0
2567119,The Spy Who Came in from the Cold,John Le Carré,240.0,5.0,1963.0
914160,Slavery in Islam,Darussalam,,4.5,2014.0
657848,The Trail of the Lonesome Pine,John Fox Jr.,181.0,4.0,1908.0
759713,More Than A Promise (More Than Best Friends #5),Sally Siles,422.0,2.0,2021.0
1735956,Warbreaker,Brandon Sanderson,660.0,4.0,2009.0
547962,The Very Good Gospel: How Everything Wrong Can Be Made Right,Lisa Sharon Harper,240.0,4.46666666666667,2016.0
1493657,Entitlement,Rumaan Alam,288.0,3.09433962264151,2024.0
443542,Moc sadasnjeg trenutka u praksi,Ekart Tol,0.0,4.5,
791253,Il cucchiaino scomparso e altre storie della tavola periodica degli elementi,Sam Kean,409.0,4.66666666666667,2010.0
15907,"Poseidon's Wake (Poseidon's Children, #3)",Alastair Reynolds,608.0,4.0,2015.0
1417338,My Heart and Other Black Holes,Jasmine Warga,320.0,4.21052631578947,2015.0
903777,Christmas in Purgatory: A Photographic Essay on Mental Retardation,Burton Blatt,121.0,5.0,1974.0
876077,Lenin in Zürich,Aleksandr Solzhenitsyn,340.0,3.0,1975.0
1168098,Ora sei una stella,Luigi Garlando,324.0,3.0,2010.0
1589971,Το σπίτι των σκιών,Chrysiida Dimoulidou,592.0,4.0625,2013.0
2128363,"No Way, Vampires Don't Exist!",Ki moong,,4.66666666666667,
276543,Dia Segalanya,Sha Ibrahim,1112.0,4.42857142857143,2012.0
1048063,Doña Perfecta,Benito Pérez Galdós,408.0,4.0,1876.0
992117,Anya e il suo fantasma,Vera Brosgol,224.0,3.0,2011.0
123226,Nord e Sud,Elizabeth Gaskell,512.0,4.0,1855.0
36798,"The Struggle (The Vampire Diaries, #2)",L.J. Smith,256.0,3.14285714285714,1991.0
2082727,So Wild a Dream,Win Blevins,400.0,3.0,2003.0
2002332,The Food For Life Cookbook: 100+ recipes created with ZOE,Tim Spector,0.0,5.0,
455578,Arregla tu vida con grafología / Get Your Life Back Together with Graphology (Spanish Edition),María Fernanda Centeno,232.0,5.0,
1743114,Odd Man Out,Sarah Ellis,162.0,5.0,2006.0
1133302,O Triângulo Mágico: Uma Biografia de Mário Cesariny,António Cândido Franco,512.0,4.0,
2216145,"The Three Suns of Amara/The Automated Goliath (Ace Double, F-129)",William F. Temple,221.0,4.0,1962.0
1265165,Cinta Bukan Larangan,Anita Aruszi,803.0,3.0,2014.0
622186,"Todo se desmorona (Trilogía africana,#1)",Chinua Achebe,206.0,3.91666666666667,1958.0
955126,Deadly Intent,Lynda La Plante,498.0,4.0,2008.0
1603741,Merejutud,Lembit Uustulnd,213.0,4.0,2009.0
361800,"다정한 그대를 지키는 방법 1 [Dajeonghan Geudaereul Jikineun Bangbeob 1] (Saving My Sweetheart [Webtoon], Season 1)",Yujeong Han,,4.5,2021.0
503813,The Mutant Mushroom Takeover,Summer Rachel Short,,5.0,2020.0
1762980,Another Big Bust (Busted #2),Diane Kelly,168.0,4.5,
1558341,My Brother's Best Friend,knightsrachel,158.0,5.0,2014.0
313917,Eindelijk oorlog,Herman Koch,190.0,3.5,1996.0
482457,Tulipanowa gorączka,Deborah Moggach,248.0,3.5,1999.0
2193092,Truth and Beauty: A Friendship,Ann Patchett,,5.0,2004.0
2394620,Suicide Squad: Dream Team,Nicole Maines,136.0,2.0,
605627,Phantom of the Opera,Gaston Leroux,0.0,3.0,1910.0
1472981,Stallone: A Rocky Life,Frank Sanello,191.0,3.0,1998.0
2496556,The Silver Wolf (Legends of the Wolf #1),Alice Borchardt,480.0,3.0,1998.0
1195526,Garudayana Vol. 2,Is Yuniarto,0.0,4.66666666666667,2010.0
1119268,"Hidden Truths (Perfectly Imperfect, #3)",Neva Altaj,258.0,3.54545454545455,2022.0
1718062,"Skellig (Skellig, #1)",David Almond,176.0,3.72222222222222,1998.0
490385,Un colpo all'altezza del cuore,Margherita Oggero,324.0,4.0,2012.0
78630,The Naked Woman: A Study of the Female Body,Desmond Morris,320.0,3.53846153846154,2004.0
1440040,"The High Council (Royal Institute of Magic, #6)",Victor Kloss,315.0,4.6,2017.0
1255949,Jak nakarmić dyktatora,Witold Szabłowski,,4.0,2019.0
2118699,The Lion's Mouth: Hanne Wilhelmsen Book Four (A Hanne Wilhelmsen Novel 4),Anne Holt,337.0,4.0,1997.0
737408,The Little White Horse,Elizabeth Goudge,238.0,4.20855614973262,1946.0
2085119,Take it Like a Vamp,Candace Havens,254.0,5.0,2012.0
1497079,The Bishop's Candlesticks: A Play In One Act (1908),Norman McKinnel,28.0,5.0,2007.0
2433107,Red Bus and Not in the Bin!: (Pink Early Reader) (Maverick Early Readers),Melina Ontiveros,32.0,5.0,
1687629,The Star and the Gun (Morgan Kane #3),Louis Masterson,143.0,3.0,1966.0
1535788,The Forest Kingdom (Asperfell Trilogy #2),Jamie  Thomas,504.0,4.4,2021.0
1031037,"The Lost Symbol, Illustrated Edition (Robert Langdon, #3)",Dan    Brown,528.0,3.0,2009.0
703126,Song of Songs,Beverley Hughesdon,0.0,5.0,1908.0
50328,Welcome to Mamoko,Aleksandra Mizielińska,16.0,5.0,2013.0
2502259,Behind Closed Doors (Olivia Knight #9),Elle Gray,242.0,4.34285714285714,2023.0
519697,EL PAIS. La cultura como negocio,Manuel García Viñó,409.0,3.0,
1141423,Lineage: A haunting and romantic dual timeline family saga mystery with buried secrets (The Poplar Bend Mysteries Book 1),Nancy Swenson,357.0,5.0,
294839,Thanos (2019) #1,Tini Howard,32.0,5.0,
1103326,Longest Ride (Taming the Stallion #9),Carolina Mac,209.0,3.5,
332609,"If I Asked You, Would You Stay?",Eve Bunting,151.0,5.0,1984.0
2172775,Teach Yourself: Unix,kevin-reichard,324.0,3.0,1992.0
1734754,"The Body under the Piano (Aggie Morton, Mystery Queen #1)",Marthe Jocelyn,334.0,4.5,2020.0
566662,"Forget Me Not (Forget Me Not, #1)",Willow Winters,300.0,4.2,2017.0
194816,Pray and Grow Rich,Catherine Ponder,124.0,5.0,1990.0
2577946,The Faerie Thorn and other stories,Jane Talbot,256.0,5.0,2015.0
394330,Mademoiselle Samedi soir,Heather O'Neill,488.0,3.57142857142857,2014.0
632571,Moving Beyond Trauma: The Roadmap to Healing from Your Past and Living with Ease and Vitality,Ilene Smith,256.0,4.5,
2447291,Vīṇṭuṃ cila kathakaḷ: Kathakaḷ,Kamala Suraiyya Das,60.0,4.0,
935531,State and Local Government,Ann O'M. Bowman,529.0,5.0,1990.0
2155434,The Mill on the Floss,George Eliot,598.0,4.0,1860.0
1118732,Girl Like a Bomb,Autumn Christian,272.0,3.85714285714286,2019.0
471331,"This Man (This Man, #1)",Jodi Ellen Malpas,465.0,3.94736842105263,2012.0
2512461,Um Contrato Incomum: Uma Noveleta Erótica (Portuguese Edition),Pauline G,122.0,2.0,
1565945,"First Contact (In Her Name: The Last War, #1)",Michael R. Hicks,408.0,5.0,2009.0
2414960,Anastasia,Sophie Lark,686.0,4.06586826347305,2022.0
1266454,The Sumi-e Book,Yolanda Mayhall,128.0,3.0,1989.0
9770,"Cadı Avcısı (Cadı Avcısı, #1)",Virginia Boecker,397.0,4.4,2015.0
2577084,"Total Soccer (Angel Park Soccer Stars, #6)",Dean Hughes,101.0,4.0,1992.0
2434365,"The Blue Crimes (Ethan Bush, #1)",Enrique Laso,308.0,3.0,2015.0
1065543,"Fanatical Prospecting Blount, Jeb",Jeb Blount,304.0,4.5,2015.0
2406628,van goud tot bitcoin,Eric Mecking,295.0,4.0,
2136737,Enough of Sorrow,Jill Emerson,200.0,5.0,1965.0
493977,‫بيضة مان‬ (Arabic Edition),كيرلس بهجت,96.0,1.0,
992222,Il piacere,Gabriele d'Annunzio,288.0,3.0,1889.0
1632388,"The Sandman: The Deluxe Edition, Book Two",Neil Gaiman,493.0,5.0,2021.0
2082306,Rani Durgawati: The Forgotten Life of a Warrior Queen,Nandini Sengupta,235.0,4.0,
610393,Hardware: The Definitive SF Works of Chris Foss,Chris Foss,240.0,4.0,2011.0
589669,"Zom 100: Bucket List of the Dead, Vol. 9",Haro Aso,176.0,4.5,2021.0
488434,Das Lazaruskind,Robert Mawson,416.0,4.0,1988.0
308033,The Great Escape: A True Story of Forced Labor and Immigrant Dreams in America,Saket Soni,366.0,4.0,2023.0
1166469,Purlie Victorious,Ossie Davis,96.0,4.0,1961.0
1296137,Her Pleasure (The Mistress Series),Niobia Bryant,1.0,5.0,
1679294,Son of Perdition,William Harms,218.0,4.0,
82208,To Kill a Nightmare: The Complete Series,Rory Miles,893.0,5.0,
1094038,"Exit Wound (Nick Stone, #12)",Andy McNab,246.0,4.0,2009.0
1479712,The Shadows of Men (Sam Wyndham #5),Abir  Mukherjee,352.0,4.45454545454545,2021.0
1890696,"Il manoscritto dell'imperatore (Frate Matthew, #4)",Valeria Montaldi,425.0,3.0,2008.0
1865931,Boris and the Monsters,Elaine Macmann Willoughby,32.0,5.0,1980.0
684457,Finding a Father for Jesse,Emma Ashwood,92.0,4.2,
1953721,Cyber-Thief Showdown (Geronimo Stilton #68),Geronimo Stilton,128.0,5.0,2014.0
2589165,Kept Secrets,Traci Hunter Abramson,288.0,3.0,2016.0
2476648,Stop Bingeing!: Stay in Control of Your Eating,Lee Janogly,192.0,4.0,2000.0
1493820,"Beautiful Redemption (The Maddox Brothers, #2)",Jamie McGuire,266.0,4.28070175438596,2015.0
2593501,James Dean,George C. Perry,240.0,4.33333333333333,2005.0
202308,"La química del odio (Ana Arén, #2)",Carme Chaparro,416.0,4.04347826086957,
1910239,"Contemporary Public Sculpture: Tradition, Transformation, and Controversy",Harriet Senie,288.0,4.0,1992.0
147402,Petals and a Poison (The Accidental Ghost Detective Book 6),Emmie Lyn,176.0,5.0,
1510547,Князь Серебряный,Aleksey Konstantinovich Tolstoy,416.0,2.0,1862.0
1222912,Rimas y Leyendas,Gustavo Adolfo Bécquer,318.0,3.0,1868.0
1159726,Friendship: The Heart of Being Human,Victor Lee Austin,192.0,3.0,
1293587,Songs of Love and War,Santa Montefiore,528.0,5.0,2015.0
1858583,How to Live: Or A Life of Montaigne in One Question and Twenty Attempts at an Answer,Sarah Bakewell,401.0,4.0,2010.0
1166707,ร้านบาร์สุราลัย,Chiffon_cake,512.0,4.0,
818682,El camino del perro,Sam Savage,152.0,2.0,2012.0
1790733,El amor de Valeria (Trilogía Álvaro #1),Aitor Ferrer,282.0,5.0,
2086068,"Windhaven's Triumph (Windhaven, #10)",Marie de Jourlet,448.0,5.0,1982.0
281321,The Business of the 21st Century,Robert T. Kiyosaki,117.0,3.9027027027027,
1926458,Some Rain Must Fall: My Struggle Book 5 (Knausgaard),Karl Ove Knausgård,736.0,5.0,2010.0
980042,Super Natural Every Day: Well-Loved Recipes from My Natural Foods Kitchen,Heidi Swanson,256.0,5.0,2011.0
2442037,The Consequences of Falling,D.  Dale,254.0,4.5,
1481957,"Marie Terezie: Tajnosti císařských komnat (Kouzelný atlas putování časem, #9)",Veronika Válková,168.0,4.0,2014.0
2232973,"The Fate of Earth (Space Runners, #4)",Jeramey Kraatz,317.0,5.0,2019.0
2074321,Grand Forks,Marilyn Hagerty,256.0,5.0,2013.0
505728,No Touch Monkey!: And Other Travel Lessons Learned Too Late (Adventura Books Series),Ayun Halliday,272.0,3.21666666666667,2003.0
1999060,"To Have and to Hoax (The Regency Vows, #1)",Martha Waters,361.0,3.3,2020.0
1817626,Nietzsche’s Search for Philosophy: On the Middle Writings,Keith Ansell-Pearson,200.0,5.0,
178304,Star Wars: Die Hohe Republik - Aus den Schatten,Justina Ireland,384.0,4.0,2021.0
463276,La casa de los siete tejados,Nathaniel Hawthorne,352.0,3.0,1851.0
319527,When Harry Met Sally. . .,Nora Ephron,97.0,5.0,1990.0
552399,"Daughter of the Red Dawn (The Lost Kingdom of Fallada, #1)",Alicia Michaels,167.0,3.94117647058824,2012.0
1605091,"Saga, Volume Dois",Brian K. Vaughan,152.0,3.0,2013.0
2255313,Doubt (The Adventures of a Xeno-Archaeologist #2),Jenny Schwartz,232.0,4.2,2021.0
332880,"CONCUSSION, TRAUMATIC BRAIN INJURY, mTBI ULTIMATE REHABILITATION GUIDE: Your holistic manual for traumatic brain injury rehabilitation and care (Life After Stroke or TBI , Living with Hemiparesis)",Leon Edward,134.0,2.0,
873240,"Le Fantôme de Saint-Malo (Agence Mysterium, #1)",Loïc Le Borgne,240.0,4.0,2017.0
527346,20 Christmas Carols For Solo Flute Book 1: Easy Christmas Sheet Music For Beginners,Michael Shaw,30.0,2.0,2015.0
2170355,The Ballad of Valentine,Alison Jackson,32.0,5.0,2002.0
284801,Wandering Stars: An Anthology of Jewish Fantasy and Science Fiction,Jack Dann,272.0,3.66666666666667,1974.0
487383,Oedipe roi,Sophocle,160.0,3.0,-429.0
628525,"Office Grump (Bad Chicago Bosses, #1)",Nicole Snow,484.0,4.13907284768212,2020.0
813934,حدائق موراكامي,Haruki Murakami,198.0,3.6,
1112186,Fear & Loathing in the New Jerusalem,Darryl Cooper,,5.0,
2359895,"The Client (Playing Dirty, #1)",Pamela DuMond,,3.0,2017.0
1717226,Piénsalo otra vez,Adam M. Grant,368.0,4.0,2021.0
644179,"Mortal Causes (Inspector Rebus, #6)",Ian Rankin,338.0,4.0,1994.0
797952,"Implacable (Vicky Peterwald, #5)",Mike Shepherd,287.0,3.0,2019.0
1614535,本陣殺人事件,Seishi Yokomizo,368.0,4.0,1946.0
2296383,Kuvat puhuvat,Pentti Lempiäinen,104.0,4.0,1972.0
2368120,"Love as Always, Mum xxx",Mae  West,320.0,4.05309734513274,2018.0
368806,The Love Season,Elin Hilderbrand,320.0,3.4,2006.0
2206599,Em Còn Nhớ Anh?,Sophie Kinsella,376.0,4.0,2008.0
2021083,The Lost Way: How Two Forgotten Gospels Are Rewriting the Story of Christian Origins,Stephen J. Patterson,272.0,5.0,2014.0
1701276,"Alien Tyrant (Fated Mates of the Sea Sand Warlords, #1)",Ursa Dax,230.0,3.89024390243902,2021.0
673429,The Magic of Thinking Big,David J. Schwartz,386.0,4.59523809523809,1959.0
74454,"The Earl’s Bluestocking Bride: A Regency Historical Romance (Unconventional Brides, #2)",Jayne Rivers,354.0,4.8,2024.0
834639,DK Italy (Travel Guide),DK Eyewitness Travel,1337.0,4.0,
4273,Den enkla vägen till ekonomisk frihet,Miljonär unnan 30,161.0,2.0,
538372,Killer Dads: The Twisted Drives that Compel Fathers to Murder Their Own Kids,Mary Papenfuss,272.0,5.0,2013.0
2237647,Ten Sheep to Sleep,Nidhi Kamra,20.0,5.0,2017.0
1464654,Survivor,Octavia E. Butler,187.0,3.8,1978.0
494140,Florence the Friendship Fairy,Daisy Meadows,176.0,4.6,2011.0
978420,"Puella Magi Homura Tamura, Vol. 1: ~Parallel Worlds Do Not Remain Parallel Forever~ (Volume 1) (Puella Magi Homura Tamura, 1)",Magica Quartet,120.0,5.0,2013.0
949294,Madame,Antoni Libera,391.0,4.16666666666667,1998.0
1897150,Cocoa's Fun Recipes: Kid's Cookbook Healthy & Easy-to-Make Recipes,Yokima Arias,59.0,5.0,
1141051,"The Adventures of Ibn Battuta, a Muslim Traveler of the Fourteenth Century",Ross E. Dunn,437.0,5.0,1987.0
2417023,Venim de lluny. Història del feminisme al País Valencià,Andrea Aguilar Olivas,92.0,2.5,
2588087,Ubuntu: I in You and You in Me,Michael Battle,166.0,3.0,2009.0
675128,The Girl Who Survived,Lisa Jackson,444.0,4.17322834645669,2022.0
642544,Love at the Lighthouse (Lighthouse Point #3),Kay Correll,252.0,4.54545454545455,
740663,The Once and Future Forest: California's Iconic Redwoods,Save the Redwoods League,224.0,4.5,
1180162,Twinned,Karen Chadwick,355.0,4.0,
1555546,Luvin' His Gangsta,Tosha Frison,125.0,5.0,
55137,The Casuarina Tree,W. Somerset Maugham,110.0,4.61538461538461,1926.0
537453,Man Magan (Tamil Edition),Sujatha,72.0,4.0,2011.0
1726624,Breaking Out of Bedlam,Leslie Larson,320.0,3.42857142857143,2009.0
1800929,Le vie dell'Eden,Eshkol Nevo,256.0,3.69565217391304,2021.0
1655165,La familia nace con el primer hijo,Mariana Perel,176.0,4.5,2009.0
1720021,Det siste brevet fra deg,Jojo Moyes,526.0,3.25,2011.0
283920,You Will Always Be Someone From Somewhere Else,Dao Strom,128.0,4.5,
861368,P.S. Your Cat Is Dead: A Novel,James Kirkwood Jr.,228.0,3.8,1972.0
1036461,Dickens' Christmas: A Victorian Celebration,Simon Callow,160.0,5.0,2003.0
1205114,"Death of an Art Collector (Rex Stout’s Nero Wolfe Mysteries, #14)",Robert Goldsborough,242.0,3.58333333333333,2019.0
422122,"Me, My Dad and the End of the Rainbow",Benjamin  Dean,351.0,3.0,2021.0
1726895,Doctored Vows (Marital Privileges #1),Shandi Boyes,389.0,2.33333333333333,
547165,"Scots on the Rocks (Bed-and-Breakfast Mysteries, #23)",Mary Daheim,368.0,4.75,2007.0
586731,Wenn ich nicht genug bin,A.L. Kahnau,400.0,3.0,
2345647,The Psychedelic Path: An Exploration of Shamanic Plants for Spiritual Awakening,Richard L.  Haight,200.0,5.0,
2494454,Find Your Twin Flame: Understand and Connect to Your Soul's Other Half,Leslie Sampson,207.0,5.0,
13296,The Parasite (Volume 1) (Posthumanities),Michel Serres,288.0,3.75,1980.0
1148403,Heir Apparent (Rasmussem Corporation Book 2),Vivian Vande Velde,337.0,5.0,2002.0
758780,Éjszakai gondoskodás - Hogyan altassuk el a kisbabát?,Sears William,,5.0,
300610,"Swim, Duck, Swim",Jennifer Harney,26.0,4.0,
687524,Sunset at Catoctin Creek (Catoctin Creek #1),Natalie Keller Reinert,,4.66666666666667,
236329,Friend Request,Laura  Marshall,375.0,3.71052631578947,2017.0
1247869,Eyes Wide Open: True Tales Of A Wishbone Ash Warrior,Andy Powell,320.0,4.0,2015.0
798760,Remarkable Oregon Women: Revolutionaries & Visionaries (American Heritage),Jennifer Chambers,144.0,5.0,2015.0
328984,"Take It, Boy",Chara Croft,86.0,3.0,2021.0
1040845,"Voice of Crow (Aspect of Crow, #2)",Jeri Smith-Ready,464.0,2.75,2007.0
2192209,The Echo Maker,Richard Powers,451.0,4.0,2006.0
2000110,Manners and Customs of Bible Lands,Fred H. Wight,336.0,4.0,1953.0
999387,The Composite Reflection Bible: Nahum,Gary Rose,11.0,4.0,
900432,"Harry Potter and the Deathly Hallows (Harry Potter, #7)",J.K. Rowling,784.0,4.28571428571429,2007.0
1848412,Globalization and the Cultures of Business in Africa: From Patrimonialism to Profit,Scott D. Taylor,268.0,5.0,2012.0
1831934,"Developer Advocacy: Establishing Trust, Creating Connections, and Inspiring Developers to Build Better",Chris Riley,151.0,5.0,
737315,What to Do for Healing,Norvel Hayes,,4.0,1988.0
2088450,Montezuma Amish Mennonite Cookbook,Ruth Yoder,0.0,3.0,1988.0
1232139,Rikottu enkeli - Nainen bikereiden maailmassa,Tara Koivukoski,345.0,3.5,2020.0
1266684,Drug of Choice,John Lange,204.0,3.56521739130435,1970.0
948804,Final Authority: A Christian's Guide to the King James Bible,William P. Grady,392.0,3.5,1993.0
662310,Fortunata y Jacinta II,Benito Pérez Galdós,544.0,4.55555555555556,1887.0
2490820,Human Mage (Highmage's Plight #3),D.H. Aire,365.0,3.0,2013.0
1972508,Streaming Wars: La nueva televisión,Elena Neira,264.0,3.0,2020.0
1638939,Compose,Lily  Kay,277.0,5.0,
1279309,The Paradox of Choice,Barry Schwartz,304.0,4.0,2004.0
1863944,Santa & Company (Santa's Crew #2),Fern Michaels,337.0,4.22222222222222,
2485288,Journey of Souls: Case Studies of Life Between Lives,Michael   Newton,278.0,5.0,2000.0
1710984,Learning to See: Value Stream Mapping to Add Value and Eliminate MUDA,Mike Rother,102.0,4.0,1999.0
886738,Is Racism an Environmental Threat? (Debating Race),Ghassan Hage,140.0,4.0,
1659851,Julius Caesar (annotated),William Shakespeare,121.0,4.0,1599.0
461679,Murder Up My Sleeve,Erle Stanley Gardner,,3.0,1937.0
484510,Ideas for the Animated Short,Karen Sullivan,280.0,4.0,2008.0
2605072,The Whispering of the Nile (Nile trilogy Book 1),Anni R. Ledies,418.0,5.0,
2346390,Romania - Culture Smart!: The Essential Guide to Customs & Culture,Debbie Stowe,168.0,3.0,2010.0
388438,El truco de los espejos (Miss Marple #6),Agatha Christie,256.0,4.0,1952.0
1958512,Wild Flowers Part One Jasmine: Searching and Finding... (The Lives Trilogy Book 1),Pamela Redford Russell,424.0,3.0,2014.0
2526991,The Beginning,Orion Azure,0.0,4.0,
1364137,"Machtübernahme: Was passiert, wenn Rechtsextremisten regieren | Eine Anleitung zum Widerstand",Arne Semsrott,8.0,5.0,
1507885,"La Promesse (La vampire, #1)",Christopher Pike,189.0,3.0,1994.0
1715054,"Treasures Lost, Treasures Found",Nora Roberts,256.0,3.85714285714286,1986.0
1381929,Global Muckraking: 100 Years of Investigative Journalism from Around the World,Anya Schiffrin,256.0,5.0,2014.0
679704,I Spy Lightning in the Sky (I Spy Readers),Jean Marzollo,32.0,3.0,2005.0
1128495,Almost Gone: Twenty-Five Days and One Chance to Save Our Daughter,John Baldwin,241.0,4.25,2017.0
433609,The Best Friend (Steamy Shorts Book 8),Lena Little,66.0,3.78571428571429,2024.0
2344876,L'Enfant dans la valise,Lene Kaaberbøl,403.0,2.0,2008.0
988880,Dog Training Tips You Need To Know About,Carla Sugarman,109.0,4.0,2014.0
196054,Journey's Fire (Journey Russo FBI Mystery Series Book 5),Mary Stone,272.0,4.56603773584906,
127774,Misty Hollow Mail-Order Bride,Margaret Tanner,81.0,5.0,
1985749,30 mensonges sur l'argent (French Edition),Peter Koenig,0.0,4.0,
122987,Lolita,Vladimir Nabokov,320.0,4.25,1955.0
335239,Un été 48,Emmanuel Prost,418.0,4.0,
2132583,The City Shaped (Paperback) /anglais,Spiro Kostof,352.0,3.0,1991.0
1175753,"Doubly Claimed (Twice Mated Tales, #1)",C.D. Gorri,214.0,2.8,
1253461,Bridges,Sivasankari,259.0,5.0,1983.0
2583269,Parents and Professionals Partnering for Children With Disabilities: A Dance That Matters,Janice M. Fialka,176.0,4.0,2012.0
1534946,Grandmaster of Demonic Cultivation: Mo Dao Zu Shi (Novel) Vol. 2,Mò Xiāng Tóng Xiù,442.0,4.5,2016.0
1977374,The Cabin: The Manhattan Stories,Donna Foley Mabry,303.0,4.0,2012.0
1365509,Despertar do Silêncio,Shirley Vilhalva,88.0,5.0,
1048939,"Poppy Harmon and the Backstabbing Bachelor (A Desert Flowers Mystery, #4)",Lee Hollis,272.0,4.0,
517892,"On a Tuesday (One Week, #1)",Whitney G.,224.0,4.3695652173913,2017.0
2518476,Imitacija,Dušan Čater,,3.0,1996.0
802946,Taboo Amish Pregnancies,Love Obsession Books,1179.0,4.0,
909736,Executive Hoodlum: Negotiating on the Corner of Main and Mean,John   Costello,247.0,4.66666666666667,2017.0
1959282,I mondi di Ursula Le Guin,Ursula K. Le Guin,496.0,4.0,1992.0
1115569,A Reckless Character And Other Stories,Ivan Turgenev,228.0,2.0,2010.0
2331856,Fire Within: An Unofficial Graphic Novel for Minecrafters (The Magic Portal Book 2),Cara J. Stevens,180.0,5.0,
1729535,Galatians: A Biblical Study,Joyce Meyer,160.0,5.0,
482122,Winging It,Emma Isaacs,254.0,5.0,
1220375,Halloween at Sunshine Farm,MaryLou Quillen,16.0,4.0,
1983797,The Perfect Cast (Love's Enduring Promise #1),T.K. Chapin,268.0,5.0,2015.0
1966334,"Breaking Hearts (Full Hearts, #4)",M.J. Summers,362.0,4.5,2015.0
570016,"Flossie, a vênus de quinze anos",Anonymous,108.0,2.0,1897.0
565729,"The Enjoyment of Music, Shorter Version",Kristine Forney,504.0,5.0,2000.0
456665,"The Hidden History of the White House: Power Struggles, Scandals, and Defining Moments",Corey Mead,8.0,3.0,2024.0
1622692,"The Amazing Spider-Man by J. Michael Straczynski: Ultimate Collection, Vol. 2",J. Michael Straczynski,392.0,4.0,2009.0
1778801,Technician Class 2018-2022: Pass Your Amateur Radio Technician Class Test - The Easy Way (EasyWayHamBooks),Craig Buck K4IA,151.0,4.0,
185823,Finding Aurelia (Emmorta #1),Jojo K. Scott,529.0,5.0,
563635,"Monster Burger (24/7 Demon Mart, #2)",D.M. Guay,210.0,4.05,2020.0
744685,یادداشت‌های شخصی یک سرباز,J.D. Salinger,144.0,3.625,1942.0
258206,"Auris (Auris, #1)",Vincent Kliesch,264.0,5.0,2019.0
38047,"King of Eon (Eon Warriors, #9)",Anna Hackett,249.0,4.75,2021.0
2281400,The Wind Called My Name,Mary Louise Sanchez,256.0,4.0,
823377,Sanibel Dreams (Shellseeker Beach #1),Hope Holloway,257.0,4.57983193277311,
2125467,"One Voice, Please",Sam McBratney,176.0,3.0,
444028,Warhammer 40K Wrath & Glory RPG: Starter Set,Cubicle 7,48.0,5.0,
1729909,Life Mantras by subrata Roy,Saharasri Subrata Roy,275.0,4.0,2016.0
1059269,Nakties dienoraštis,Veera Hiranandani,288.0,4.5,2018.0
2307663,Escribir no es soledad,Cristina Rivera Garza,46.0,3.5,
1951903,L'incolore Tazaki Tsukuru e i suoi anni di pellegrinaggio,Haruki Murakami,272.0,4.5,2013.0
1175905,Digging for Dirt (Heavenly Highland Inn #9),Cindy Bell,195.0,3.0,
1026957,القناص,Anton Chekhov,14.0,3.5,
1142578,Le garçon sans croyance (Sans âme t. 7) (French Edition),Victoria Quinn,417.0,4.0,
164615,AUTOCOACHING (Spanish Edition),AMADOR PEDRO,104.0,3.0,
1060155,IKIGAI DIET: The Secret of Japanese Diet to Health and Longevity,Sachiaki Takamiya,40.0,3.66666666666667,
1909481,Prime,Jessica Barksdale Inclán,319.0,5.0,2012.0
1200668,The Amazing True Story of How Babies are Made,Fiona Katauskas,48.0,5.0,2015.0
1759756,His Dark Materials: New Edition (Nick Hern Books),Nicholas Wright,192.0,4.0,2005.0
947899,"Prisoner of Darkness (Whims of Fae, #2)",Nissa Leder,290.0,3.66666666666667,2017.0
546671,"Children of the Mind (Ender's Saga, #4)",Orson Scott Card,369.0,4.5,1996.0
164435,Totalitarianism: Part Three of the Origins of Totalitarianism,Hannah Arendt,196.0,5.0,1968.0
320859,Alamein to Zem Zem,Keith Douglas,152.0,4.0,1946.0
349620,Kai sugrįšime į Kubą,Chanel Cleeton,384.0,4.2,2019.0
2169065,Eventos De Los Ultimos Dias,Unknown,,4.0,
1992732,"Srce mora (Gallaghers of Ardmore, #3)",Nora Roberts,223.0,4.0,2000.0
522920,Below the Line (Charlie Waldo #2),Howard Michael Gould,304.0,3.0,2019.0
121894,COMPTIA A+ 2006 In Depth,Jean Andrews,1307.0,2.0,2006.0
610460,Death Sentence,Rayne Matthews,267.0,3.2,
1358240,The Sheikh's Destiny (Desert Nights #3),Olivia Gates,192.0,3.0,2012.0
1829571,Double Cross,Malorie Blackman,464.0,4.33333333333333,2008.0
1920475,Blessed Are the Dead (Gabriella Giovanni Mystery #1),Kristi Belcamino,304.0,4.0,2014.0
1921445,"Quite Curious (Lowcountry Mysteries, #3.5)",Lyla Payne,128.0,4.0,2015.0
440084,The Rescue: Donland and the Hornet,Perry Comer,145.0,4.18181818181818,
1342951,Backstage Passes: Life on the Wild Side with David Bowie,Angela Bowie,368.0,2.57142857142857,1993.0
827495,Chaysing Dreams (Chaysing Trilogy #1),Jalpa Williby,373.0,5.0,2013.0
2396773,The Seventh Sense,T.J. MacGregor,352.0,4.0,1999.0
1670728,Carezze di velluto,Sarah Waters,495.0,3.0,1998.0
2434700,Basilico,Macaione Giulio,0.0,5.0,2016.0
2309343,Nuclear Medicine Instrumentation,Jennifer Prekeges,376.0,3.0,2009.0
1482975,Zapatos de cocodrilo,Alfonso Suárez Romero,134.0,4.5,2005.0
37529,The Interrogation (The Organization Book 2),Kris Kramer,189.0,4.0,2015.0
362695,"Endstation Venedig (Commissario Brunetti, #2)",Donna Leon,396.0,3.88888888888889,1993.0
1918531,The Complete Tommy And Tuppence (Tommy and Tuppence #1-5),Agatha Christie,1800.0,5.0,2013.0
1671232,Bullpen Gospels: Major League Dreams of a Minor League Veteran: Major League Dreams of a Minor League Veteran,Dirk Hayhurst,0.0,5.0,2010.0
735685,"You're the One That I Want (Gossip Girl, #6)",Cecily von Ziegesar,256.0,3.33333333333333,2004.0
1449253,تک خال,Payam Ebrahimi,32.0,4.0,2018.0
41351,Ghazals: Translations of Classic Urdu Poetry (Murty Classical Library of India),Mir Taqi Mir,224.0,4.0,
768238,"More of God: Seek the Benefactor, Not Just the Benefits",R.T. Kendall,237.0,4.5,
587802,Empatia. Najpiękniejszy rozkwit miłości,Osho,,4.66666666666667,
2499531,Don't Shake the Mango Tree: - Tales of a Scottish Maasai,Graeme Forbes-Smith,303.0,3.5,
1094506,Five Nights at Freddy's: Aftermath: fnaf fanfiction,Two Sovereigns Publishing,68.0,4.0,
1293884,"The Final Descendants And The Well Of Wishes Lost (The Final Descendants, #1)",Karina Gioertz,392.0,3.0,2013.0
175443,Southern Horrors: Lynch Law in All Its Phases,Ida B. Wells-Barnett,26.0,5.0,1892.0
2312210,Cultura Positiva: El lado bueno de todas tus cosas,Juan Berteaux,144.0,3.0,
1976275,"Work and Play (Dogwood Cove, #3)",Julia Jarrett,285.0,3.5,2022.0
1747785,Fucking Åmål : manuskript,Lukas Moodysson,192.0,3.0,1998.0
2155748,YOU! The Positive Force in Change: Leveraging Insights from Neuroscience and Positive Psychology,Eileen Rogers,154.0,4.0,2014.0
193796,Speechless 2: When Love Hurts (Speechless: When Love Hurts),Briann Dane,210.0,4.33333333333333,
262730,Australia (Detective Jason Smith #14),Stewart Giles,214.0,4.66666666666667,
1908384,The Mill River Recluse,Darcie Chan,385.0,3.83333333333333,2014.0
339820,زندگی و زمانه‌ی مایکل ک,J.M. Coetzee,,3.5,1983.0
1392338,Hidden Truths: A Living Lore Novel,Tammera Mart,344.0,5.0,2023.0
1329770,He is... Creed Part Two (Windwalkers Book 2),Lisa Renee Jones,106.0,5.0,
660276,"Starfire (Patrick McLanahan, #19)",Dale Brown,432.0,3.0,2014.0
1589043,Reading Research: A User-Friendly Guide for Health Professionals,Barbara Davies,96.0,5.0,2011.0
1504180,"Boy Genius: Karl Rove, the Brains Behind the Remarkable Political Triumph of George W. Bush: Karl Rove, the Brain Behind the Remarkable Political Triumph of George W.Bush (Publicaffairs Reports)",Lou Dubose,272.0,5.0,2002.0
2489266,Republican Women: Feminism and Conservatism from Suffrage through the Rise of the New Right (Gender and American Culture) (Gender & American Culture),Catherine E. Rymph,358.0,4.0,2006.0
1256389,"The Geography Teacher's Handbook (Continuum Education Handbooks, 6)",Brin Best,192.0,4.0,2011.0
174577,Out of Nowhere,Sandra       Brown,,4.0,2023.0
799871,Captain James Cook,Richard Hough,591.0,1.0,1994.0
2184731,The Everything Parent's Guide to Sensory Processing Disorder: The Information and Treatment Options You Need to Help Your Child with SPD,Terri Mauro,304.0,4.0,2006.0
1388402,Kuyucaklı Yusuf 80 Yaşında (Özel Baskı),Sabahattin Ali,216.0,4.75,1937.0
972942,Vile Bodies,Evelyn Waugh,224.0,2.0,1930.0
703324,"Ich sterbe, aber die Erinnerung lebt",Henning Mankell,143.0,3.0,2003.0
1564291,"Batman, Vol. 6: Bride or Burglar?",Tom King,161.0,5.0,2018.0
2358824,"DESÁTAME, Vol. 3 (La Serie Aniquílame): Una serie de suspenso romántico (Spanish Edition)",Christina Ross,179.0,3.0,2013.0
219614,"A Touch of Flame (The Cowboys of Colorado, #2)",Jo Goodman,412.0,4.0,2018.0
21451,The Arena (Eagles of Rome #1.5),Ben Kane,53.0,4.33333333333333,
329045,"Angelic Visions: Create Fantasy Art Angels With Watercolor, Ink and Colored Pencil.",Angela R. Sasser,128.0,4.0,2010.0
1415621,Siete citas para Valentina,Andrea Longarela,292.0,4.0,2021.0
2027402,Accountability Leadership: How to Strenghten Productivity Through Sound Managerial Leadership,Gerald Kraines,221.0,3.0,
2551244,Bred and Wed (Baby Breeder),Jenna Thalia,129.0,3.0,
129136,The Code of the Samurai,Nitobe Inazō,96.0,3.5,1899.0
985207,The Dorchester Five,Peter Manus,366.0,3.0,
1141711,"The Last Laugh: A New Philosophy of Near-Death Experiences, Apparitions, and the Paranormal",Raymond A. Moody Jr.,208.0,5.0,1999.0
1794576,Marvels of Modern Science,Paul Severing,,3.0,1910.0
1354593,The Supremacists: The Tyranny of Judges And How to Stop It,Phyllis Schlafly,244.0,4.0,2004.0
1393336,A Dream of Duplicity,A.M. Gautam,,5.0,
1530670,"Deep Woods, Wild Waters: A Memoir",Douglas Wood,264.0,3.66666666666667,1997.0
490761,"Slash's Dove (Hunters Creek Archangel's Warriors MC, #11)",Ciara St. James,318.0,4.66666666666667,2024.0
553636,Winter World (The Long Winter #1),A.G. Riddle,418.0,4.11111111111111,2019.0
1649004,The Dangers of Proximal Alphabets,Kathleen Alcott,208.0,3.66666666666667,2012.0
2251850,Things Change,Patrick Jones,216.0,5.0,2004.0
1121773,El diario de Ana Frank,Anne Frank,0.0,3.0,1947.0
1145579,The Adventures of Swiss Family Robinson (A Landoll Classic),Johann David Wyss,248.0,4.5,1812.0
1451692,Les morsures du passé,Lisa Gardner,576.0,5.0,2010.0
45075,Το όνειρο ενός γελοίου - Λευκές νύχτες,Fyodor Dostoevsky,144.0,4.33333333333333,1877.0
1709154,1874,Tamara Geraldine,260.0,2.0,2014.0
2084572,Creole Belle (Dave Robicheaux #19),James Lee Burke,528.0,5.0,2012.0
1992080,Molly Moon's Incredible Book of Hypnotism,Georgia Byng,330.0,5.0,2002.0
1048899,"Archenemies (Renegades, #2)",Marissa Meyer,15.0,5.0,2018.0
1053055,Braco's Gaze: The Unknown Infinity,Vladimir Gruden,140.0,3.0,
2223766,Souls Collide (Collide #3),Kristina Beck,316.0,4.0,2018.0
294745,Loren (Van Doren #1),Crea Reitan,407.0,4.55555555555556,
829772,Profit and Crises,Arghiri Emmanuel,419.0,5.0,1974.0
2048124,The Official Booty Parlor Mojo Makeover: Four Weeks to a Sexier You,Dana B. Myers,288.0,3.0,2011.0
1494943,The Girl in the Green Sweater: A Life in Holocaust's Shadow,Krystyna Chiger,289.0,4.3125,2008.0
2121340,Los miserables,Victor Hugo,1856.0,4.66666666666667,1862.0
2133347,"Después del «sí, quiero»",Chantelle Shaw,148.0,1.0,2014.0
1299354,"Their Love Nest (The Men of Evergreen Mountain, #2)",Frankie Love,70.0,4.0,
1310211,Il solo modo per dirsi addio,Simon Stranger,344.0,2.0,2018.0
1329125,Without Question,Evelyn Cronk,347.0,5.0,
720617,Life (Vampire Erotica),M.L. Briers,95.0,5.0,2013.0
42973,The Toothache Tree,Jack Galloway,328.0,2.0,1989.0
1950026,Creating and Sustaining the Constructivist Classroom,Bruce A. Marlowe,168.0,3.0,1997.0
1526699,"Ocalenie Callie i Kaydena (The Coincidence, #2)",Jessica Sorensen,384.0,4.5,2013.0
1749134,Έρεβος,Ursula Poznanski,536.0,4.0,2010.0
1127152,Konec prokrastinace,Petr Ludwig,272.0,3.96,2013.0
1634954,1776: The Washington Divergence,Andrew Hastie,109.0,4.0,
666304,Flee,Evan Dara,239.0,3.0,2013.0
542238,Tarnished Vows: A Hot Wife Story,Matthew  Lee,171.0,4.0,
1478284,"Moon Glamour (Samhain Shifters, #1)",Aimee Easterling,236.0,3.0,
2516265,Rod Carew: One Tough Out: Fighting Off Life's Curveballs,Rod Carew,336.0,3.5,
2592320,Das goldene Taschenmesser: Ein Fall für Eliza Roth-Schild (German Edition),Marcel Huwyler,224.0,4.0,
1396179,Twilight: ScreenPlay,ANGELIA BEAUMONT,,5.0,
2334388,Confessions of a Little Black Gown (The Bachelor Chronicles),Elizabeth Boyle,1.0,5.0,
436129,الرجل ذو السترة البنية,Agatha Christie,419.0,4.34782608695652,1924.0
1028736,The Will of God as a Way of Life: How to Make Every Decision with Peace and Confidence,Jerry Sittser,256.0,5.0,2000.0
1012493,Flora Leas hemliga bok,Patti Callahan Henry,,2.66666666666667,2023.0
990159,Inherit the Past (The Bavarian Woods #1),Susan   Finlay,368.0,4.0,2014.0
1115249,El criador de gorilas,Roberto Arlt,144.0,3.0,1941.0
2438362,Yours Truly,Abby Jimenez,,5.0,2023.0
2325915,It Takes Two: A History of the Couples Who Dared to be Different,Cathy Newman,336.0,2.66666666666667,
1045046,"The Last Widow (Will Trent, #9)",Karin Slaughter,480.0,5.0,2019.0
675801,Facing the Mountain: A True Story of Japanese American Heroes in World War II,Daniel James Brown,560.0,4.45977011494253,2021.0
1532196,Lovely Trigger (Tristan & Danika),R.K. Lilley,390.0,5.0,2014.0
815089,Psykogeddon (Judge Dredd #9),Dave Stone,185.0,3.5,2006.0
1743004,The Detectives Kane and Alton Series: Books 4–6,D.K. Hood,997.0,2.75,2020.0
34623,The Lair of the White Worm,Bram Stoker,,3.16666666666667,1911.0
2280905,"It Was Always You (Gaming the System, #6.5)",Brenna Aubrey,91.0,5.0,2015.0
2115353,Twentieth-Century American Poetry,Dana Gioia,1189.0,3.0,2003.0
1473572,30-Minute Read: Hope for Hard Times,Scott Hahn,64.0,3.0,2009.0
2467916,Not Our Kind,Kitty Zeldis,352.0,3.66666666666667,2018.0
2050152,"Dax (Arizona Vengeance, #4)",Sawyer Bennett,342.0,4.28571428571429,2019.0
245590,Wat jij niet ziet,M.J. Arlidge,96.0,3.22727272727273,2020.0
2494607,Campervan Capers: A Couple's First Year Exploring the World of Campervanning,Alannah Foley,144.0,5.0,2012.0
2373619,Leading Inclusion: Drive Change Your Employees Can See and Feel,Gena Cox,325.0,5.0,
1689265,Le Contre-Ciel,René Daumal,156.0,4.0,1970.0
63112,Investigating Farscape: Uncharted Territories of Sex and Science Fiction (Investigating Cult TV),Jes Battis,256.0,3.0,2007.0
2271118,Kiln People,David Brin,501.0,4.0,2002.0
575527,The Mountaineering Handbook: Modern Tools and Techniques That Will Take You to the Top,Craig Connally,384.0,4.5,2004.0
606008,Twenty Minutes in Manhattan,Michael Sorkin,215.0,3.25,2009.0
719133,ドラゴンボール超 17 破壊神の力 [Dragon Ball Super 17: Hakaishin no Chikara],Akira Toriyama,192.0,4.0,2021.0
1161718,The Cut (Spero Lucas #1),George P. Pelecanos,292.0,3.92682926829268,2011.0
2485909,West Meets East - Box Collection One,Merry Farmer,345.0,4.0,
34277,Finding Her Luck (An Orki War Bride Tale #1),Isoellen,113.0,3.0,2021.0
1591795,ادیسه,Homer,560.0,5.0,-700.0
2543765,The First Great Air War,Richard Townshend Bickers,352.0,5.0,1989.0
1296511,"Poirot's Early Cases (Hercule Poirot, #43)",Agatha Christie,256.0,4.0,1974.0
235358,Waiting for Agnes,Joe Bullard,334.0,5.0,2000.0
848063,Lost Highway: Journeys and Arrivals of American Musicians,Peter Guralnick,368.0,3.7,1979.0
55717,Dragons at Crumbling Castle,Terry Pratchett,368.0,4.25,2014.0
1468720,"Breaking Point (Midnight Falls, #4)",Lynn Hagen,104.0,3.0,
1650362,Vassalord 3,Nanae Chrono,170.0,5.0,2009.0
406292,Dancing with an Enigmatic Duke,Abigail Agar,326.0,5.0,
1047582,After the Rapture: An End Times Guide to Survival,David Jeremiah,240.0,4.66666666666667,
730173,Marley & Me: Life and Love with the World's Worst Dog,John Grogan,320.0,4.0,2005.0
2028603,The Love Potion (Werewolf High #5),Anita Oh,156.0,4.66666666666667,
2410798,Di Bahumu Kubagi Dukaku,Mira W.,256.0,3.0,2007.0
1784418,Sonata de Amor: (Novela romántica contemporánea) (Spanish Edition),Isabel Acuña,305.0,4.25,
1507933,"The Collected Works of Frederick Douglass: Autobiographies, 50+ Speeches, Articles & Letters (Including My Bondage and My Freedom and more)",Frederick Douglass,1748.0,5.0,2008.0
2539396,Versteigert an den Rudel-Alpha (Höchstbietende) (German Edition),Olivia T. Turner,122.0,5.0,
1983171,Dubrovski,Alexander Pushkin,147.0,4.0,1841.0
550938,The Unknown Stigma 1,Ryuho Okawa,192.0,1.0,
1397361,IQ (IQ #1),Joe Ide,352.0,3.0,2016.0
1030241,Day for Night,Jean McNeil,280.0,3.0,
938638,அசுரனும் தேவதையும் : பாகம் 4 (Tamil Edition),SANAGEETH NOVELS,323.0,4.0,
123585,History's Greatest Deceptions,Eric Chaline,256.0,3.8,
1733977,Pociąg linii M,Patti Smith,240.0,4.5,2015.0
1357985,When the Sick Rule the World,Dodie Bellamy,248.0,4.0,2015.0
2443198,As Grandes Profecias da História,History Channel,440.0,3.0,2012.0
2533797,The Boolean Gate,Walter Jon Williams,,4.0,2012.0
1650324,"One Last Gift (New York Romance, #1)",Melissa Hill,348.0,4.5,2016.0
1149924,"Nowhere to Run (The 39 Clues: Unstoppable, #1)",Jude Watson,272.0,5.0,2013.0
1870059,The Meaning of Marxism,Paul D'Amato,256.0,4.09090909090909,2006.0
288088,"Father Bear Comes Home (Little Bear, #2)",Else Holmelund Minarik,64.0,4.51020408163265,1959.0
314680,The Last Highlander,Claire Cross,338.0,4.0,1998.0
2373924,Diepdiepblauw,Nikki Dekker,296.0,4.03448275862069,2022.0
1386336,Behold the Void,Philip Fracassi,283.0,3.66666666666667,2017.0
1568521,"Jennifer Scales and the Ancient Furnace (Jennifer Scales, #1)",MaryJanice Davidson,224.0,4.0,2005.0
2456257,Natsir: Politik Santun di Antara Dua Rezim,Tim Buku TEMPO,162.0,5.0,2011.0
691365,"Midnight in Vehicle City: General Motors, Flint, and the Strike That Created the Middle Class",Edward McClelland,232.0,4.0,
98077,Whisper Hollow,Chris Cander,400.0,4.33333333333333,2015.0
1846125,True Tales of Animal Heroes,Allan Zullo,127.0,3.5,1998.0
578127,Predictive Homoeopathy (Hindi),Prafull Vijayakar,143.0,5.0,
258956,The Zul Enigma,J.M. Leitch,456.0,3.0,2011.0
797742,Father Figure: How to Be a Feminist Dad,Jordan Shapiro,240.0,3.0,
1388291,The Maestro,T. Davis Bunn,398.0,3.5,1991.0
2394049,"Pandora Seven, Vol. 2",Yuta Kayashima,244.0,5.0,
869304,Whip Crack (DCI Kett #4),Alex  Smith,318.0,4.36144578313253,2020.0
1087666,"Rebel (Cat Star Chronicles, #10)",Cheryl Brooks,416.0,4.33333333333333,2014.0
2578604,Живот под хипноза,Richard Bach,143.0,3.0,2009.0
1345104,Genius,Steven T. Seagle,128.0,5.0,2013.0
1966768,The Four Core Framework (Beats),Shawn Coyne,102.0,3.0,
2334597,Bait and Switch: A Kurtz and Barent Mystery (Kurtz and Barent Mysteries Book 8),Robert I. Katz,200.0,4.0,
1346912,Stilist,Alexandra Marinina,513.0,5.0,1996.0
1810433,Beasts in Velvet (The Vampire Genevieve #3),Jack Yeovil,269.0,5.0,1991.0
277938,Das Kind der Stürme (Sevenwater #3),Juliet Marillier,771.0,3.0,2001.0
974694,"Engel van de stad (Makana, #2)",Parker Bilal,416.0,3.0,2013.0
2088689,Gathering Pecans,Wimberley Watts,452.0,5.0,2013.0
1967865,The Shape of My Name,Nino Cipri,22.0,4.0,2015.0
2475956,The Skulking Way of War: Technology and Tactics Among the New England Indians,Patrick M. Malone,172.0,5.0,1991.0
282426,Confessions of a Rebel Debutante,Anna  Fields,304.0,1.0,2010.0
60313,What Strange Paradise,Omar El Akkad,256.0,4.33333333333333,2021.0
1550359,The Fish Bomb Caper (Miss Fortune World),Stephen  John,89.0,4.2,2019.0
2428701,The House of Starling (The Sundering of Rhend Book 1),Ciara Hartford,426.0,5.0,
1601629,"Cry of the Rain Bird: A mesmerising Australian saga of love, intrigue and betrayal",Patricia Shaw,467.0,4.0,1994.0
2436138,Though Waters Roar,Lynn Austin,428.0,3.5,2009.0
2548175,WOOD Demand LOVE (Wood Love #2),D.C. Odesza,385.0,3.8,
1486343,FACTIO I: El Juego (Spanish Edition),Javi Cantarero,410.0,2.0,
1636775,Orphans (Modern Plays),Dennis Kelly,120.0,4.0,2009.0
1691705,In Spade's (After Dark Book 4),Jisa Dean,99.0,4.5,
1613148,Reckless Grace: A Mother's Crash Course in Mental Illness,Carolyn DiPasquale,440.0,5.0,
1295849,Animal Farm,George Orwell,89.0,4.0,1945.0
1239981,"Collide (Collide, #1)",Gail McHugh,399.0,4.6969696969697,2013.0
1935152,Antarktos Rising,Jeremy Robinson,482.0,3.0,2007.0
836852,Zen and Now: On the Trail of Robert Pirsig and the Art of Motorcycle Maintenance,Mark  Richardson,275.0,5.0,2008.0
1485657,Anbulla Evaalukku: The Colour Purple - Tamil (Tamil Translation ficiton Book 11),Alice Walker,0.0,5.0,1982.0
1362541,The Witches of Sea-Dragon Bay,Sandra Forrester,224.0,4.0,2003.0
1278036,The Magdalena Curse,F.G. Cottam,336.0,1.0,2010.0
806410,McGlue,Ottessa Moshfegh,131.0,3.4,2014.0
150768,"The Spider (Under the Northern Sky, 2)",Leo Carew,544.0,3.0,2019.0
1918332,"Dinero Negro (John March, #1)",Spiegelman,360.0,5.0,2003.0
2416223,Malted Milk (Little Cakes #19),Pepper North,176.0,4.6,
822214,"The Universe in Your Hand: A Journey Through Space, Time and Beyond",Christophe Galfard,449.0,4.0,2015.0
1746186,"Blood of My Monster (Monster Trilogy, #1)",Rina Kent,340.0,4.5,2023.0
1634467,Take Me Home: Tales of Battersea Dogs. Melissa Wareham,Melissa Wareham,160.0,4.5,2011.0
1880670,50 Idées Reçues Sur L'état Du Monde,Pascal Boniface,160.0,4.0,2007.0
2056957,"Siege (As The World Dies, #3)",Rhiannon Frater,426.0,5.0,2009.0
1140872,The Dead School,Patrick McCabe,286.0,4.0,1995.0
2320386,Кладенецът и махалото,Edgar Allan Poe,380.0,4.0,1842.0
766195,El Leon La Bruja y El Ropero,Robin Lawrie,64.0,4.0,1995.0
1782499,En la celda había una luciérnaga,Julia Viejo,184.0,4.30769230769231,
2296555,"Dragonseed (Dragon Age, #3)",James Maxey,416.0,4.0,2009.0
1965855,Losing My Virginity: The Autobiography,Richard Branson,517.0,4.5,1998.0
979867,"Life Magazine, Issue 97 (George Lucas and the Making of Star Wars)",LIFE,,3.0,
414291,The Canterbury Tales: The First Fragment (Penguin Classics),Geoffrey Chaucer,304.0,4.14285714285714,1400.0
2270604,Before Virtue: Assessing Contemporary Virtue Ethics,Jonathan J. Sanford,304.0,4.0,2015.0
37290,Four or Dead,G O A,,3.25,
948583,The Deep End of the Sea,Heather Lyons,288.0,4.07692307692308,2014.0
739258,"The Witching Hour (Lives of the Mayfair Witches, #1)",Anne Rice,1058.0,4.08108108108108,1990.0
1131986,in a Dark Purple,M. Tiyasaa,,5.0,
2523622,"ইনভ্যাসন অভ দা নো ওয়ানস (Spooksville, #15)",Christopher Pike,80.0,4.0,1996.0
2486768,"X-O Manowar Deluxe Edition, Book 1",Robert Venditti,384.0,4.0,2013.0
808908,Fatima the Spinner and the Tent,Idries Shah,32.0,5.0,2006.0
850785,Did the First Christians Worship Jesus?: The New Testament Evidence,James D.G. Dunn,178.0,3.5,2010.0
1898984,Милиард години до свършека на света,Arkady Strugatsky,129.0,5.0,1974.0
2041732,Memoirs of a Geisha,Arthur Golden,398.0,5.0,1997.0
360128,Masquerade: Oddly Suited,L.G. Keltner,200.0,4.0,
209585,"Four to Score (Stephanie Plum, #4)",Janet Evanovich,313.0,4.30527563722584,1998.0
334572,Equivoci e bugie (Italian Edition),Joanna  Cannon,371.0,3.0,2016.0
1719646,Blackwood (The Blackwood Series Book 1),N. Dominic,537.0,5.0,
1307458,"Mastering Pasta: The Art and Practice of Handmade Pasta, Gnocchi, and Risotto [A Cookbook]",Marc Vetri,272.0,4.6,2015.0
2007894,Zombie Buffet: An Undead Anthology,Anthony Giangregorio,244.0,5.0,2011.0
628308,They Call Him Nas,K.C. Mills,415.0,4.41379310344828,
727319,"Mesmerized (The Mad Morelands, #1)",Candace Camp,360.0,4.54545454545455,2003.0
245308,The Night Before New Year's,Natasha Wing,32.0,3.5,2009.0
1581848,تمهیدات: مقدمه ای برای هر مابعدالطبیعه آینده که به عنوان یک علم عرضه شود,Immanuel Kant,262.0,4.0,1783.0
2252662,"A Treatise of Human Nature 2nd edition by Hume, David (1978) Paperback",David Hume,0.0,3.0,1739.0
1659051,Cage of Bones & Other Deadly Obsessions,John Everson,192.0,4.0,2000.0
1001238,Russia's First Civil War: The Time of Troubles and the Founding of the Romanov Dynasty,Chester S.L. Dunning,,4.0,2001.0
937301,"The Scottish covenanters: their origins, history and distinctive doctrines",Johannes Geerhardus Vos,231.0,4.0,1940.0
154438,Here on Earth,Alice Hoffman,293.0,4.0,1997.0
185380,End of Equality (Manifestos for the 21st Century),Beatrix Campbell,134.0,3.0,2013.0
1895062,"Miracle Girls, Vol. 4",Nami Akimoto,268.0,5.0,2023.0
735138,Storie impreviste e altre storie ancora più impreviste,Roald Dahl,452.0,4.0,1979.0
1255882,De Los Delitos Y De Las Penas (Ciencias Sociales),Cesare Beccaria,,4.0,1763.0
754697,"Cowboy SEAL Homecoming (Navy SEAL Cowboys, #1)",Nicole Helm,354.0,4.5,2018.0
2591043,L'arcipelago delle api: Microcosmi lagunari nell'era della crisi climatica (Italian Edition),Chiara Spadaro,88.0,5.0,
2186872,Fates and Fortunes in Little Woodford,Catherine   Jones,320.0,3.0,
1508847,"Gossip from the Girls' Room (Blogtastic!, #1)",Rose Cooper,200.0,4.0,2011.0
259865,We Are the Baby-Sitters Club: Essays and Artwork from Grown-Up Readers,Marisa  Crawford,209.0,3.66666666666667,2021.0
2421855,Timber And Jubal Stone U.S. Marshals: Payday At Mineral Wells: A Western Adventure (Timber: United States Marshal Western Book 40),Robert Hanlon,103.0,4.77777777777778,
1705191,The Secret Art of Self-Development,Karl Moore,142.0,4.0,2009.0
147546,"Magierlicht (Sturmjäger von Aradon, #2)",Jenny-Mai Nuyen,400.0,4.25,
1290867,Kitchen Confidential: Adventures in the Culinary Underbelly,Anthony Bourdain,288.0,5.0,2000.0
2145121,"Defiance of Eagles (Eagles, #18)",William W. Johnstone,336.0,5.0,2013.0
850566,Music Education and Social Emotional Learning: The Heart of Teaching Music,Scott Edgar,185.0,4.25,
2169775,"The Roman Army at War, 100 BC-AD 200",Adrian Goldsworthy,326.0,4.0,1996.0
2320880,Mission in the Old Testament: Israel as a Light to the Nations,Walter C. Kaiser Jr.,130.0,3.33333333333333,2000.0
907501,"My Heart Can't Even Believe It: A Story of Science, Love, and Down Syndrome",Amy Silverman,225.0,4.5,2016.0
2391825,Lost Ark Dreaming,Suyi Davies Okungbowa,192.0,3.81818181818182,2024.0
136452,The Change,Kirsten Miller,480.0,4.4,2022.0
271519,Harry Potter y el cáliz de fuego (Harry Potter #4),J.K. Rowling,672.0,4.8,2000.0
868845,"El chico sin destino (Corazón negro, #2)",Elisa Puricelli Guerra,380.0,4.57142857142857,2013.0
353344,Šiukšlės,Andy Mulligan,264.0,4.5,2010.0
1671360,Het is allemaal de schuld van de Chinezen!,Tine Hens,260.0,3.5,
2555181,"My dwie, my trzy, my cztery",Sarah Crossan,304.0,4.0,2014.0
1025971,The Dutch I Presume? Icons of the Netherlands,Martijn de Rooi,144.0,3.5,2006.0
271240,"Uncage Me (Savage Beast MC, #8)",Hayley Faiman,348.0,5.0,
2459785,O guia da grávida bem informada: Por que a sabedoria convencional sobre a gestação está errada e o que você realmente precisa saber (Portuguese Edition),Emily Oster,396.0,3.0,2013.0
1129191,The Windmill Murders (The No. 2 Feline Detective Agency Book 11),Mandy Morton,227.0,5.0,
474481,Warrior: Battling infertility - staying sane while trying to conceive,Tori Day,218.0,4.0,
1055989,Družinske počitnice,Elizabeth Noble,432.0,3.0,2020.0
1862916,Pretty bloody doll (Malikova Bratva),Bekah D. Killer,82.0,4.0,
2397121,Em Busca do Prato Perfeito: um Cozinheiro em Viagem,Anthony Bourdain,346.0,4.0,2001.0
950722,"Rose Valland, l'espionne à l'œuvre",Jennifer Lesieur,229.0,3.4,
287659,The '86 Fix (The '86 Fix #1),Keith A. Pearson,360.0,4.44827586206897,2016.0
1839675,Stallion of the Sun and Other Stories,U.R. Ananthamurthy,,4.0,1999.0
522353,Lessons from the Great Depression (Lionel Robbins Lectures),Peter Temin,211.0,5.0,1989.0
1043611,Cet inconnu à tes côtés (French Edition),William Casey Moreton,372.0,2.0,2015.0
1003427,I segreti di una libraia: La straordinaria vita di Nancy Mitford,Michelle Gable,384.0,2.0,2021.0
1153663,Born on a Blue Day,Daniel Tammet,226.0,3.98449612403101,2006.0
1544886,Powerless Consent,Janet Nash,262.0,4.0,2012.0
1294829,Second to the Right (The Neverland Chronicles),T.S. Kinley,374.0,4.5,
727197,Outsider (Kate Burkholder #12),Linda  Castillo,323.0,4.45714285714286,2020.0
1892470,The Christian's Secret of a Happy Life,Hannah Whitall Smith,274.0,5.0,1883.0
2460705,After the Storm: Postnatal Depression and the Utter Weirdness of New Motherhood,Emma Jane Unsworth,158.0,5.0,2021.0
172267,"El frío de la muerte (Charlie Parker, #15)",John Connolly,512.0,4.5,2017.0
1762750,"Murder at Melrose Court (Heathcliff Lennox, #1)",Karen Baugh Menuhin,262.0,4.5,2018.0
1181020,Neil's Quest for Quality - A TMap HD Story,Aldert Boersma,256.0,5.0,2014.0
838231,"The Theory of Death (Peter Decker/Rina Lazarus, #23)",Faye Kellerman,371.0,3.79166666666667,2015.0
1762946,Only Cry For The Living: Memos From Inside The ISIS Battlefield,Hollie McKay,491.0,4.0,
2397178,Manners and Mischief: A Samantha Classic Volume 1 (American Girl Beforever Classic),Susan S. Adler,158.0,4.0,1986.0
1597050,La revancha de los poderosos: Cómo los autócratas están reinventando la política en el siglo XXI (Spanish Edition),Moisés Naím,416.0,4.33333333333333,2022.0
975878,The Great British Dream Factory,Dominic Sandbrook,648.0,4.5,2015.0
457980,هشت كتاب,Sohrab Sepehri,,5.0,1977.0
375100,Lodo (Spanish Edition),Guillermo Fadanelli,300.0,3.875,2002.0
1096327,"Kay Kay and the Euro Green Monster (Kay Kay, #2)",Talia,48.0,5.0,
299966,Din septembrie pentru totdeauna,Criss Blaziny,176.0,4.5,
1073042,Twisted Love,Ana Huang,358.0,3.55555555555556,2021.0
193507,First Sex Experiences: Five Erotica Stories of First Sex Experiences,Sarah Blitz,55.0,3.0,2013.0
155430,Worst Case,James Patterson,0.0,3.5,2010.0
175944,"The State of the Art (Culture, #4)",Iain M. Banks,188.0,3.94230769230769,1991.0
2046482,The Unpicking,Donna Moore,240.0,3.0,
1392598,Историк,Elizabeth Kostova,704.0,4.66666666666667,2005.0
881347,"His Garden of Bones (Skye Cree, #4)",Vickie McKeehan,305.0,4.28571428571429,2015.0
2349659,Constituting Modernity: Private Property in the East and West (The Islamic Mediterranean),Huricihan İslamoğlu,288.0,5.0,2004.0
524093,Aavekaupunki,Kevin Chen,380.0,4.0,2019.0
1204350,Evangeline Mudd and the Golden-Haired Apes of the Ikkinasti Jungle,David Elliott,208.0,3.5,2004.0
2070745,"Two Women, One Man: A Memphis Love Story",James L. Dickerson,300.0,3.0,2012.0
1538646,"Bloody Mary (Truly's Crimes, #1)",Kay Noa,221.0,5.0,
1370230,"UnScripted (Creed MC, #2)",Jax Hart,241.0,3.0,2018.0
2458084,Doctor Who: The Blame Game,Ian Atkins,,5.0,2016.0
2123447,Megasthenes,Shubha Khandekar,32.0,5.0,
1091535,"Fatal Demand (Jess Kimball Thriller, #2)",Diane Capri,298.0,4.18181818181818,2014.0
1084882,"The Red Scrolls Of Magic (The Eldest Curses, #1)",Cassandra Clare,368.0,4.09090909090909,2019.0
65867,"Forbidden Love (Love Stings, #3)",Evan Grace,,3.5,
6485,Congress Of The Animals,Jim Woodring,104.0,4.0,2011.0
2154436,"Dead Run (Monkeewrench, #3)",P.J. Tracy,432.0,4.66666666666667,2005.0
1005313,Smidge (Books for Life),Beth Shoshan,24.0,5.0,2004.0
346739,The Eighth Life: for Brilka,Nino Haratischwili,944.0,3.0,2014.0
516324,Some Shall Break (None Shall Sleep #2),Ellie Marney,400.0,4.36842105263158,2023.0
1574918,"Prisoners of Hate: The Cognitive Basis of Anger, Hostility, and Violence",Aaron T. Beck,354.0,3.5,1999.0
1579044,"Robbedoes en Kwabbernoot in New York (Robbedoes en Kwabbernoot, #39)",Tome,46.0,3.0,1987.0
1556847,"A Messy Divorce (Disturbing, Rough Sex, Watersports)",Jamie Giles,14.0,5.0,2015.0
1951574,Nightfall (Stargate Atlantis #10),James Swallow,290.0,4.0,2008.0
944735,The Next Big Story: My Journey Through the Land of Possibilities (Celebra Books),Soledad O'Brien,336.0,3.33333333333333,2010.0
1371070,Dispariția lui Josef Mengele,Olivier Guez,176.0,3.5,2014.0
106611,Accepting Me,Jo Ramsey,30.0,3.0,2012.0
886353,I Am Me,Sheila Hale,32.0,5.0,2012.0
1874467,"You, with a View [German]",Jessica  Joyce,384.0,3.0,2023.0
2097894,The Inner Quarters: Marriage and the Lives of  Chinese Women in the Sung Period,Patricia Buckley Ebrey,356.0,5.0,1993.0
1855145,Politik als Beruf,Max Weber,0.0,2.66666666666667,1919.0
314481,Apleistumas,Elisabeth Åsbrink,288.0,5.0,2020.0
1928964,"Abissi e incanto (The Hidden Society, #2)",Ella  Archer,420.0,3.44444444444444,
2236016,El orden natural de las cosas,António Lobo Antunes,312.0,5.0,1992.0
2276916,"House of Secrets (House of Secrets, #1)",V.C. Andrews,400.0,3.5,2018.0
2459462,"Unter Wölfen - Der verborgene Feind (Isaak Rubinstein, #2)",Alex Beer,353.0,5.0,2020.0
2501467,She Has His Heart But I'm His Obsession: An Urban Fiction Romance,Sha Jones and Tynessa,257.0,4.11111111111111,
1461594,"""ديوان صلاح عبدالصبور ""المسرحيات",صلاح عبد الصبور,349.0,5.0,
440434,The Bright Unknown,Elizabeth Byler Younts,368.0,4.0,2019.0
1405623,The Black Fang Betrayal,T.W. Brown,262.0,3.0,2014.0
2465112,Sorcha's Dark Captor (The Highland Temptress Series Book 3),Tessa Murran,296.0,4.0,
2492693,Viaje al interior de una gota de sangre,Daniel Ferreira,122.0,4.0,2011.0
184062,"The Renaissance (The Story of Civilization, #5)",Will Durant,776.0,4.25,1953.0
1515248,"Don't Speak (A Modern Fairytale, #5)",Katy Regnery,430.0,4.25,2017.0
1615583,Die Freimaurerin,Maiken Nielsen,448.0,2.0,2008.0
2574888,Sugar and Spice (Whatever After #10) (10),Sarah Mlynowski,176.0,5.0,2016.0
406365,French Frolics.,Julia Ashley,100.0,4.0,2015.0
647384,Un piccolo favore,Darcey Bell,350.0,2.75,2017.0
1201045,O Advogado,John Grisham,352.0,3.5,1998.0
87913,Outsider in Amsterdam (Grijpstra & de Gier Mystery #1),Janwillem van de Wetering,303.0,3.5,1975.0
227427,Detective Comics (2011-2016) #0,Gregg Hurwitz,32.0,4.0,
83491,Sonhos Mais Que Possiveis - Bolso Odir Cunha Planeta,Na,,3.0,
1323846,Great Singers on Great Singing,Jerome Hines,356.0,4.5,1982.0
2031467,رسالة يوحنا الأولى والرسالتان الثانية والثالثة,القمص تادرس يعقوب ملطي,,4.0,
886650,Karácsonyi ​kovász,Helene Holmström,400.0,4.0,2021.0
2480454,The Fifties,David Halberstam,654.0,4.61904761904762,1991.0
1088259,Dark Flame (Paranormal Hunter #4),Gena D. Lutz,89.0,5.0,
1723832,"Releasing the Imagination: Essays on Education, the Arts, and Social Change",Maxine Greene,240.0,4.5,1995.0
1779695,The House at Helygen,Victoria Hawthorne,306.0,4.26666666666667,2022.0
147157,"The Mommy Club (Texas Quartet, #3)",Sarah Bird,336.0,4.5,1991.0
2398289,Rossian Ethics: W.D. Ross and Contemporary Moral Theory,David Phillips,232.0,4.0,
2240220,Le Dragon du Muveran,Marc Voltenauer,670.0,4.0,
99857,The Standoff,Chuck Hogan,192.0,3.75,1995.0
1997327,Shoot Official Annual 2020,Little Brother Books,80.0,4.0,
1468533,Studierst du noch oder lebst du schon? (German Edition),Tiphaine Rivière,184.0,5.0,2015.0
1409809,"Wrong Guy, Right Room",Michelle Angelle,,4.0,2020.0
1765000,Protokół budapesztański,Adam LeBor,448.0,3.0,2009.0
484393,"The Summer We Fell (The Summer, #1)",Elizabeth O'Roark,320.0,4.14705882352941,2023.0
1865265,Tsar: The Lost World of Nicholas and Alexandra,Peter Kurth,230.0,4.26923076923077,1997.0
1490920,How to Really Use LinkedIn: Discover the True Power of LinkedIn and How to Leverage It for Your Business and Career.,Jan Vermeiren,240.0,5.0,2009.0
2579233,Every Window Filled with Light,Shelia Stovall,382.0,5.0,
1811561,The Rise of Artificial Intelligence: Insights and Analysis on the Rapid Advancement of AI Technology,Stuart  Gnott,89.0,5.0,
143269,De Kathedraal,Ken Follett,1008.0,3.5,1989.0
1856692,Artificial Intelligence Index - 2019 annual report,Saurabh Mishra,,4.0,
279265,"A Court of Thorns and Roses (A Court of Thorns and Roses, #1)",Sarah J. Maas,419.0,5.0,2015.0
1021662,მოთხრობები; სრული კრებული,Jemal Karchkhadze,807.0,5.0,
973778,Hit the Ball Duck,Jez Alborough,0.0,5.0,2005.0
1519860,Memes: Epic Life Hacks & Funny Memes: Awesome Comedy & Self Help,Memes,0.0,5.0,
1901565,"False Friend (Detective Cooper Devereaux, #2)",Andrew  Grant,304.0,3.0,2017.0
415663,"We're So Sorry, Uncle Albert",Lorraine Bartlett,20.0,4.5,2010.0
1992227,"The Fifth Assassin (Culper Ring, #2)",Brad Meltzer,608.0,3.0,2013.0
2115898,八月の御所グラウンド,Manabu Makime,208.0,3.0,
2556891,"Natríumklóríð (Deild Q, #9)",Jussi Adler-Olsen,453.0,2.0,2021.0
65462,Urlaubsreif: 43 Tolle Reisen,Dietmar Bittrich,0.0,1.0,2006.0
1442606,Dare (The Blades of Acktar Book 1),Tricia Mingerink,337.0,4.5,2015.0
566282,"Don't You Want Me, Baby?",Rachel Dove,242.0,4.0,2024.0
2522555,Оружјата на критичкиот и лекот на негувачкиот родител,Станислав Петковски-Сашо,258.0,4.0,
872552,"Attila koporsója (Borbíró Bori, #5)",Ágnes Gaura,552.0,5.0,
965011,Unholy Dying: A Prof. John Stubbs Mystery,R.T. Campbell,147.0,3.0,1945.0
1744246,Boribon ​és az állatok,Veronika Marék,16.0,4.0,
2259014,"Die Goldene - Auf silbernen Schwingen (Die Goldene, #4)",Jella Benks,492.0,5.0,2022.0
826563,Noah's Gold,Frank Cottrell Boyce,336.0,5.0,
1903935,"Bare (Just This Once, #2)",Deborah Bladon,244.0,4.28571428571429,
1625341,"異世界黙示録マイノグーラ~破滅の文明で始める世界征服~ 5 (Apocalypse Bringer Mynoghra: World Conquest Starts with the Civilization of Ruin Light Novels, #5)",Fehu Kazuno,292.0,5.0,2022.0
2313683,The Place-names of Scotland: A First Introduction (Lectures in Scottish History Book 3),George     Harris,18.0,4.0,2012.0
2091572,La Mort de Danton,Georg Büchner,256.0,2.0,1835.0
1756915,"How to Seduce a Duke (Royle Sisters, #1)",Kathryn Caskie,352.0,4.0,2006.0
2571528,Senza Stelle (Bright Darkness #2),Sara  Cipriani,380.0,3.0,
2382174,EL INVIERNO DE LAS ÁGUILAS (Spanish Edition),Emilio Díaz Lara,608.0,4.0,
1294206,La società signorile di massa,Luca Ricolfi,267.0,4.0,2019.0
671877,"Under the Same Roof (Texas Cattleman's Club: Diamonds & Dating Apps, #5)",Niobia Bryant,193.0,5.0,
1737365,Doctor in Pursuit (Doctor nurse romance),Lynne Collins,,5.0,
2599788,Dance Again: Grief is Healing,Nathan   Peterson,116.0,3.0,
1356550,"Mosby's Pharmacology Memory NoteCards: Visual, Mnemonic, and Memory Aids for Nurses",JoAnn Zerwekh,204.0,5.0,2005.0
2324705,"The Truth Seeker (O'Malley, #3)",Dee Henderson,330.0,5.0,2001.0
638450,Wie met vuur speel (Afrikaans Edition),Deon Meyer,289.0,5.0,2007.0
542733,"Victory RUN: Collected Victory RUN 1, 2, 3 (The Story of Victory Payne)",Devon Hartford,500.0,4.0,2014.0
237764,A Field Guide to the North American Family,Garth Risk Hallberg,144.0,3.5,2007.0
14938,Llama Llama Zippity-Zoom,Anna Dewdney,14.0,4.2,2012.0
1068702,"Loving my lying, dying, cheating husband: A memoir of a whirlwind romance gone wrong",Kerstin Pilz,284.0,3.5,2024.0
2241983,Runaway fiancee,sweetdreamer33,,5.0,
1070322,One Thursday Morning (Diamond Lake #1),T.K. Chapin,285.0,4.5,
328262,Deseo y oscuridad,Becca Hunter,244.0,3.0,
954295,"De brume, de métal et de cendre (French Edition)",Gwendolyn Clare,480.0,1.0,2019.0
593100,Zig Zag Girl / Smoke and Mirrors / The Blood Card,Elly Griffiths,727.0,4.33333333333333,2020.0
1263637,A Matter of Trust (Bluford High),Anne E. Schraff,144.0,4.5,2002.0
1413420,The Juniper Key: A Losers Club Murder Mystery (Book 5),Yvonne Vincent,274.0,4.5,
2379623,The Brass Wall: The Betrayal of Undercover Detective #4126,David Kocieniewski,328.0,5.0,2003.0
718675,Dust Bowl: The Southern Plains in the 1930s,Donald Worster,304.0,3.45454545454545,1979.0
2025411,A Houseboat on the Styx with the Pursuit of the Houseboat on the Styx (Hades #1-2),John Kendrick Bangs,116.0,1.0,1897.0
1979911,Whipped Cream and Piano Wire: The First Ann Audrey Mystery (Ann Audrey Mysteries Book 1),Winnie Simpson,290.0,3.0,
705626,Diez cargos contra la iglesia moderna (Spanish Edition),Paul David Washer,79.0,5.0,2011.0
2591139,Freedom Warrior,Gwen Van Velsor,160.0,5.0,
2377707,The Witchwood Crown,Tad Williams,736.0,5.0,2017.0
1715706,"Touched By Ice (Ice Breaker Cold Case, #4)",Cynthia Eden,292.0,4.66666666666667,2023.0
1945320,Feats of Alchemy,Donny Winter,112.0,5.0,
426360,Slingerpaden door de historie - prehistorie en oude geschiedenis,Hans C. Ebeling,397.0,4.0,1970.0
2498406,Amoklöparen,Stefan Zweig,1.0,2.0,1922.0
1616129,"The Complete Adventures of Lucky Starr (Lucky Starr, #1-6)",Paul  French,701.0,5.0,1952.0
1248357,"Falling for You (Pearl Island Trilogy, #1)",Julie Ortolon,383.0,5.0,2002.0
1602960,El Elevador de Central Park,Ludmila Ramis,47.0,3.20408163265306,
2541952,A & D,Louisse Carreon,,3.0,2011.0
1022680,Ghosts of the World: True Stories of Ghostly Hauntings (Ghost Stories),Susan Smitten,232.0,5.0,2006.0
1413841,Retrato de uma desconhecida (Gabriel Allon #22),Daniel Silva,485.0,4.66666666666667,2022.0
1244596,"Mỗi Ngày Nhìn Lại (Every Day, #1)",David Levithan,396.0,4.0,2012.0
989509,"The Ultimate Guide to Kink: BDSM, Role Play and the Erotic Edge",Tristan Taormino,359.0,4.0,2012.0
849582,Pickups and Pirates (Southern Relics #3),Bella Falls,354.0,4.33333333333333,
196548,"Musashi (Musashi, #1)",Eiji Yoshikawa,924.0,4.6,
1826513,"Roots of Love: Families Change, Love Remains ebook",Sarah Asuquo,35.0,5.0,
367604,"The Adolescent (Everyman's Library, 270)",Fyodor Dostoevsky,580.0,4.0,1875.0
1524844,Marina,Carlos Ruiz Zafón,260.0,4.0,1999.0
1760136,A Very Nice Rejection Letter: Diary of a Novelist,Chris Paling,153.0,5.0,
1927324,"Viajes a Varias Remotas Naciones de la Tierra, 4 Partes",Jonathan Swift,384.0,4.0,1726.0
101474,Never Going Back (Rapid Reads),Sam Wiebe,128.0,2.0,
2095416,Piper's Plan (Clearwater Ranch #1),Alyssa Bailey,160.0,5.0,
2121653,Seven Minutes: An Erotic Short Story,Lexa Flynn,26.0,4.0,2013.0
197935,Humanism and Democratic Criticism (Columbia Themes in Philosophy),Edward W. Said,154.0,2.66666666666667,2004.0
1404161,Cosecharás tempestades (Spanish Edition),Donna Leon,312.0,3.25,2023.0
1044129,Social Engagement,Avery Carpenter Forrey,336.0,2.76470588235294,2023.0
51802,"A Dance with Dragons: Dreams and Dust (A Song of Ice and Fire, #5.1)",George R.R. Martin,624.0,4.29411764705882,2011.0
1143933,Çapaçuli,Dionis Bubani,118.0,4.0,2000.0
2461234,Forbidden Entry (Kendall O'Dell #5),Sylvia Nobel,459.0,5.0,2015.0
1635191,"Bruiser's Reckoning (Devil's Riot MC: Southeast, #7)",E.C. Land,264.0,4.875,
72904,"Reflections (Indexing, #2)",Seanan McGuire,325.0,4.25,2016.0
1700750,Depraved Obsession (Wicked Souls #2),Morgan Elliott,272.0,4.42857142857143,
2212132,Aspettando i barbari,J.M. Coetzee,198.0,4.0,1980.0
480761,Danmark før os,Rane Willerslev,350.0,4.0,
555226,Zimbabwe: Mired in Transition,Eldred V. Masunungure,346.0,2.0,2014.0
1310433,When Prayer Is a Struggle: A Practical Guide for Overcoming Obstacles in Prayer,Kevin P.  Halloran,160.0,5.0,
2601659,Texas Tales: Frontier Echoes,A.K. Vyas,136.0,5.0,
1319795,"よふかしのうた 12 [Yofukashi no Uta 12] (Call of the Night, #12)",Kotoyama,192.0,4.5,2022.0
494576,"Sasaki y Miyano, vol. 1",Shou Harusono,132.0,3.66666666666667,2016.0
36645,Sexo sem amor? (Portuguese Edition),Vi Keeland,394.0,4.5,2018.0
2335745,Kaleidoscope,Danielle Steel,,5.0,1987.0
1886139,Kopwerk: brein - ademhaling - training,Aart Vierhouten,170.0,5.0,
1763606,One Desperate Life: A gripping thriller,D.J. Maughan,254.0,4.57142857142857,
200963,"Bound to Darkness (Shadow Bound, #1)",Ciara Graves,250.0,2.8,
826483,Billionaire's Creamy Obsession,Lola Latte,21.0,5.0,2015.0
313340,Democracy in Canada: The Disintegration of Our Institutions,Donald J. Savoie,504.0,3.0,
1895838,"Effective Egoism: An Individualist's Guide to Pride, Purpose, and the Pursuit of Happiness",Don Watkins,278.0,5.0,
949288,"Wściekłość wody (Przebudzenie powietrza, #4)",Elise Kova,368.0,3.57142857142857,
351515,Flight Without End,Joseph Roth,144.0,4.6,1927.0
18813,"Ground Zero (Repairman Jack, #13)",F. Paul Wilson,366.0,4.24,2009.0
1777849,استهلاك الحياة,Zygmunt Bauman,262.0,2.0,2001.0
1557237,"Crossing the Deadly Ground: United States Army Tactics, 1865–1899",Perry D. Jamieson,248.0,4.0,1994.0
592945,"Three (Love by Numbers, #3)",E.S. Carter,,5.0,2015.0
2007563,Smoke and Shadows,Tanya Huff,406.0,5.0,2004.0
1286330,"Alice Ordered Me to Be Made: Poems, 1975",Alice Notley,63.0,5.0,1976.0
390875,Nineteen Minutes,Jodi Picoult,464.0,4.26666666666667,2007.0
998418,Love on the Line (The Seattle Mavericks #2),Nicole Cubba,489.0,4.33333333333333,
1467557,El quinto dragón,Paulina Aguilar Gutiérrez,183.0,4.0,2009.0
233327,Peter Pan (Puffin Classics),J.M. Barrie,207.0,3.94444444444444,1911.0
973964,Soy el número cuatro (FICCIÓN YA),Pittacus Lore,375.0,5.0,2010.0
1354427,Dominando o Jogo: Hacks simples para se Reinventar e Explorar a Sua Melhor Versão (Portuguese Edition),Raul Varejão,51.0,5.0,
2365338,Off Season,Jack Ketchum,320.0,3.70212765957447,1980.0
2126795,Blast off: The rise of India in Outsourcing,M.A. Arun,268.0,5.0,2014.0
474539,"Medicine, Rationality and Experience: An Anthropological Perspective (Lewis Henry Morgan Lectures)",Byron J. Good,262.0,5.0,1993.0
42748,The Adventures of Huckleberry Finn (Tor Classics),Mark Twain,320.0,4.0,1884.0
868775,Ss General (Cassell Military Paperbacks),Sven Hassel,288.0,4.04761904761905,1960.0
2012779,Chained (Roman Holiday #1),Ruthie Knox,40.0,4.0,2013.0
2354212,Bible (French Edition),Anonymous,1897.0,5.0,1611.0
1258900,The Swimmer,Joakim Zander,437.0,3.77777777777778,2013.0
1693877,Nouveaux liens ( Les filles modèles #14),Marie Potvin,332.0,5.0,
700755,The Pink Tax: Dismantling a Financial System Designed to Keep Women Broke,Janine Rogan,248.0,3.66666666666667,
1809752,Tortilla Flat,John Steinbeck,195.0,3.90322580645161,1935.0
732187,"The Dark Blood (The Long War, #2)",A.J.   Smith,500.0,3.8,2014.0
896692,Through a Dragon's Eyes (Chronicles of the Four #1),Marissa Farrar,260.0,4.5,
2261868,"Groźna Grota (Seria Niefortunnych Zdarzeń, #11)",Lemony Snicket,336.0,3.5,2004.0
2044693,Everyday Grand: Soulful Recipes for Celebrating Life's Big and Small Moments,Jocelyn Delk Adams,254.0,4.0,
2223314,The Harder They Fall,Budd Schulberg,357.0,4.44444444444444,1947.0
836093,"Pandora Hearts, Volume 7",Jun Mochizuki,192.0,4.55,2008.0
669948,"The Book of Secrets: Esoteric Societies and Holy Orders, Luminaries and Seers, Symbols and Rituals, and the Key Concepts of Occult Sciences Through the Ages and Around the World",Daniel Pineda,166.0,3.0,2011.0
783009,Railsea,China Miéville,384.0,4.08333333333333,2012.0
1077251,Warbeast (The Realmgate Wars #6),Gav Thorpe,,3.0,2016.0
1299759,O Ano Sabático,João Tordo,240.0,3.5,2012.0
387634,Please Don't Take My Sisters (A Maggie Hartley Foster Carer Story),Maggie Hartley,182.0,4.73333333333333,2019.0
58616,La Marie del porto,Georges Simenon,142.0,3.5,1938.0
1302603,"Mashle, vol. 4: Mash Burnedead y la ley de la selva",Hajime Komoto,208.0,5.0,2021.0
2430791,Teaching Machines: The History of Personalized Learning,Audrey Watters,316.0,3.5,2021.0
1476755,Moomin et la grande inondation (French Edition),Tove Jansson,55.0,3.0,1945.0
1733193,El ultimo espía,Pablo De Santis,72.0,5.0,1992.0
978888,The Comical Saga,Mayuresh Pokharankar,148.0,4.0,2010.0
908803,The Chain,Adrian McKinty,397.0,4.33333333333333,2019.0
2028676,Minecraft: The Lost Journals: An Official Minecraft Novel,Mur Lafferty,253.0,4.0,2019.0
2152943,Yellow Green Beret: Stories of an Asian-American Stumbling Around U.S. Army Special Forces,Chester Wong,331.0,5.0,2011.0
511137,Eve w Hollywood,Eve Babitz,318.0,4.0,1974.0
2213699,Lewis Carroll's Alice's Adventures in Wonderland with Artwork by Yayoi Kusama,Lewis Carroll,192.0,4.33333333333333,1865.0
459186,Petualangan Alice: Alice di Negeri Ajaib & Alice Menembus Cermin,Lewis Carroll,288.0,3.0,1871.0
2293329,Romani Blood: The Complete Series,Frances Trilone,1235.0,5.0,
2262674,Iphigenia At Aulis (Classical Dramatists),Euripides,80.0,5.0,-405.0
133697,A Fuga da Rapariga Alemã,Lily Graham,,5.0,2021.0
2103702,Death at St Paul's Cathedral (London Cosy Mysteries #5),Rachel McLean,273.0,4.42857142857143,
2465473,Alien - Alien 3: The Unproduced Screenplay by William Gibson,Pat Cadigan,369.0,4.0,2021.0
605023,Garfield Pocket 4,Jim Davis,,5.0,
2554117,The Stand,Stephen        King,,4.0,1978.0
2565786,Historia personal del «boom»,José Donoso,233.0,4.4,1972.0
348010,Softball Baby (Little League),Chrissy Wissler,22.0,4.0,2012.0
190095,The Cluetrain Manifesto: The End of Business as Usual,Rick Levine,321.0,5.0,2000.0
283874,"Fracture (The Chronicles of Discord, #1)",D.D. Chant,369.0,4.0,2013.0
729967,Apocalipsis: Casos Perdidos (Stephen King's The Stand - Graphic Novel series #4),Roberto Aguirre-Sacasa,164.0,4.0,2010.0
290205,Jesus of Nazareth: A Realistic Portrait,Paul Verhoeven,,4.0,2008.0
1906779,Happiness Is Possible,Oleg Zaionchkovsky,303.0,4.0,2009.0
2115855,கறுப்பு வெள்ளைக் கடவுள் (Karuppu Vellai Kadavul),Devibharathi,260.0,4.0,
340106,Paisaje sobre la seda,Isolda Dosamantes,77.0,2.0,
1000446,O Ensaio no Cinema: Formação de um Quarto Domínio das Imagens na Cultura Audiovisual Contemporânea,Francisco Elinaldo Teixeira,404.0,4.0,2015.0
86539,"Treason Keep (Hythrun Chronicles: Demon Child Trilogy, #2)",Jennifer Fallon,496.0,5.0,2001.0
582954,Dirty Vegan: Proper Banging Vegan Food,Matt Pritchard,326.0,3.0,
2060418,It Happened at Christmas: a spicy Regency Christmas standalone romance (Headstrong Heroines Standalone books),Sandra Sookoo,208.0,5.0,
704922,Life of Muhammed,Muhammed Haykal,737.0,4.0,2005.0
2320623,"Requiem: The Fall of the Templars (Brethren Trilogy, #3)",Robyn Young,658.0,4.5,2008.0
2505106,"Oprah, Miracles, and the New Earth: A Critique",Erwin W. Lutzer,109.0,3.0,2008.0
539328,Paradiisi kaotades. Miks meie meeled vajavad loodust,Lucy   Jones,304.0,4.33333333333333,2020.0
808482,The Healing Spell,Kimberley Griffiths Little,368.0,4.15384615384615,2010.0
1347880,Stepbrother Studs: Dustin,Selena Kitt,52.0,5.0,2015.0
2550870,Alaric the Goth: An Outsider's History of the Fall of Rome,Douglas Boin,269.0,4.0,2020.0
1826047,Meidän ja muiden vihreä kirja,Mary Hoffman,35.0,4.0,2015.0
616170,The Thousand Dollar Man (Colt Ryder #1),J.T. Brannan,236.0,4.33333333333333,2015.0
2568318,Jesus Esta Ao Seu Lado (Em Portugues do Brasil),Sarah  Young,0.0,3.0,
463579,"Head, Shoulders, Knees, And Toes",Mike Wohnoutka,0.0,3.5,2009.0
86660,"On Her Majesty's Secret Service (James Bond, #11)",Ian Fleming,258.0,4.5,1963.0
1997284,Nas Montanhas da Loucura (Grandes Clássicos do Terror) (Portuguese Edition),H.P. Lovecraft,168.0,3.0,1931.0
318120,Super Not Inspiring Book,Marco Ivanos,,3.5,2016.0
1280495,"Before Midnight (Blood Prince, #1)",Jennifer Blackstream,189.0,5.0,2013.0
457349,The Art Merchant (Detective Esther Penman #1),J.K. Flynn,285.0,4.11764705882353,
316846,Emotional Intelligence: Managing Emotions to Make a Positive Impact on Your Life and Career,Gill Hasson,208.0,3.44444444444444,2014.0
881822,With You (Rocked in Love #1),Jessica Marlowe,356.0,3.66666666666667,
1444764,The Silver City Bride (The Marshals Mail Order Brides #3),Cynthia Woolf,204.0,4.0,2021.0
1667556,Eleanor și Park,Rainbow Rowell,364.0,4.0,2012.0
1340903,Al otro lado del bosque,Juan Mata,104.0,4.0,
944729,Which One Dies Today: Murder in Memphis,James C. Paavola,360.0,3.0,2012.0
358953,Goosebumps. Castelo dos Horrores - Volume 2: A Noite em Que o Mundo Cresceu,R.L. Stine,,4.0,2011.0
1863754,访问：十五个有想法的书人,梁文道,272.0,4.0,
1167953,U.S. National Parks Travel Guide: Discover Some of America's Loneliest Treasures and Surrounding Areas: 7 Wonderous Destinations for Empty Nesters to Explore & Enjoy,Beatrix Zia,176.0,5.0,
829980,Caught by Cupid,Bianca D'Arc,260.0,4.0,
1419812,Spooky Business (Jane Garbo #1),Addison Creek,213.0,3.78571428571429,2017.0
977846,The Contract,Gerald Seymour,336.0,5.0,1980.0
1238291,ألبير كامو,Germaine Brée,303.0,3.0,1959.0
2517865,Shut Out: The Game That Did Not Love Me Black,Bernie Saunders,352.0,5.0,
1451689,But the Girl,Jessica Zhan Mei Yu,0.0,3.0,2024.0
955912,The Dark Room,Rachel Seiffert,288.0,3.5,2001.0
1954497,Ladra,Lucie Bryon,208.0,4.0,2022.0
1922475,"Vương Triều Sụp Đổ (Bão Táp Triều Trần, #6)",Hoàng Quốc Hải,578.0,5.0,2003.0
673628,Beneath Another Sky: A Global Journey into History and Memory,Norman Davies,848.0,4.0,2017.0
1833925,Diane Abbott: The Authorised Biography,Samara Linton,706.0,3.0,
415880,The Glass Bead Game,Hermann Hesse,530.0,4.0,1943.0
2336717,"Go, Go, Pirate Boat (New Nursery Rhymes)",Katrina Charman,24.0,5.0,
56651,"Sewer, Gas and Electric: The Public Works Trilogy",Matt Ruff,464.0,4.20833333333333,1994.0
1322306,The Powow River Poets Anthology II,Paulette Demers Turco,172.0,5.0,
1366656,All of Nothing,Vania Rheault,298.0,5.0,
1909071,"Gertie, The Darling Duck of WWII",Shari Swanson,40.0,4.5,2023.0
366348,Flags of Our Fathers,James D. Bradley,400.0,4.72727272727273,2000.0
1404941,Boku wa Kimi no Shiro,Mitsuo Shimokitazawa,,2.0,
1078959,"Finn (Dirty Misfits MC, #6)",Savannah Rylan,155.0,4.0,
947766,"Ready, Set, Bake",Sienna Waters,231.0,4.5,
1560229,Abis,Aslı Tohumcu,112.0,3.0,2003.0
1438262,Manuale del guerriero della luce,Paulo Coelho,160.0,3.70588235294118,1997.0
1341435,Crea el Proyecto de tu Vida: El Marketing Creativo de Ti Mismo (Spanish Edition),Ruben Treviño,334.0,4.0,2014.0
762427,"The Secrets of Sir Richard Kenworthy (Smythe-Smith Quartet, #4)",Julia Quinn,378.0,3.55607476635514,2015.0
748822,"The Spine of the World (Forgotten Realms: Paths of Darkness, #2; Legend of Drizzt, #12)",R.A. Salvatore,416.0,4.09022556390977,1999.0
2582872,La Ciudad Perdida,John Gunther,559.0,3.0,1964.0
2165675,At the Boss's Command,Darcy Maguire,0.0,2.0,2010.0
77159,May et Chance (French Edition),Jim Fergus,296.0,3.0,
208841,"Their Viscountess (Theirs, #5)",Jess Michaels,123.0,4.0,
2242273,Si tan solo pudiera decírtelo,Hannah Beckerman,384.0,4.0,2019.0
2272100,El gabinete de curiosidades del Dr. Zagal (Spanish Edition),Pablo Alarcón,270.0,5.0,
216714,The Book of Foolish Machinery,Donna Lugg Pape,32.0,5.0,1988.0
1913414,The Abu Dhabi Bar Mitzvah: Fear and Love in the Modern Middle East,Adam Valen Levinson,348.0,3.5,
764057,The Mistletoe Promise,Aria Grace,164.0,4.5,2018.0
1057553,"An Inconvenient Affair (The Alpha Brotherhood, #1)",Catherine Mann,192.0,5.0,2012.0
2215139,أخلاق الطبيب: رسالة لأبي بكر محمد بن زكريا الرازي إلى بعض تلاميذه,أبو بكر الرازي,,3.0,1977.0
2527136,"BARATANAC: Book One of Fitzmarbury Witches (Combined Ebook Parts I,II, & III)",D.J. Swales,722.0,5.0,
1200745,Winston Churchill: The political career of the greatest Briton,Kurt Thomas,144.0,4.0,
1650384,Nightwing: The Joker War,Dan Jurgens,247.0,5.0,2021.0
1054311,L'Encyclopédie du Baraki,Philippe Genion,180.0,2.0,2017.0
1548959,"Love Tough: The Truth about You, Your Relationship, What Doesn't Work, and How You Can Change It",Gary John Bishop,208.0,3.66666666666667,2022.0
2830,"From Hill Town to Strieby: Education and the American Missionary Association in the Uwharrie “Back Country” of Randolph County, North Carolina",Margo Lee Williams,452.0,5.0,
1643930,Legion (The Horus Heresy #7),Dan Abnett,416.0,5.0,2008.0
1614405,Terrorbyte: book two of the Byte Series,Cat Connor,359.0,5.0,2009.0
1447984,Tyger,S.F. Said,304.0,4.0,2022.0
2309078,Jeffrey Dahmer,Joel Norris,293.0,3.5,1992.0
1362255,Why Love Matters,Jay Northcote,55.0,4.0,2016.0
614262,The Dark Heart (Dinah Harris Mysteries #4),Julie Cave,280.0,5.0,
1124270,"Tin Swift (Age of Steam, #2)",Devon Monk,369.0,4.27272727272727,2012.0
2189647,"House Revenge (Joe DeMarco, #11)",Mike Lawson,276.0,3.5,2016.0
1518327,An Astrological Guide for Broken Hearts,Silvia Zucca,281.0,3.0,2015.0
2178277,"Stay with Me (A Misty River Romance, #1)",Becky Wade,392.0,4.05714285714286,2020.0
949919,Em and The Big Hoom,Jerry Pinto,240.0,4.21487603305785,2012.0
2581355,"Abyssal Planes (Creation's Bane, #4)",Kevin Sinclair,727.0,5.0,
1417223,"Biri, Hiçbiri, Binlercesi",Luigi Pirandello,167.0,4.18181818181818,1925.0
1887309,Hotel Vendome,Danielle Steel,338.0,4.66666666666667,2011.0
1317247,My Mom's Wedding,Eve Bunting,32.0,4.0,2006.0
973387,"Amore significa... nessuna vergogna (Farm, #1)",Andrew  Grey,241.0,3.0,2009.0
1252049,"Haunted by Combat: Understanding PTSD in War Veterans Including Women, Reservists, and Those Coming Back from Iraq (Praeger Security International)",Daryl S. Paulson,200.0,2.5,2000.0
1381878,Jeeves and Wooster in New York,P.G. Wodehouse,,4.0,1995.0
1131049,Стеллар. Мятежник (Стеллар #4),Роман Прокофьев,324.0,4.0,
1457983,"Generation X Epic Collection, Vol. 3: The Secret of M",Scott Lobdell,480.0,4.0,2023.0
1345744,مغامرة المنزل ذي الأسقف المحدّبة الثلاثة,Arthur Conan Doyle,26.0,2.5,1926.0
1802871,Sometimes He Buys Me Grapes: Song and Dance of Life,Regina Gale,200.0,5.0,
524719,The View From Prince Street: The Union Street Bakery Series (Book 4),Mary Ellen Taylor,357.0,4.3,2016.0
658680,Treffen sich zwei,Iris Hanika,238.0,4.0,2008.0
1892619,The Underground City,Jules Verne,129.0,3.0,1877.0
1478815,The Boy on the Wooden Box: How the Impossible Became Possible . . . on Schindler's List (No Series),Leon Leyson,256.0,4.46153846153846,2013.0
2315108,Painful But Fabulous: The Life and Art of Genesis P-Orridge,Douglas Rushkoff,225.0,5.0,2003.0
2320198,The Stain,Harry Kraus,432.0,5.0,1997.0
206995,Lady Kitty's fortuinlijke zoektocht,Sophie Irwin,336.0,3.66666666666667,2022.0
976304,"Love and Heart, Vol. 9",Chitose Kaidō,162.0,4.0,2022.0
628738,Deadly Doses: A Writer's Guide to Poisons,Serita Stevens,298.0,4.4,1990.0
915040,Kersfeeswonderwerk (Afrikaans Edition),Elsa Winckler,132.0,5.0,
2262438,Hallelujah!: The Extraordinary Story of Shaun Ryder and Happy Mondays,John Warburton,264.0,4.0,2000.0
636297,Under the Vale and Other Tales of Valdemar,Mercedes Lackey,355.0,3.66666666666667,2011.0
1983785,The Wonderling,Mira Bartok,464.0,4.66666666666667,2017.0
532739,Good Eats Boxed Set (The Early Years & The Middle Years),Brown Alton,796.0,4.5,2010.0
1859466,Country Mage 7,Jack  Bryce,454.0,5.0,
491669,Seumpama Matahari,Arafat Nur,144.0,4.5,2017.0
2084205,Courtepointe,Theresa Kishkan,216.0,4.0,2015.0
512581,Transformers Vol. 6: War’s End (Transformers (2019-2022)),Brian Ruckley,321.0,5.0,
1914278,Becoming Steve Jobs: The Evolution of a Reckless Upstart into a Visionary Leader,Brent Schlender,480.0,4.0,2015.0
1227393,Wayward Winds (The Secrets of Heathersleigh Hall Book #2),Michael R. Phillips,432.0,4.0,1999.0
2228382,Saturn Return Survival Guide: Navigating This Cosmic Rite of Passage,Lisa Stardust,175.0,2.0,
802103,An American Holocaust: The Story of Lataine's Ring,Kerry L. Barger,201.0,4.6,2011.0
2168260,"Star Wars: Legacy, Volume 9: Monster",John Ostrander,128.0,4.14285714285714,2010.0
2041442,Revenge of the Angels (The Brewster Triplets #2),Jennifer Ziegler,261.0,5.0,2015.0
1607438,"Salt fat acid heat [hardcover], medic food for life, 5 simple ingredients slow cooker, tasty and healthy 4 books collection set",Samin Nosrat,,5.0,
1599996,A Deal with the Devil (International Bad Boys #7),Louisa George,66.0,4.0,2015.0
28998,Mappe mentali,Tony Buzan,318.0,4.0,
177535,Persuasión,Jane Austen,241.0,3.75,1817.0
102669,"Mostly Harmless (Hitchhiker's Guide, #5)",Douglas Adams,218.0,3.63636363636364,1992.0
1772770,Knowing the Living God,Paul David Washer,288.0,4.0,
1012465,The Ripple Effect (Rhiannon's Law #3),J.A. Saare,216.0,4.0,
1942604,Kus mets kohtub tähtedega,Glendy Vanderah,352.0,4.0,2019.0
858318,"The Copper Promise (The Copper Cat, #1)",Jen Williams,544.0,4.16666666666667,2014.0
463231,Tending the Heart of Virtue: How Classic Stories Awaken a Child's Moral Imagination,Vigen Guroian,208.0,4.375,1998.0
1221872,"War Horse (War Horse, #1)",Michael Morpurgo,176.0,4.36666666666667,1982.0
1596788,Another Country: Navigating the Emotional Terrain of Our Elders,Mary Pipher,352.0,4.0,1999.0
1037240,Discorso sul metodo,René Descartes,282.0,3.5,1637.0
382006,Accidental Romance,Jessica E. Subject,45.0,2.5,2013.0
2381709,"Détective Conan, Tome 65",Gosho Aoyama,181.0,5.0,2009.0
1264804,"Brian's Hunt (Brian's Saga, #5)",Gary Paulsen,,3.0,2003.0
256161,The Circle (Shape of Love #3),Johnathan  McClain,342.0,5.0,
2247660,또다시 같은 꿈을 꾸었어,Yoru Sumino,292.0,5.0,2016.0
1073311,"Raphael, Painter in Rome",Stephanie Storey,373.0,4.0,2020.0
1272714,"The School Skeleton (A to Z Mysteries, #19)",Ron Roy,96.0,4.0,2003.0
376780,Plyniem ako rieka,Shelley Read,336.0,4.33333333333333,2023.0
1818363,Il contratto proibito (La serata proibita #4),Charlotte Byrd,302.0,2.0,
2234731,Su peor pesadilla,Andrea Mara,416.0,3.57142857142857,2021.0
2236253,"The Incorrigible Courtesan (When the Wallflowers Were Wicked, #2)",Merry Farmer,140.0,5.0,
1321903,The Legendary Duke (Put Up Your Dukes #2),Margaret Locke,430.0,3.0,2018.0
2494216,Seven Deadly Sins - Original Sin,Nakaba Suzuki,192.0,2.0,2018.0
1097744,El corazón del océano,Elvira Menéndez,608.0,4.0,2010.0
1255557,Liaigre 12 Projects,Christian Liaigre,362.0,4.0,2015.0
2092332,The Wallflower Dares the Duke (Wagers and Wallflowers #18),Alyssa Clarke,191.0,4.83333333333333,
1370563,The Self Health Revolution,J. Michael Zenn,,4.0,2009.0
1247687,Argue Abortion and Other Reproductive Issues Like a Doc,Nicole    Ryan,199.0,3.0,
973719,Profiles in Courage,John F. Kennedy,0.0,3.0,1955.0
78971,Basquiat: Art Masters Series,Julian Voloj,136.0,3.0,2019.0
2290596,Find Your Voice: The Secret to Talking with Confidence in Any Situation,Caroline Goyder,231.0,4.0,
2113857,Danske Digte,Flere forfattere,73.0,4.0,
990952,Rage Against the Dying,Becky Masterman,320.0,4.0,2012.0
1285661,If Tomorrow Never Comes,Marlo Schalesky,352.0,3.0,2009.0
177870,You Are the Placebo Meditation 2: Changing One Belief and Perception,Joe Dispenza,1.0,5.0,2014.0
1430732,Crackback,John Coy,208.0,4.0,2005.0
2240896,Surprise & Serendipity: A Pride & Prejudice Variation,Sydney Salier,147.0,5.0,
1105027,Her Christmas Billionaire,Emily  Stewart,819.0,4.16666666666667,
1057589,Finding Your Own Way: The Discipline of Transcendence,Osho,296.0,5.0,1978.0
705217,Koninginnenrit,Liza van Sambeek,286.0,3.5,2008.0
2296099,The Passing of the Armies: An Account Of The Final Campaign Of The Army Of The Potomac,Joshua Lawrence Chamberlain,301.0,4.0,1914.0
1681128,Anatomy of a Song: The Inside Stories Behind 45 Iconic Hits,Marc Myers,336.0,4.0,2016.0
2346317,Open Source Intelligence Techniques: Resources for Searching and Analyzing Online Information,Michael Bazzell,328.0,4.0,2012.0
511882,Better Than I Found It: Stories of Patient Experience and Healthcare Leadership,Katherine Kalthoff,292.0,4.0,
138299,"Sport (Griechenland): Badminton in Griechenland, Basketball in Griechenland, Eishockey in Griechenland, Fussball in Griechenland",Quelle Wikipedia,,5.0,
1445628,"El segundo libro de los sueños (Silber, #2)",Kerstin Gier,312.0,4.0,2014.0
2445569,Regression Analysis: An Intuitive Guide for Using and Interpreting Linear Models,Jim Frost,336.0,5.0,
643643,The Iron Age,Arja Kajermo,128.0,5.0,
1819863,Thrift Store Saints: Meeting Jesus 25¢ at a Time,Jane F. Knuth,176.0,5.0,2010.0
1951913,Tyrannosaurus Rex Versus the Corduroy Kid,Simon Armitage,112.0,4.0,2006.0
1613606,House on Plunkett Street,Lorena Bathey,207.0,4.0,2011.0
1636519,Islands in the stream (poetry),Sonal  Singh,84.0,5.0,
766696,"Rush Delivery (Magic Parcel Service, #2)",Chris  Coleman,295.0,4.0,
2563668,"The Living Shadow (The Shadow, #1)",Walter B. Gibson,172.0,5.0,1931.0
2300253,Libero chi legge,Fernanda Pivano,326.0,5.0,2010.0
2044515,"Dzieci czasu (Dzieci czasu, #1)",Adrian Tchaikovsky,688.0,5.0,2015.0
1637355,Women's Complete Guide to Running,Jeff Galloway,232.0,3.0,2007.0
1470900,محاسبة النفس وبناء الذات عند أمير المؤمنين عليه السلام,جاسم المشرف,288.0,3.66666666666667,
83358,My Friend Anne Frank: The Inspiring and Heartbreaking True Story of Best Friends Torn Apart and Reunited Against All Odds,Hannah Pick-Goslar,0.0,4.83333333333333,2023.0
2486969,"Good Men And True, And Hit The Line Hard",Eugene Manlove Rhodes,324.0,4.0,1910.0
130854,Soul Legacy (The Windhaven Witches #2),Carissa Andrews,,3.5,2002.0
2471600,The Brain That Changes Itself: Stories of Personal Triumph from the Frontiers of Brain Science,Norman Doidge MD,370.0,4.625,2007.0
2552367,Stronger Than You Know,Jolene Perry,261.0,4.0,2014.0
428582,Asesinato para principiantes,Holly  Jackson,448.0,5.0,2019.0
1639695,Landscape as a Cabinet of Curiosities. In Search of a Position,Günther Vogt,228.0,4.0,2014.0
2515301,Tales of Fear and Darkness,Vanessa Golnik,380.0,3.0,
250494,The Gathering Table,Kathryn Springer,368.0,3.83333333333333,
61029,Comporre l'architettura,Franco Purini,192.0,4.0,2000.0
374840,Entre farsas e beijos: Os prós e contras de fingir um namoro com o ex (Portuguese Edition),Caroline Dias,266.0,4.0,
657335,Teresa Filósofa,Unknown,160.0,3.66666666666667,1748.0
613868,Betrayed Honor (Ivanov Crime Family #3),Zoe Blake,280.0,4.44444444444444,2021.0
1230410,Package Design Now!,Gisela Kozak,414.0,5.0,
632119,Wastewater Treatment Fundamentals I: Liquid Treatment,Water Environment Federation,752.0,4.0,
2064651,"How to Love (San Amaro Singles, #2)",Kelly Jamieson,298.0,4.5,2013.0
1212296,The Tether,Carl Phillips,96.0,5.0,2001.0
933578,"A History of the Takarazuka Revue Since 1914: Modernity, Girls' Culture, Japan Pop",Makiko Yamanashi,248.0,5.0,2011.0
591106,House of M Omnibus,Brian Michael Bendis,1368.0,4.0,2006.0
1732760,Preservation and Place: Historic Preservation by and of LGBTQ Communities in the United States,Katherine Crawford-Lackey,378.0,4.0,
2508565,Discourses,Meher Baba,433.0,5.0,1975.0
1890968,"The Dare (Fear Street, #21)",R.L. Stine,149.0,3.39285714285714,1994.0
1200846,"Hareketli Resimler (Discworld, #10)",Terry Pratchett,392.0,3.0,1990.0
1414281,Barefoot on Holy Ground: Twelve Lessons in Spiritual Craftsmanship,Gloria Karpinski,496.0,5.0,2001.0
1181782,Gremlins 2: The New Batch,David Bischoff,225.0,4.0,1990.0
2178590,Düşün ve Zengin Ol,Napoleon Hill,226.0,4.25,1937.0
2441438,The Native's Return: An American Immigrant Visits Yugoslavia and Discovers His Old Country,Louis Adamic,400.0,3.0,1934.0
1655883,Onyx Shadows (Catnip & Cauldrons #2),Autumn Jones Lake,175.0,5.0,
2204587,"A Lesson in Love and Murder (Herringford and Watts Mysteries, #2)",Rachel McMillan,217.0,4.0,2016.0
2229136,Flame into Being: The Life and Work of D H Lawrence,Anthony Burgess,256.0,5.0,1985.0
2259815,7: Sette e manipolazione mentale,Marco Marzari,161.0,5.0,
1385245,How to Write a Great Query Letter: Insider Tips & Techniques for Success,Noah Lukeman,0.0,4.0,2007.0
1965775,Grace and Incarnation: The Oxford Movement’s Shaping of the Character of Modern Anglicanism,Bruce D. Griffith,216.0,4.0,
539560,Understanding Research,W. Lawrence Neuman,383.0,5.0,2008.0
2268700,VR-Nica,M.C. Questgend,102.0,4.0,
952549,Road Harvest,Brian Bowyer,111.0,3.0,
215286,"Les hommes viennent de Mars, les femmes viennent de Vénus : Connaître nos différences pour mieux nous comprendre",John  Gray,235.0,5.0,1992.0
2201752,45 татуювань менеджера,Максим Батирєв,304.0,5.0,
2050424,Fantazius Mallare: A Mysterious Oath (With Introduction and Chapter Summaries),Ben Hecht,168.0,5.0,
2508022,Bogeyman - He Was Every Parent's Nightmare,Steve    Jackson,248.0,4.6,2014.0
1955021,"Only Vampires Cry Blood (Alexa O'Brien, Huntress, #3)",Trina M. Lee,,3.0,2010.0
1409513,"The Roman Empire and the Silk Routes: The Ancient World Economy & the Empires of Parthia, Central Asia & Han China",Raoul McLaughlin,282.0,4.0,2016.0
2490776,Circles in the Spiral: a Novel,Shane Joseph,153.0,3.0,2020.0
2489516,"Loves Me, Loves Me Not",Libby Malin,312.0,2.0,2005.0
2155897,Welcome to the Ark,Stephanie S. Tolan,250.0,2.0,1996.0
1655557,The Life of the Virgin,Maximus the Confessor,232.0,5.0,650.0
1980324,Far Out,Paula Guran,432.0,4.0,2016.0
894109,Un diamante ruso,Christine     Cross,396.0,4.0,2021.0
1579508,"Explorando a Lua (As Aventuras de Tintim, #17)",Hergé,64.0,4.0,1953.0
2285941,Thriving Youth Groups: Secrets for Growing Your Ministry,Jeanne Mayo,143.0,4.0,2004.0
275673,Wild Sweet Notes II: More Great Poetry From West Virginia,Ace Boggess,234.0,5.0,2005.0
2431675,"Death's door, the pursuit of a legend; a part of the history of Washington Island (The Island series)",Conan Bryant Eaton,35.0,5.0,
1878728,"The Confidence Solution: Reinvent Yourself, Explode Your Business, Skyrocket Your Income",Keith Johnson,352.0,4.0,2011.0
159707,تعقيبات على الاستشراق,Edward W. Said,160.0,5.0,
1491786,Poor Boy Road (Jake Caldwell #1),James L. Weaver,272.0,5.0,2016.0
2275637,The Art of Photoshop,Daniel Giordan,288.0,5.0,2002.0
2062070,The Mother of All Degrassi: A Memoir,Linda Schuyler,1.0,3.0,2022.0
2483905,"A Tale of Beauty and Beast: A Retelling of Beauty and the Beast (Beyond the Four Kingdoms, #2)",Melanie Cellier,296.0,5.0,2017.0
436801,The Road To Vanador: A Travelogue (The Spellmonger #10.5),Terry Mancour,452.0,5.0,2019.0
1374057,"What Set Me Free (The Story That Inspired the Major Motion Picture Brian Banks): A True Story of Wrongful Conviction, a Dream Deferred, and a Man Redeemed",Brian Banks,320.0,4.6,2019.0
1274875,Bingo!,Clark Accord,136.0,2.75,2007.0
1528204,The Butterfly Plague,Timothy Findley,,5.0,1969.0
942431,"Night Sins (Deer Lake, #1)",Tami Hoag,560.0,4.0,1995.0
706847,The Bloody Road to Death,Sven Hassel,316.0,3.95,
374379,"Hip Pressure Cooking: Fast, Fresh, and Flavorful",Laura Pazzaglia,304.0,4.0,2014.0
1977823,1988：我想和这个世界谈谈,韩寒,197.0,5.0,2010.0
590764,Performing Asian America: Race and Ethnicity on the Contemporary Stage (Asian American History & Cultu),Josephine Lee,241.0,5.0,1997.0
1669551,Dying Tigers: A Strange Love Story,Scaylen Renvac,211.0,4.0,
746605,What I Don't Know Might Hurt Me (Dear Dumb Diary Year Two #4),Jim Benton,144.0,4.08333333333333,
915283,Dragon Prince of New York: A Forbidden Love Dragon Shifter Romance (Dragons of New York Book 2),Thea Masen,282.0,4.2,
403122,Penki elementai,Dondi Dahlin,304.0,3.0,
2118290,The Outposter,Gordon R. Dickson,187.0,4.0,1972.0
861009,The Mysterious Affair at Styles (Hercule Poirot #1),Agatha Christie,298.0,3.5,1920.0
1216192,"Love You to Death (Charlie D Mystery, 1)",Gail Bowen,128.0,4.0,2010.0
2420579,The Forgotten Trinity: Recovering the Heart of Christian Belief,James R.  White,,5.0,1998.0
2481563,Son of a Witch,M.Z. Andrews,277.0,5.0,2016.0
825595,Why Do We Feel Lonely at Church? (TGC Hard Questions),Jeremy Linneman,80.0,4.0,
816130,The Way of Integrity: Finding the path to your true self,Martha Beck,352.0,5.0,2021.0
1817488,Blitzcat,Robert Westall,240.0,5.0,1989.0
1373434,Pressure-Free Parenting: The Ten-Second Solution to Less Stress and Anxiety for High-Achieving Families,Elle Ingalls,131.0,5.0,
673862,Children Make Terrible Pets,Peter  Brown,40.0,4.42268041237113,2010.0
1155775,Boots and the Bandit (Holiday Pet Sleuth Series),Jean Kincaid,72.0,5.0,2022.0
1811374,Mistress Of The Sun,Sandra Gulland,608.0,3.0,2008.0
557114,"A Certain Justice (Adam Dalgliesh, #10)",P.D. James,595.0,4.25,1997.0
1278137,Nosotras que nos queremos tanto,Marcela Serrano,295.0,5.0,1991.0
2271047,Managing a Public Relations Firm for Growth and Profit,Alvin Croft,322.0,3.0,2006.0
2070339,Fališ mi,Mani Gotovac,530.0,4.0,2013.0
2216848,Backfire (Stillwind #3) (Fire #3),Mia Smantz,361.0,4.33333333333333,
1746339,A Comedy of Terrors (Flavia Albia Mystery #9),Lindsey Davis,336.0,4.33333333333333,2021.0
482455,"Critical Fabulations: Reworking the Methods and Margins of Design (Design Thinking, Design Theory)",Daniela K. Rosner,212.0,4.0,2018.0
2002345,Itinerary: Murder: Book One: World Adventure Cruise Line Cozy Mysteries (Adventurer Cruise Line Cozy Mysteries 1),Lizzie Josephson,97.0,5.0,
1455749,"Off the Path (Beyond the Merillian, #3)",Courtney Leigh,187.0,5.0,
240905,"The Year of Disappearances (Ethical Vampire, #2)",Susan Hubbard,304.0,3.75,2008.0
2526615,NEW-The Iliad (trans: Fagles),Homer,683.0,4.0,
186,Jane Eyre,Charlotte Brontë,586.0,3.0,1847.0
646846,Lo que he aprendido en la vida (Spanish Edition),Oprah Winfrey,196.0,3.8,2014.0
551389,Only One Cure (FBI and CDC Medical Thriller #2),Jenifer Ruff,253.0,4.52173913043478,2020.0
2052182,Bacchus and Me: Adventures in the Wine Cellar,Jay McInerney,304.0,3.8,2000.0
1773469,The Vows of Silence (Simon Serailler #4),Susan         Hill,336.0,3.0,2008.0
1136673,الحاكم لصاً,محمد عباس,216.0,4.5,1989.0
2457002,James Potter and The Bolt of Ages,L. Wilt,198.0,3.8,2010.0
2253399,Four Plays By Eugene O'Neill,Eugene O'Neill,336.0,4.0,1998.0
2559274,Voyagers: The Settlement of the Pacific,Nicholas Thomas,224.0,4.0,
1597229,Wrath (The Deadliest Sin #1),Gwyn McNamee,101.0,4.4,2017.0
2548272,Knowing Siamese Cats: THE SIAMESE CAT & KITTEN ESSENTIAL GUIDE.,Sophia Harris,83.0,5.0,2013.0
934867,El evangelio de la gracia de dios (Spanish Edition),Chapel Library,242.0,5.0,2014.0
108956,"All the Birds, Singing",Evie Wyld,202.0,1.85714285714286,2013.0
846512,A Royal Duty,Paul Burrell,455.0,3.0,2000.0
528982,Seneca Falls,Jesse J.  Thoma,264.0,4.0,2014.0
528112,India In Slow Motion,Mark Tully,,3.77777777777778,2002.0
1175013,The Colossus,SylviaPlath,,5.0,
2448789,Dealing With Pricks... : Memoirs of a Manky Panky,Sarah Joan,180.0,5.0,
1597445,The Protestant Ethnic and the Spirit of Capitalism,Rey Chow,237.0,5.0,2002.0
1077146,Class of 88: The True Acid House Experience,Wayne Anthony,,4.0,1998.0
368262,"From Wine to Water (Angels & Outlaws, #1)",Carolyn Brown,193.0,4.66666666666667,2010.0
1073498,"The Tonkin Protocol (Dan Roy, #3)",Mick Bose,349.0,4.25,2017.0
2018708,"Buddha, Me, and a Cup of Tea: Finding Your True Zen",Adam Prockstem Smith,35.0,2.0,
998460,When I Was Puerto Rican,Esmeralda Santiago,270.0,3.5,1993.0
550450,The Photoshop Cs Book for Digital Photographers,Scott Kelby,375.0,5.0,2003.0
1781516,"Cavalcade (Pinkerton Mysteries, #3)",Walter Satterthwait,368.0,4.5,2005.0
1621512,"Diary of a Minecraft Steve: Books 10 thru 12: (Unofficial Minecraft Book)(Minecraft Books,Minecraft Secrets,Minecraft Comics,Minecraft Diary,Minecraft ... (Diary of a Minecraft Steve Bundle Book 4)",Luna Lily,91.0,5.0,2015.0
669270,Śpiąc w płomieniu,Jonathan Carroll,246.0,4.0,1988.0
265301,"Heaven's Keep (Cork O'Connor, #9)",William Kent Krueger,337.0,4.42857142857143,2009.0
1865507,"Chain of Iron (The Last Hours, #2)",Cassandra Clare,592.0,4.0,2021.0
453497,The Second Coming of Christ: The Resurrection of the Christ Within You 2 Volume Set,Paramahansa Yogananda,1688.0,3.0,1980.0
2089573,"Bite The Big One! (The Full Monty, #1)",Sharon Karaa,284.0,4.5,2014.0
2149318,Bajo el cielo púrpura de Roma: Pasión,Alessandra Neymar,582.0,4.2,2012.0
2244465,Quarterback's Heart,Isla Jordan,37.0,5.0,
2453824,ワーニャ伯父さん ——田園生活の情景　四幕——,Anton Chekhov,91.0,3.0,1897.0
106882,Wycliffe's Wild-Goose Chase,W.J. Burley,208.0,4.0,1982.0
593779,L'equazione della felicità: Costruisci la tua strada verso la gioia (Italian Edition),Mo Gawdat,367.0,4.0,2017.0
156745,Veil: The Secret Wars of the CIA 1981-1987,Bob Woodward,850.0,4.0,1987.0
641417,Dungeon Crawl (The Crucible Shard #1),Skyler Grant,201.0,4.25,
2335147,"Klan (Hraju, abych žil, #2)",D. Rus,319.0,4.0,2013.0
637273,Britain in Afghanistan: The First Afghan War 1839-42 (1),Archibald Forbes,164.0,4.0,2007.0
656855,The Giant Diamond Robbery,Geronimo Stilton,128.0,4.10714285714286,2008.0
430464,സർവീസ് സ്റ്റോറി : എന്റെ ഐഎഎസ് ദിനങ്ങൾ [Service Story Ente IAS Dinangal],Malayattoor Ramakrishnan,330.0,3.5,2013.0
1333424,Neirad,Eduardo Verdurmen,402.0,3.5,2010.0
2132619,"[A Midsummer Night's Dream] (By: William Shakespeare) [published: February, 2004]",William Shakespeare,0.0,5.0,1595.0
1991859,Los secretos de la personalidad encantadora (Spanish Edition),Maria Cecilia Betancur,203.0,4.0,
1908969,Vercoquin et le plancton,Boris Vian,196.0,1.0,1946.0
1752591,"ただいま、おかえり -ひとやすみ- [Tadaima Okaeri: Hito Yasumi] (The Omegaverse Project Comics, #4)",Ichi Ichikawa,212.0,4.75,2019.0
1513168,Ghosts: A Treasury of Chilling Tales Old & New,Marvin Kaye,652.0,4.0,1981.0
1317101,Night Attack,Pete Thorsen,93.0,4.0,
907613,The Panic of 1907: Lessons Learned from the Market's Perfect Storm,Robert F. Bruner,347.0,3.0,2007.0
457890,"Wild Man (Dream Man, #2)",Kristen Ashley,528.0,4.33333333333333,2011.0
893977,"Victoria of Many Faces (Light Novel), Vol. 1",syuu,262.0,4.0,2022.0
1145355,The Seduction Bid,Kazuko Fujita,186.0,5.0,1999.0
652255,Make Love the Bruce Campbell Way,Bruce Campbell,353.0,3.85,2005.0
373939,Fantasy in Death / Indulgence in Death / Treachery in Death (In Death #30-32),J.D. Robb,960.0,4.66666666666667,2011.0
1870973,Bum Luck (Jake Lassiter #11),Paul Levine,334.0,4.64516129032258,2017.0
734887,Le jour où j'ai failli ne pas t'aimer,Marie Lerouge,233.0,3.0,
2462349,Great North Road,Peter F. Hamilton,948.0,4.15270935960591,2012.0
1874315,Such a Lovely Family,Aggie Blum Thompson,352.0,3.77272727272727,2024.0
1681648,Missing in Death,J.D. Robb,4.0,4.0,2009.0
2078661,99 Stories of God,Joy Williams,129.0,4.0,2013.0
2099646,Madame Vitti,Marco Consentino,536.0,3.0,2022.0
2376965,The Future of the Intelligentsia & For a French Awakening,Charles Maurras,134.0,5.0,
1149492,Instant City: Life and Death in Karachi,Steve Inskeep,306.0,5.0,2011.0
220355,Güvenli Bölge Goražde - Doğu Bosna'da Savaş (1992- 1995),Joe Sacco,227.0,4.0,2000.0
1900110,Wander in the Night: A Poem for Children and Grownups,Adam  Day,32.0,4.0,2014.0
1043215,"Your Name, Tome 1 (Your Name, #1)",Makoto Shinkai,180.0,3.8,2016.0
2545230,The Message of James (The Bible Speaks Today Series),J. Alec Motyer,214.0,5.0,1985.0
1810641,The Auction,Tom   Galvin,327.0,4.0,2021.0
1462082,Franklin and Winston: An Intimate Portrait of an Epic Friendship,Jon Meacham,,4.0,2003.0
2211343,Power Play,Joseph Finder,420.0,5.0,2007.0
422871,"Coppelion Vol. 1 (Coppelion, #1)",Tomonori Inoue,194.0,4.0,2008.0
1524688,The Privatization of Hope: Ernst Bloch and the Future of Utopia,Peter Thompson,336.0,5.0,2013.0
654654,Writers on Writing: Collected Essays from The New York Times,The New York Times,268.0,4.0,2001.0
1594093,The Interview: New York & Los Angeles Part 2 (Interview Series),Sandi Lynn,234.0,4.81818181818182,
2525271,"Gin Tama, Vol. 8 (Gin Tama, #8)",Hideaki Sorachi,192.0,5.0,2005.0
546700,The Metaphysics of Love,Frederick D. Wilhelmsen,162.0,4.0,
2231820,Superbike: The Official Book,Claudio Porrozzi,187.0,5.0,2011.0
122949,Zwellend fruit: roman in sprookjes,Peter Verhelst,153.0,3.6,2000.0
1460384,La maldita pintura (Spanish Edition),Héctor Manjarrez,71.0,4.0,2004.0
23362,The Billionaire's Demanding Lover (Men of Boston #1),Alexis Blake,88.0,3.0,2014.0
819274,Il signore degli anelli,J.R.R. Tolkien,1253.0,5.0,1954.0
1147689,Stretched: A Young Couple Discover Just How Far She Can Be Stretched,Leigh Temple,117.0,5.0,
2116196,Suppandi - Literal Logic,Various,0.0,4.0,
1530382,"The Rise of Statistical Thinking, 1820–1900",Theodore M. Porter,350.0,4.0,1986.0
1770938,Spider-Gwen (2015-2018) #21,Jason Latour,23.0,4.5,
2404844,The Cosmonaut Who Couldn't Stop Smiling: The Life and Legend of Yuri Gagarin,Andrew L. Jenks,323.0,5.0,2012.0
2398834,Elon Musk,Walter Isaacson,0.0,4.0,2023.0
1788734,100 Tiny Tales: Short Stories Told in Exactly One Hundred Words,K. Kris Loomis,115.0,4.5,
2025733,Review of the Remarks on Dr. Channing's Slavery.,George Frederick Simmons,50.0,5.0,2012.0
1796108,"Per My Last Email: Witty, Wicked, and Wonderfully Weird Workplace Words and Phrases",Stephanie K. Wright,128.0,4.5,
2101471,The Ferry Girls (Ferry Girls #1),Rosie Archer,272.0,3.8,
2178109,Motivaatiojänis,Olavi Koistinen,472.0,3.0,
684752,"Магическая сделка (Долина драконов, #3)",Elena Zvezdnaya,416.0,4.0,
1494854,The Killer of Little Shepherds: A True Crime Story and the Birth of Forensic Science,Douglas Starr,300.0,3.73611111111111,2010.0
2068659,Las espadas del Cardenal,Pierre Pevel,445.0,3.0,2007.0
1841653,Endgame: Inside the Impeachment of Donald J. Trump,Eric Swalwell,320.0,4.66666666666667,
233933,Felizes os Felizes,Yasmina Reza,147.0,3.4,2013.0
1307576,Medstar (Star Wars: Medstar #1-2),Michael Reaves,0.0,3.5,
978794,Městečko Bush Falls,Jonathan Tropper,286.0,4.0,2003.0
592239,My Cousin Rachel,Daphne du Maurier,335.0,4.1875,1951.0
1910573,The Knot Yours Truly: Inspiration and Ideas to Personalize Your Wedding,Carley Roney,240.0,3.0,
2141239,Osservazioni sulla tortura,Pietro Verri,203.0,4.0,1768.0
2430832,The Science of Success: What Researchers Know that You Should Know,Paula J. Caproni,215.0,4.5,
2549237,You. Me. Bed. Now.,Olivia T. Turner,96.0,4.33333333333333,2019.0
637030,"Empty Nest Syndrome: How To Move Forward When Your Children Leave Home (When The Children Leave Home, Family, New Purpose, Family Life)",Samantha Write,25.0,1.5,2015.0
2160357,7 Essential Writing Tools: That Will Absolutely Make Your Writing Better (And Enliven Your Soul),Marni Freedman,368.0,5.0,
344585,The Short Reign of Pippin IV,John Steinbeck,188.0,4.0,1957.0
296673,কষ্টিপাথর,শামসুল আরেফীন,168.0,5.0,2018.0
967152,Practical Data Modeling: A Step-by-Step Guide Across Industries. (Data Modeling Books Book 2),Michael Kirshteyn,281.0,5.0,
647369,AREA D異能領域（１３） (少年サンデーコミックススペシャル) (Japanese Edition),七月鏡一,0.0,2.0,2016.0
1745104,Laiškai hipokampui,Lina Laura Švedaitė,136.0,4.33333333333333,2018.0
1110870,In My Hands: Memories of a Holocaust Rescuer,Irene Gut Opdyke,304.0,4.7,1992.0
332010,Breaking the Glass Slipper,M. Marinan,364.0,5.0,
185749,Frosted,Katy Regnery,75.0,4.375,2015.0
1732653,Tinseltown Confidential: A Novel of Golden-Age Hollywood (Hollywood's Garden of Allah Novels),Martin Turnbull,368.0,4.0,
1433428,بعد أن أغلق الستار,نسمه الجمل,,3.0,
1841485,Finding The Other Woman,Cole Baxter,279.0,4.0,2021.0
2485247,"CHIRANJIVI, The Beginning",Vasant Kallola,343.0,4.0,
1323525,Heavy Planet: The Classic Mesklin Stories,Hal Clement,416.0,4.0,2001.0
576399,"The Clearing: A memoir of art, family and mental health",Samantha Clark,208.0,4.0,2020.0
1632147,The Cousins,Karen M. McManus,328.0,4.25,2020.0
1488789,Heir (Sons of the Alpha Book 2),Addison Carmichael,280.0,3.0,2019.0
249842,The Nightingale Legacy (Legacy Series Book 2),Catherine Coulter,466.0,4.0,1994.0
2062659,"German Strategy and the Path to Verdun: Erich von Falkenhayn and the Development of Attrition, 1870-1916",Robert T. Foley,316.0,5.0,2005.0
1648447,Matilda's Secret (Girl for All Time),Sandra Goldbacher,180.0,5.0,2010.0
137050,"A Week in Brighton (Timeless Regency Collection, #13)",Jennifer  Moore,233.0,3.5,2019.0
2342579,I cento epigrammi proibiti,Marcus Valerius Martialis,97.0,3.0,1992.0
200271,City of Bones: The Official Illustrated Movie Companion (The Mortal Instruments),Mimi O'Connor,122.0,4.0,2013.0
975672,The Politics of Mass Digitization,Nanna Bonde Thylstrup,216.0,3.0,
2399689,Outburst (The Alternative),Patrick Jones,104.0,5.0,2014.0
2594960,Global Gods: Exploring the Role of Religions in Modern Societies,David W. Shenk,,5.0,1995.0
212243,Making Good Decisions: Law for Social Work Practice (Focus on Social Work Law),Michael Preston-Shoot,243.0,5.0,2014.0
870174,The Dogs,Allan Stratton,272.0,4.18518518518519,2015.0
484681,Fast Machine,Elizabeth Ellen,376.0,3.8,2012.0
1213299,"Fang the Bat Fiend (Beast Quest, #33)",Adam Blade,119.0,4.625,2012.0
1954538,Bahrisons: Chronicle of a Bookshop,Anuj Bahri,108.0,3.0,2004.0
1094650,All He Needs (My Truth #1),Ann Grech,207.0,2.5,2019.0
1864511,Erwachen der Nacht (Die Nacht-Reihe 1) (German Edition),Laura Burau,382.0,5.0,2014.0
1026378,Horas cruentas: La historia del libro inconcluso de Harper Lee,Casey Cep,412.0,4.0,2019.0
1144431,"Lodowa korona (Lodowa korona, #2)",Greta Kelly,432.0,3.0,2021.0
993353,The Minor Outsider,Ted McDermott,,1.0,
69502,Bonsai,Alejandro Zambra,76.0,3.2,2006.0
1415954,The Best of Friends,Lucinda Berry,273.0,3.84615384615385,2020.0
1795460,Enver (Cyn City Cyborgs #2),Pearl Foxx,190.0,5.0,
2434299,Guarisci te stesso. I 12 guaritori e altri rimedi,Edward Bach,80.0,4.0,2000.0
843310,Kekasih Hati Mr Bodyguard,Ateen Khalid,637.0,3.5,2019.0
463879,Plačeš li to?,Siniša Pavić,123.0,5.0,2009.0
2475418,Manual of Practical Physiology for MBBS,A.K. Jain,,5.0,
1724479,"Gilmat (Seven Brides for Seven Alien Brothers, #7)",Honey Phillips,163.0,3.92857142857143,2023.0
1331929,On the Origin of Christian Scripture: The Evolution of the New Testament Canon in the Second Century,David Trobisch,217.0,5.0,
2180171,A Man for All Seasons,Heather MacAllister,224.0,4.0,2010.0
2265968,Hexes and X's (Z & C Mysteries #3),Zoey Kane,171.0,3.5,2013.0
1576024,Overcoming Her Fear,Jean-Luc Cheri,85.0,4.0,
991933,Yporá: Amor y guerra bajo el sol guaraní (Caballo de fuego) (Spanish Edition),Gloria V. Casañas,544.0,4.0,2011.0
2441508,Hope for the Caregiver: Encouraging Words to Strengthen Your Spirit,Peter W. Rosenberger,225.0,5.0,2014.0
1062460,A Marquess for Miss Marigold (A Wallflower's Wish #3),Maggie Dallen,141.0,4.5,2020.0
1183457,Ein Kuss ist eben kein Kuss,Emma    Smith,226.0,5.0,
1969292,"Knockout (Tapped Out, #4)",Cari Quinn,,5.0,2015.0
47921,Changing the Game,Ange Postecoglou,336.0,3.0,
2446987,Bowling Avenue,Ann Shayne,269.0,5.0,2012.0
1502596,"The Girl Who Takes an Eye for an Eye (Millennium, #5)",David Lagercrantz,416.0,3.58333333333333,2017.0
2167440,کاروان ته کوزه‌ی شیر,Franz Hohler,80.0,2.5,2003.0
1589127,And There She Goes Her Way,Josi Dumont,238.0,5.0,
2432161,Οι κλέφτες της ομορφιάς,Pascal Bruckner,287.0,3.0,1997.0
1537719,"The Ian's Realm Saga (Ian's Realm Saga, #1-3)",D.L. Gardner,478.0,5.0,2012.0
828780,Wilhelm Meister (Oneworld Classics),Johann Wolfgang von Goethe,500.0,5.0,1795.0
411086,De verwording,Stefan Brijs,191.0,3.0,1997.0
1163995,Клад Христофора Колумба. Чужие секреты (Russian Edition),Александр Чернов,259.0,5.0,
1123744,"Orphan's Triumph (Jason Wander, #5)",Robert Buettner,368.0,4.33333333333333,2009.0
1387385,Fool Me Once,Nikki Ash,307.0,4.0,2020.0
387146,A Portrait of the Scientist as a Young Woman,Lindy Elkins-Tanton,272.0,3.9,2022.0
660778,The Ghost Road,Pat Barker,278.0,4.0,1995.0
835032,Their Accidental Triplets (Love In Atlanta # 17),Judy Reynolds,369.0,4.66666666666667,
1095756,Dias de abandono,Elena Ferrante,184.0,4.08695652173913,2002.0
1852142,"Nourished: A Memoir of Food, Faith & Enduring Love (with Recipes)",Lia Huber,320.0,4.0,
1750616,Telltale: 11 Stories,Gwee Li Sui,256.0,4.0,2010.0
378843,"La aprendiz (Crónicas del Mago Negro, #2)",Trudi Canavan,558.0,4.18181818181818,2002.0
2406387,E Is for Evidence (Kinsey Milhone #5),Sue Grafton,309.0,4.5,1988.0
58696,Miss Weston's Wager (Brides of Brighton #4),Ashtyn Newbold,218.0,4.42857142857143,2019.0
1011915,Matilda,Roald Dahl,260.0,4.0,1988.0
1232314,Dreams That Glitter: Our Story,Girls Aloud,256.0,3.0,2008.0
472595,بازگشت به منزل آخر,مجید میرزاوزیری,88.0,5.0,2004.0
1508235,Effective Life Management,Amartyananda,124.0,5.0,2005.0
2398877,O Mundo Precisa de Saber,Gustavo Carona,302.0,4.75,
1373427,The Farm,Joanne Ramos,14.0,2.0,2019.0
177859,Las Maravillas De Egipto / The Marvels of Egypt (Spanish Edition),David        Roberts,181.0,5.0,2003.0
247208,Trīs draugi,Erich Maria Remarque,424.0,4.71428571428571,1936.0
1523299,Eccentric Neighborhoods: A Novel,Rosario Ferré,396.0,5.0,1998.0
138811,Firestorm (The Sons of Templar MC #2),Anne Malcom,328.0,4.5,2015.0
1183615,Red Fury (Blood Angels #3),James Swallow,288.0,4.0,2008.0
543380,Japanese Minimalism: Your Personal Guide To The Art Of Minimalist Living,Nicole Garrod,119.0,3.0,
1302670,Der Weg nach Westen,A.B. Guthrie Jr.,423.0,4.0,1949.0
175827,Name of the Devil (Jessica Blackwood #2),Andrew Mayne,320.0,4.25,2015.0
665875,"The Transitive Vampire: A Handbook of Grammar for the Innocent, the Eager and the Doomed",Karen Elizabeth Gordon,149.0,4.33333333333333,1984.0
938495,"Gone Tomorrow (Jack Reacher, #13)",Lee Child,544.0,4.0,2009.0
1454794,Ginger Kid: Mostly True Tales from a Former Nerd,Steve Hofstetter,306.0,5.0,
760897,The Daughter's Secret,Eva Holland,320.0,3.71428571428571,2015.0
2308240,Agnes ja huvilan salaisuus,Tuutikki Tolonen,187.0,4.66666666666667,2021.0
1159558,The Homeschool Guide: Everything you need to know for successfully homeschooling your children!,Vanessa Bilotta,34.0,5.0,2014.0
1595822,By John Grisham The Broker (Reprint) [Mass Market Paperback],John Grisham,0.0,5.0,2005.0
2153279,Le Monstre sur le seuil,H.P. Lovecraft,42.0,4.66666666666667,1937.0
726011,Electronic Structure: Basic Theory and Practical Methods,Richard M. Martin,650.0,5.0,2004.0
208359,Amantele trecutului: Ultimul Zbor,Alexandra Gheorghe,237.0,3.0,
1934915,传信人,Markus Zusak,280.0,4.0,2002.0
550127,Dark Horizon Eclipse of the Heart (The Children of the Gods #81),I.T. Lucas,401.0,4.5,
2214797,Red-Hot and Royal,Susanna Carr,292.0,3.5,2008.0
948314,El Hobbit,J.R.R. Tolkien,292.0,5.0,1937.0
2525371,The Reinvention of Chastity,Eve Vaughn,208.0,2.0,2007.0
1879869,My best friend's exorcism (Littérature ado) (French Edition),Grady Hendrix,395.0,4.0,2016.0
37866,Sevginin Eşsiz Kışı,İnci Aral,136.0,3.5,2003.0
502965,Matty Doolin,Catherine Cookson,160.0,4.5,1965.0
386867,Doručak šampiona,Kurt Vonnegut Jr.,255.0,2.0,1973.0
568254,Una lunghissima giornata di merda,Lello Marangio,232.0,4.0,
1994112,Hired Swords: The Rise of Private Warrior Power in Early Japan,Karl F. Friday,282.0,4.0,1992.0
2585996,How to Crochet: Learn the Basic Stitches and Techniques. A Storey BASICS® Title,Sara Delaney,130.0,3.0,2014.0
2510575,"Advanced Electric Drives: Analysis, Control and Modeling Using Simulink",Ned Mohan,200.0,5.0,2001.0
1803750,A Mother's Last Wish,Jo Bartlett,313.0,5.0,
2155297,כוח השלושה,Diana Wynne Jones,292.0,5.0,1976.0
1876063,Bangladesh: A Legacy of Blood,Anthony Mascarenhas,192.0,4.7,1986.0
1973969,Winston Churchill: Le pouvoir de l'imagination (Texto) (French Edition),François Kersaudy,839.0,5.0,
814335,Příběh služebnice,Margaret Atwood,348.0,4.0,1985.0
466084,"Soccer Coaching: A Step-by-Step Guide on How to Lead Your Players, Manage Parents, and Select the Best Formation",Dylan Joseph,120.0,3.0,
215301,Flying High: The Story of a Fighter Pilot,S Melvin Rines,253.0,3.66666666666667,
1742521,Cures for Heartbreak,Margo Rabb,256.0,4.0,2007.0
1260515,"The Devil's Cup (Hawkenlye Mysteries, #17)",Alys Clare,240.0,3.0,2017.0
2213860,Loving Someone Who Has Dementia: How to Find Hope while Coping with Stress and Grief,Pauline G. Boss,256.0,5.0,2011.0
2307699,The Manhattan Projects #2,Jonathan Hickman,32.0,4.33333333333333,2012.0
317036,Boy2Girl,Terence Blacker,,5.0,2004.0
1620009,The Third Life Of Grange Copeland; Meridian; The Color Purple,Alice Walker,245.0,4.66666666666667,1985.0
1319818,A Nearly Normal Family,M.T. Edvardsson,400.0,4.28571428571429,2018.0
1069573,Auctioned To My Brother's Best Friend (White Lace Auction House Book 1),Rosie Raine,46.0,5.0,
2166685,The City of Ember,Jeanne DuPrau,320.0,4.28571428571429,2003.0
879882,1950s Motorsport in Colour,Martyn Wainwright,160.0,5.0,2004.0
1741612,Mogollon Monsters,Zack Graham,129.0,5.0,
2105460,"The Complete Low-FODMAP Diet: The revolutionary plan for managing symptoms in IBS, Crohn's disease, coeliac disease and other digestive disorders",Sue Shepherd,465.0,3.0,2013.0
1835020,"Heir of Light & Shadow (The Lost Cove Darklings, #3)",Bekah Harris,300.0,4.33333333333333,
2097764,"Apostando no Amor (Apostando no Amor, #1)",Lynn Painter,368.0,4.0,2023.0
1729101,Like She Owns the Place: Give Yourself the Gift of Confidence and Ignite Your Inner Magic,Cara Alwill Leyba,220.0,4.66666666666667,
1199870,The Awakening Of An Indigo,Vikram,168.0,4.54545454545455,
1710069,Spoiled By A Hood Billionaire 3: An African American Romance: The Finale,Bianca Marie,245.0,5.0,
104214,The China Chapter (The Dublin Homicides #3),David  Pearson,228.0,4.33333333333333,
314836,The Porter and the Three Ladies,Rachel Joyce,,3.0,2012.0
1187808,"Pokémon Adventures: Black 2 & White 2, Vol. 3",Hidenori Kusaka,208.0,5.0,2020.0
351664,Oscar and Lucinda,Peter Carey,688.0,1.0,1988.0
561600,"Deep Dark Forest: A Michael Carter Cold Case Thriller (The Dark Series, #2)",Susan Lund,280.0,4.0,
2546240,Fuck and Destroy,John Christy,313.0,4.0,2011.0
2455238,"The Zodiac Guide to Scorpio: The Ultimate Guide to Understanding Your Star Sign, Unlocking Your Destiny and Decoding the Wisdom of the Stars (Zodiac Guides)",Astrid Carvel,128.0,4.0,
1866769,Becoming a Student-Ready College: A New Culture of Leadership for Student Success,Tia Brown McNair,216.0,2.0,
968884,"Fire Meet Gasoline (Belladonna, #1)",Kentin Jarno,544.0,4.0,
852839,Der Kommissar und die Morde von Verdon: Philippe Lagarde ermittelt (Kommissar Philippe Lagarde #6),Maria Dries,340.0,4.0,
1304574,7 Loại hình thông minh,Thomas Armstrong,336.0,4.0,1993.0
2516058,Making Peace with Your Past,H. Norman Wright,180.0,4.0,1984.0
1215261,One Star Wonders: The Worst Reviews of the World's Greatest Places,Mike Lowery,96.0,3.0,
405574,Before It's Gone: Stories from the Front Lines of Climate Change in Small-Town America,Jonathan Vigliotti,304.0,4.66666666666667,2024.0
1208479,Dáin do Eimhir = Poems to Eimhir,Sorley Maclean,306.0,5.0,1943.0
1319049,Aeneis (Bibliotheca scriptorum Graecorum et Romanorum Teubneriana) (Latin Edition),Virgil,472.0,5.0,-19.0
644493,California Demon,Marilyn Singer,160.0,5.0,1992.0
2144509,The Invisible Ache: Black Men Identifying Their Pain and Reclaiming Their Power,Courtney B. Vance,290.0,4.5,
516183,Hummus and Homicide (Kebab Kitchen Mystery #1),Tina Kashian,301.0,4.16666666666667,2018.0
671520,The Spoiler: Revealing the Secrets of Survivor,William Marson,140.0,2.0,2003.0
1248352,California: An Interpretive History,James J. Rawls,,3.0,1983.0
2273938,Drop the Ball: Expect Less from Yourself and Flourish in Work & Life,Tiffany Dufu,304.0,5.0,2017.0
2110950,Fur-boding Shadows (A Wonder Cats Mystery #8),Harper Lin,268.0,4.0,
2190335,"Die 500 (Mike Ford, #1)",Matthew Quirk,416.0,5.0,2012.0
716552,"Apocalypse (Star Wars: Fate of the Jedi, #9)",Troy Denning,497.0,4.14285714285714,2012.0
455972,Vipers and Virtuosos (Monsters & Muses),Sav R. Miller,394.0,4.66666666666667,2021.0
468725,"Spirited Away, Volume 1",Hayao Miyazaki,172.0,4.7037037037037,2001.0
2574060,"On the Hummus Route: A Journey Between Cities, People and Dreams",Ariel Rosenthal,0.0,4.0,
1841949,Bloodline (Wings in the Night #13),Maggie Shayne,336.0,4.11111111111111,2009.0
557179,Bahagia Yang Tertangguh,Rissa Ahdiya,,4.5,2017.0
1681882,E-Book Nutrition and the Eye: A Practical Approach,Frank Eperjesi,280.0,5.0,2006.0
1594950,Записки из Мертвого дома,Fyodor Dostoevsky,,5.0,1861.0
2325026,Legion (Raven and the Eagle #1),Geraint  Jones,332.0,4.0,
748709,A Voyage for Madmen,Peter   Nichols,352.0,4.5,1997.0
1330821,День праха,Jean-Christophe Grangé,384.0,4.0,
76335,The Phantom of Payne Priory (Mercy Willow Book 8),Amy Cross,172.0,3.83333333333333,
1294528,How Spacecraft Fly: Spaceflight Without Formulae,Graham Swinerd,288.0,5.0,2008.0
1989410,Black Sam: Prince of Pirates,Mat McLeod,343.0,4.0,2013.0
720429,Savor (The Empire Chronicles #4),Alyssa Rose Ivy,264.0,3.75,2015.0
1878781,"Serial Killers True Crime: 10 Sickening True Crime Stories Of Serial Killers That Tortured, Hacked And Butchered Their Victims (Serial Killers True Crime, ... Killers, True Murder Stories, True Crime,)",Brody Clayton,74.0,2.77777777777778,2015.0
724760,Molly Sand Must Die,Laura Snider,308.0,4.66666666666667,2024.0
1917031,Nocne łowy,Alexandra Christo,416.0,4.0,2023.0
447074,Tessa and Scott: Our Journey from Childhood Dream to Gold,Tessa Virtue,208.0,4.28571428571429,2010.0
1553279,The Last Orchard,James  Hunt,406.0,4.0,
472721,Oversubscribed: A Founder's Guide to Seed Fundraising,Mike Wilner,132.0,5.0,
414640,QUAND J'ETAIS SOLDATE (CF NE),Valérie Zenatti,266.0,3.0,2002.0
2226718,"Judgment Days: Lyndon Baines Johnson, Martin Luther King, Jr., and the Laws That Changed America",Nick Kotz,836.0,4.0,2005.0
1841879,Heir (King's Men MC #4),V.T. Do,384.0,3.85714285714286,
2562651,The First Sunday in September,Tadhg Coakley,221.0,4.5,
1429748,We Go Liquid,Christian TeBordo,197.0,5.0,2007.0
1582088,Oh No! My Dinosaur Keeps Messing Up My Room! (The Silly Adventures of Ziggy and James),J.E. Comet,31.0,5.0,
2208279,"Truth (Finding Anna, #3)",Sherri Hayes,238.0,4.61538461538461,2013.0
1186713,Household Tales by Brothers Grimm,Jacob Grimm,486.0,4.07142857142857,1812.0
1525645,She Persisted in Science: Brilliant Women Who Made a Difference,Chelsea Clinton,32.0,4.5,
1910681,"Cuba (Jake Grafton, #7)",Stephen Coonts,496.0,5.0,1999.0
1128411,The Dark Night of the Soul: A Psychiatrist Explores the Connection Between Darkness and Spiritual Growth,Gerald G. May,216.0,4.02380952380952,2004.0
2417436,Josef Mengele: Angel of Death,Anna Revell,99.0,3.33333333333333,
1415058,Poemas de Kostantinos Kaváfis,Constantinos P. Cavafy,64.0,5.0,1987.0
1627506,The Ventilator Book,William Owens,267.0,5.0,2012.0
1611126,BACH FLOWER REMEDIES AND PTSD: How to Use Bach Flower Remedies for PTSD,Helen Hess,98.0,4.0,
1560379,The Adventures of Tom Sawyer (Tor Classics),Mark Twain,171.0,4.0,1876.0
1388176,How We Decide,Jonah Lehrer,321.0,4.16666666666667,2009.0
2018102,Patrick O'Brian:  A Life Revealed,Dean King,488.0,3.0,2000.0
467529,French Women Dont Get Fat,Mireille Guiliano,,5.0,2004.0
143144,মাশরাফি,Debbrata Mukherjee,470.0,4.0,2016.0
2162176,Anna Karenina,Leo Tolstoy,760.0,4.0,1878.0
2392762,At the Billionaire’s Command - Vol. 8,Lucy Jones,68.0,5.0,2014.0
1203346,Millionaire Boss (Freeman Brothers #1),Natasha L. Black,262.0,4.5,
708668,"Articles on Defunct American Political Movements, Including: Knights of Labor, Symbionese Liberation Army, Weather Underground (Organization), Abolitionism, African-American Civil Rights Movement (1955 ""1968), Free Speech Movement",Hephaestus Books,292.0,4.0,2011.0
2348922,"Simon's Cat: Wake Up! (Simon's Cat, #4.25)",Simon Tofield,80.0,5.0,2012.0
978561,Isabelle Day Refuses to Die of a Broken Heart,Jane St. Anthony,138.0,4.0,2015.0
1481405,گریزان,Elif Shafak,268.0,4.0,2010.0
1701168,Hideout,Masasumi Kakizaki,215.0,3.6271186440678,2010.0
2186203,Headhunters,Charlie Cole,253.0,4.0,2011.0
424270,The Number 94 Project,Cheyenne Blue,288.0,3.0,
906085,Neues Von Radio Eriwan,Wolfgang W. Parth,117.0,4.0,1970.0
1528483,"Race Against the Machine: How the Digital Revolution is Accelerating Innovation, Driving Productivity, and Irreversibly Transforming Employment and the Economy",Erik Brynjolfsson,92.0,4.33333333333333,2011.0
2456930,Lucha Lila,Faith Laux,95.0,4.0,
1978513,Jenny and the Cat Club: A Collection of Favorite Stories about Jenny Linsky (Jenny's Cat Club),Esther Averill,160.0,4.58333333333333,1958.0
371109,Taking the Work Out of Networking: An Introvert's Guide to Making Connections That Count,Karen Wickre,241.0,2.66666666666667,2018.0
564849,Neutron Star,Larry Niven,317.0,4.5,1966.0
1790435,"The Dosadi Experiment (ConSentiency Universe, #2)",Frank Herbert,320.0,4.06034482758621,1977.0
2265028,Gareth: Lord of Rakes (The Lonely Lords),Grace Burrowes,354.0,5.0,2013.0
2542121,"Weiser (Wilker Weiser, #2)",Bruna S. Sarmanho,282.0,5.0,
1523967,The Relentless Fight: The Power of the Gospel in the Fight Against Sin,Andy Cimbala,120.0,4.0,
2102608,LEGO Ninjago: Ghost Ninja (Graphic Novel #2),Greg Farshtey,80.0,5.0,2015.0
2415031,The Sasha McCandless Series: Volume 1 (Sasha McCandless #1-3),Melissa F. Miller,789.0,4.5,2012.0
790898,ჯოზეფ ანტონი (მემუარები),Salman Rushdie,846.0,4.0,2012.0
1954131,The Hating Season,K.A. Linde,362.0,4.66666666666667,2021.0
2085456,Вътрешен кръг,Brad Meltzer,484.0,3.0,2011.0
1595407,The Fish the Fighters and the Song-Girl,Janet E. Morris,297.0,5.0,2012.0
1085498,A Cotswold Mystery (Thea Osborne #4),Rebecca Tope,,3.5,2008.0
333504,Boychik,Laurie Boris,324.0,5.0,
1039583,A Damsel In Distress,P.G. Wodehouse,200.0,4.0,1919.0
1379404,"Кажи, че ме обичаш (Malory-Anderson Family, #5)",Johanna Lindsey,200.0,4.0,1996.0
2413013,Over My Dead Body,Rebelle Fleur,,4.25490196078431,
1610151,Swallowed Light,Michael Wasson,96.0,4.0,2022.0
1097780,Strangers at a Funeral,P.T. Phronk,22.0,1.0,2014.0
93713,"Silver Magi 1 (Silver Magi ,#1)",D.  Levesque,198.0,4.66666666666667,2021.0
703124,Fractured Paths (Fractured Love Series Book 1),Heather  Anne,385.0,4.0,2016.0
2052486,君は夏のなか [Kimi wa natsu no naka],Nagisa Furuya,200.0,4.66666666666667,2017.0
1748696,Behind Closed Doors,Lisa Renee Jones,238.0,4.66666666666667,2016.0
1085904,The Battle of Darcy Lane,Tara Altebrando,208.0,4.0,2014.0
2124323,"Naughty Cupid Trilogy (Naughty Cupid, #1-3)",Michelle M. Pillow,340.0,5.0,2005.0
1863980,"One Good Turn (Jackson Brodie, #2)",Kate Atkinson,449.0,3.90625,2006.0
263523,Stateless in Shanghai,Liliane Willens,328.0,4.0,2009.0
1628154,"Joomla! 1.5 Template Design: Create Your Own Professional-quality Templates With This Fast, Friendly Guide",Tessa Blakeley Silver,267.0,3.0,2009.0
486054,The Gift of the Church: A Textbook on Ecclesiology (Theology),Peter C. Phan,544.0,4.0,2000.0
2186991,Pale Fire,Vladimir Nabokov,320.0,5.0,1962.0
1184061,Emile oder Über die Erziehung,Jean-Jacques Rousseau,1029.0,3.0,1762.0
1654638,"The Demon in the Wood (The Shadow and Bone Trilogy, #0.5)",Leigh Bardugo,32.0,4.0,2014.0
2390792,"Midnight Vow (Wolves of Midnight, #1)",Becky Moynihan,287.0,4.01851851851852,2023.0
724757,Mercenary (Johnny Silver #1),Paul  Bennett,213.0,4.39473684210526,2010.0
596560,The Dark Side of Camelot,Seymour Hersh,508.0,3.5,1997.0
799747,Stop Dreaming & Start Doing: A Practical Guide for Getting What You Want With SMART Goals,Annette Richmond,74.0,3.0,2014.0
1261116,Bridgerton – Wie bezaubert man einen Viscount?,Julia Quinn,426.0,3.84,2000.0
749742,Poetry After 9/11: An Anthology of New York Poets,Dennis Loy Johnson,112.0,3.0,2002.0
1451526,45 Days in a Cancer Hospital: A crime fiction novel,Alka Dimri Saklani,304.0,4.0,
2566030,The Cambridge CAE Course Student's Book,Mary Spratt,222.0,3.0,1997.0
202987,Om utregning av romfang IV,Solvej Balle,231.0,5.0,
1132298,Hunted,Clair M. Poulson,0.0,4.0,2011.0
1360360,"Money in the Morgue (Roderick Alleyn, #33)",Ngaio Marsh,337.0,4.33333333333333,2018.0
2238952,Spurgeon's Commentary On The Bible: Spurgeon's Bible Commentaries,Charles Haddon Spurgeon,4301.0,4.0,1997.0
1103472,"Trick (Men of Clifton, Montana #17)",Susan Fisher-Davis,202.0,4.75,
223807,Apeirogon,Colum McCann,463.0,4.0,2019.0
278850,Karivani (Ex ponto) (Croatian Edition),Miljenko Jergović,155.0,3.0,
475139,A Surfing Adventure in the Mentawai Islands: Where Indian Ocean power disturbs the sea of tranquility,Clive Woodward,182.0,3.5,2013.0
1418823,First Women,Kate Andersen Brower,405.0,4.27272727272727,2016.0
27057,Rocks and Minerals (Field Guide and Introduction to the Geology and Chemistry of),Herbert S. Zim,280.0,4.5,1957.0
1412540,The Diversity Delusion: How Race and Gender Pandering Corrupt the University and Undermine Our Culture,Heather Mac Donald,288.0,3.53333333333333,2018.0
2466680,ম্যানহাটানে ম্যানহান্ট,Sujan DasGupta,76.0,4.0,
2051070,Here We Lie,Sophie McKenzie,448.0,4.0,2015.0
2203159,Mi secreto; Epístolas (Selección),Francesco Petrarca,592.0,4.0,
84707,To Hell With Hallmark,Brad Ricks,,4.06666666666667,
1950334,YANKEE VICTOR: Relatos de Vuelo (Spanish Edition),Jon Asteinza,176.0,4.0,
442365,Modern Kültürde Çatışma,Georg Simmel,135.0,5.0,1918.0
277108,Cockleshell Heroes: The Most Courageous and Imaginative Commando Raid of World War Two,C.E. Lucas Phillips,293.0,4.375,1956.0
1231800,"Crypt of the Sorcerer (Fighting Fantasy: Reissues 1, #6)",Ian Livingstone,192.0,3.33333333333333,1987.0
1149844,The Matching Games,Lori Heart,319.0,5.0,
522638,"I, a Squealer: The Insider's Account of the ""Pied Piper of Tucson"" Murders",Richard Bruns,154.0,4.0,
959307,First Time (Rough BDSM Erotica),Aubrey Merlot,44.0,3.0,2015.0
1300202,Little Cruelties,Liz Nugent,349.0,3.0,2020.0
1167904,"Serious Nonsense: Groundhog Lodges, Versammlinge, and Pennsylvania German Heritage (Keystone Books)",William Wilkinson Donner,208.0,3.0,
429432,The Story of the Dinosaurs in 25 Discoveries: Amazing Fossils and the People Who Found Them,Donald R. Prothero,488.0,4.0,
2282444,"Redwood Meadow (Redwood Grove, #2)",Christine Gael,250.0,5.0,
1112989,Robert Kennedy in His Own Words: The Unpublished Recollections of the Kennedy Years,Robert F. Kennedy,512.0,5.0,1988.0
539140,"Crepúsculo (Crepúsculo, #1)",Stephenie Meyer,506.0,1.0,2005.0
956473,"Indians, Settlers, and Slaves in a Frontier Exchange Economy: The Lower Mississippi Valley Before 1783 (Published by the Omohundro Institute of Early ... and the University of North Carolina Press)",Daniel H. Usner Jr.,314.0,3.0,1992.0
1039830,Rozbité světy,Markéta Prášková,432.0,5.0,2023.0
2116522,老鼠记者全球版 58 恐怖万圣节,[意]杰罗尼摩.斯蒂顿,0.0,5.0,
369326,"Thief's Covenant (Widdershins Adventures, #1)",Ari Marmell,273.0,4.05882352941176,2012.0
675982,The Rizzlerunk Club: Best Buds Under Frogs,Leslie Patricelli,288.0,4.5,
1487671,Achieving Accuracy: A Legacy of Computers and Missiles,Marshall William McMurran,402.0,5.0,
1976095,Angle of Repose,Wallace Stegner,557.0,4.33333333333333,1971.0
1274208,Water Rites,J.R. Pearse Nelson,236.0,4.5,2015.0
618091,"Acceptance (The Chicago Defiance MC, #5)",K.E. Osborn,300.0,4.75,
578206,Challenging Destiny : A Biography of Chhatrapati Shivaji,Medha Deshmukh Bhaskaran,377.0,4.16666666666667,
2342856,Les derniers des asahis (French Edition),Alain M. Bergeron,428.0,5.0,
39609,Žiedų valdovas. Karaliaus sugrįžimas,J.R.R. Tolkien,448.0,5.0,1955.0
1569911,Sand and Blood: America's Stealth War on the Mexico Border,John Carlos Frey,256.0,4.33333333333333,
835261,I Think Therefore I Draw,Thomas Cathcart,0.0,4.0,2018.0
2319074,The Black Fog,Newton Webb,20.0,5.0,
873521,Wifey-N-Law Short Stories vol:1,Berdette West,164.0,5.0,
2018270,"Et au pire, on se mariera",Sophie Bienvenu,151.0,4.33333333333333,2011.0
659120,Ο εκτελεστής,Chris Carter,448.0,4.0,2010.0
1745305,"Der Todesstoß (Die Chronik der Unsterblichen, #3)",Wolfgang Hohlbein,,2.0,2001.0
607245,Finding You in the Darkness,K.B. Andrews,328.0,5.0,
2528703,Conduite dangeureuse,Guillaume Morrissette,408.0,4.0,2021.0
725168,Intentionality,Searle,278.0,3.33333333333333,1983.0
598708,Playing for Keeps,Mur Lafferty,260.0,3.93333333333333,2008.0
1170755,A última escolha (Portuguese Edition),Luana Karine,333.0,5.0,
1082318,Amsterdam Angel,Jason Anthony,148.0,5.0,2012.0
836535,"Losing Jon: A Teen's Tragic Death, a Police Cover-Up, a Community's Fight for Justice",David  Parrish,256.0,4.27272727272727,2020.0
740946,Барраяр,Lois McMaster Bujold,1038.0,5.0,1991.0
838515,"Stripped (Stripped, #1)",H.M. Ward,355.0,4.42028985507246,2013.0
1610365,The Merman,Dick King-Smith,112.0,2.0,1998.0
1461253,The Offing,Benjamin Myers,272.0,2.0,2019.0
1426060,Never Touch a Monster,Rosie Greening,12.0,3.0,2016.0
2256003,United Nations of Sex,R Hyull,79.0,5.0,
1846232,The Sleeping Truth: Book One,Ian C.P. Irvine,240.0,1.0,2013.0
1956087,Poison Ivy (2022-) #11,G. Willow Wilson,26.0,4.0,
2100719,Lizzie Bright and the Buckminster Boy,Gary D. Schmidt,224.0,4.33333333333333,2004.0
953644,معایب الرجال,بی‌بی‌خانم استرآبادی,80.0,3.0,1933.0
264889,Minecraft: The Ultimate Survival Handbook: Amazing All-in-One Minecraft Game Guide filled with Minecraft Secrets. An Unofficial Minecraft Guide Book for Kids,Gold KID,38.0,4.0,
2442114,"Dax Zander, Sea Patrol: The Ogribod Assault (Dax Zander: Sea Patrol Book 2)",Noah Knox Marshall,337.0,5.0,
2323947,The 30 Plan: Why eating 30 plants a week will revolutionise your gut health,Catherine Rabess,347.0,4.5,
1208756,Černobiljska molitva,Svetlana Alexievich,344.0,4.71428571428571,1997.0
295285,Tahoe Blue Fire (Owen McKenna #13),Todd Borg,402.0,3.77777777777778,2015.0
1169650,"The DevOps Handbook: How to Create World-Class Agility, Reliability, and Security in Technology Organizations",Gene Kim,674.0,4.41379310344828,2015.0
895226,"Vixen (Dragon Eye, #4)",Finley Aaron,214.0,4.66666666666667,2015.0
2255378,"Hallowed (Unearthly, #2)",Cynthia Hand,421.0,4.35294117647059,2012.0
594882,"You Can Do All Things: Drawings, Affirmations and Mindfulness to Help With Anxiety and Depression (Book Gift for Women) (TheLatestKate)",Kate    Allan,212.0,5.0,2018.0
1695476,বৃষ্টি ও মেঘমালা,Humayun Ahmed,118.0,4.0,2001.0
500136,"The Paladin Prophecy (The Paladin Prophecy, #1)",Mark Frost,528.0,4.14285714285714,2012.0
136941,عذراء قريش,جرجي زيدان,204.0,3.85714285714286,2003.0
1373733,"Spider-Man, Bd. 7: Erstaunlicher Neustart (Spider-Man)",Dan Slott,172.0,4.0,2014.0
2302192,Rabbit Hunt,Wrath James White,158.0,4.0,2023.0
126059,The Copper Beech,Maeve Binchy,402.0,4.26315789473684,1992.0
1819883,El hombre sentimental,Javier Marías,160.0,4.0,1986.0
1069130,El príncipe feliz y otros relatos,Oscar Wilde,192.0,4.0,
1945852,Her Warrior Harem: A Reverse Harem Fantasy,Savannah Skye,191.0,5.0,
2514219,"Drawing Is for Everyone: Simple Lessons to Make Your Creative Practice a Daily Habit - Explore Infinite Creative Possibilities in Graphite, Colored Pencil, and Ink (Art is for Everyone)",Kateri Ewing,128.0,4.0,
602989,The Truce at Bakura: Star Wars Legends,Kathy Tyers,352.0,4.0,1994.0
1335472,The Unplowed Sky: A Novel,Jeanne Williams,374.0,5.0,1994.0
78721,"Double Strike (Davis Way Crime Caper, #3)",Gretchen Archer,260.0,4.0,2014.0
2020892,"Unwavering: Rejecting Bias, Igniting Change, Celebrating Inclusion",Nellie Borrero,256.0,5.0,
1120395,Italian Snacking: Sweet and Savory Recipes for Every Hour of the Day - A Cookbook,Anna Francese Gass,272.0,5.0,
2300046,The Boys T16: Comme à La Fête Foraine,Garth Ennis,96.0,4.0,2014.0
858146,A Mix of Murders: Fifteen Historic English Cases from the Twentieth Century,Grahame Farrell,280.0,5.0,2012.0
2399963,La Bienveillance des machines (French Edition),Pierre Cassou-Noguès,0.0,4.0,
1115911,"Azeet, paratrooper dog",Mordekhai Gur,131.0,4.0,1972.0
629103,Love Me to Death: The Chilling True Story of WIlliam “Wild Bill Cody” Neal—The Vicious Denver Lady-Killer,Steve    Jackson,253.0,4.33333333333333,
2452978,"Roast Mortem (Coffeehouse Mystery, #9)",Cleo Coyle,368.0,4.0,2010.0
1871609,Régimen jurídico de los trabajadores extranjeros en España,Mercedes Moya Escudero,336.0,4.0,
624085,"Sand Sharks (Deborah Knott Mysteries, #15)",Margaret Maron,291.0,3.94444444444444,2009.0
840752,Splits and Transitions (Failure Drill #3),James Tarr,207.0,5.0,
2238904,Menander: The Bad Tempered Man (Aris & Phillips Classical Texts) (Ancient Greek Edition),Menander,192.0,3.0,-317.0
2573775,Miss MacKenzie,Anthony Trollope,358.0,4.0,1865.0
1948227,Homicidal Psycho Jungle Cat (Calvin and Hobbes),Bill Watterson,176.0,5.0,1994.0
2485229,What We Wear,Maya Ajmera,32.0,4.0,2012.0
746732,مراعي الفردوس,John Steinbeck,269.0,4.2,1932.0
1550843,The Female of the Species,Mindy McGinnis,348.0,4.27777777777778,2016.0
358714,Quirky Quentin,Indianna Bell,0.0,5.0,
1593792,Убийство в Восточном Экспрессе / Смерть в облаках,Agatha Christie,464.0,4.75,1978.0
1807833,"American Girl Baking: Recipes for Cookies, Cupcakes & More",Williams Sonoma,96.0,4.0,2016.0
1061316,Arte e archeologia delle province romane,"Stefano Maggi,Maria Teresa Grassi,Fabrizio Slavazzi,Giorgio Bejor",368.0,4.0,
1027449,The Leaky Funnel: Earn more customers by aligning Sales and Marketing to the way businesses buy,Hugh Macfarlane,238.0,2.0,2003.0
475128,El Manantial,Ayn Rand,1350.0,4.0,1943.0
1930961,Au temps des requins et des sauveurs,Kawai Strong Washburn,432.0,3.66666666666667,2020.0
1421741,"Mistletoe: A Steamy, Plus Size, Friends to Lovers Christmas Romance (Loving Curves Collection Book 8)",Isabelle M,34.0,4.0,
2402263,Προσωπικότητα και εξουσία: Δημιουργοί και καταστροφείς της σύγχρονης Ευρώπης,Ian Kershaw,496.0,4.0,2022.0
1967224,"Gravity: Verführerische Anziehung (Gravity, #2)",Isabelle Richter,300.0,5.0,
442937,White Collar Girl,Renée Rosen,431.0,4.03846153846154,
162930,Secrets from the Center of the World (Volume 17) (Sun Tracks),Joy Harjo,80.0,3.5,1989.0
1898203,Musenküsse. Die täglichen Rituale berühmter Künstlerinnen,Mason Currey,288.0,3.0,2019.0
982611,Our God is good - Spiritual Blessings in Christ,Paul Yonggi Cho,165.0,4.33333333333333,1987.0
1542416,"White Soul: Country Music, the Church and Working Americans",Tex Sample,186.0,4.0,1996.0
183862,"Information Theory, Coding and Cryptography",Arijit Saha,280.0,4.0,2013.0
607391,The Pilot and the Little Prince: The Life of Antoine de Saint-Exupéry,Peter Sís,48.0,4.36363636363636,2014.0
210122,"Mindfulness en la vida cotidiana: Donde quiera que vayas, ahí estás (Divulgación) (Spanish Edition)",Jon Kabat-Zinn,294.0,3.83333333333333,1994.0
2432629,I Kissed a Boy and I Killed Him ( I Am Alive Episode 2 ),Cameron Jace,68.0,5.0,2012.0
869806,Khullam Khulla: Rishi Kapoor Uncensored,Rishi Kapoor,348.0,3.4,
2353089,The Old Gray Wolf (Charlie Moon #17),James D. Doss,336.0,5.0,2012.0
1137470,The Cadaver Game (Wesley Peterson #16),Kate Ellis,383.0,3.8,2012.0
2202402,Pupetta: Gute Mädchen gehorchen,Isabelle Herzog,472.0,4.0,
1076234,Thanking the Moon: Celebrating the Mid-Autumn Moon Festival,Grace Lin,32.0,5.0,2010.0
765906,Seventy-Seven Clocks (Bryant & May #3),Christopher Fowler,484.0,4.33333333333333,2005.0
577659,Paint It Black And Other Stories,Sarah Jane Huntington,245.0,4.0,
230797,"Detonaciones (Warship Jolly Roger, #2)",Sylvain Runberg,56.0,4.0,2015.0
2291486,After World Religions: Reconstructing Religious Studies (Religion in Culture),David G. Robertson,222.0,3.0,2016.0
1834838,"A Call to Arms (The Damned, #1)",Alan Dean Foster,341.0,2.0,1991.0
485098,"Zombie Family Reunion (Diary of a Minecraft Zombie, #7)",Zack Zombie,152.0,4.41666666666667,2015.0
793345,Zumbo: Adriano Zumbo's Fantastical Kitchen of Other-worldly Delights,Adriano Zumbo,256.0,5.0,2011.0
1173216,The Darkest Hour: (Prequel to the Alpha Moon Rising Series) Paranormal Romance,Scarlet Young,38.0,4.0,
524644,Praterfrühling: Erzählungen,Stefan Zweig,375.0,4.0,1990.0
348046,Η αναφορά τού Μάουρο,Andrea Camilleri,214.0,2.0,
2594350,"Wedding Drama (Nikki & Deja, #5)",Karen English,112.0,5.0,2012.0
2525287,Before the Shattered Gates of Heaven (Shattered Gates Volume 1),Bryan S. Glosemeyer,416.0,5.0,
741571,The Private Life: Poems,Lisel Mueller,72.0,5.0,1976.0
348115,"Jo Nesbø Collection Pack a Harry Hole Mystery Set: Redbreast, Nemesis, the Devil's Star, the Redeemer, the Snowman, the Leopard, Headhunters",Jo Nesbø,,4.75,
2299427,"The Other World's Books Depend on the Bean Counter, (Light Novel) Vol. 1: Holy Maiden Summoning Improvement Plan",Yatsuki Wakatsu,279.0,5.0,2019.0
2023484,Unexpected Magic (The Chronicles of Andar #1),Laura M. Drake,226.0,4.0,
1754420,Appenes planet: Hvordan smartphonen ændrede verden,Thomas Hylland Eriksen,280.0,3.0,
2019864,Fatal Decision: Anzio and the Battle for Rome,Carlo D'Este,608.0,3.0,1991.0
1329421,"Mating With Monsters: Minotaur, Ogre and Demon",Carrie Hines,24.0,5.0,
1177376,Big Chicken: The Incredible Story of How Antibiotics Created Modern Agriculture and Changed the Way the World Eats,Maryn McKenna,400.0,4.77777777777778,2017.0
1096479,"Seperti Dendam, Rindu Harus Dibayar Tuntas",Eka Kurniawan,245.0,4.12173913043478,2014.0
2270103,The Penniless Bride,Nicola Cornick,357.0,4.0,2003.0
1149023,Urlaub für Profis (German Edition),Maria Resco,296.0,5.0,
2550032,"Στον οίκο των ψεμάτων (Inspector Rebus, #22)",Ian Rankin,520.0,3.66666666666667,2018.0
1746400,Apocalypse Child: A Life in End Times,Flor Edwards,225.0,3.66666666666667,2018.0
420766,Quality Time,Jim Gaffigan,254.0,4.0,
2310995,La escritura y el cuerpo,Gabriel Josipovici,184.0,4.0,1982.0
769076,"Safe Harbor (The Lake Trilogy, #3)",AnnaLisa Grant,329.0,3.93333333333333,2013.0
2028650,Chicago: A Novel,David Mamet,352.0,2.66666666666667,2018.0
2296641,"The Book Swap: The 2024 romance novel about book lovers, for book lovers - uplifting, moving, and full of love",Tessa Bickers,336.0,3.0,2024.0
2085714,La Maîtresse du Soleil,Sandra Gulland,605.0,5.0,2008.0
256714,Drench My Halls,Liv Serda,316.0,5.0,
1012033,Spiritual Wisdom on Conquering Fear,Harold Klemp,60.0,5.0,2005.0
1598237,Tráva,Keum Suk Gendry-Kim,448.0,5.0,2017.0
194788,La paciencia del agua sobre cada piedra,Alejandra Kamiya,119.0,4.06521739130435,2023.0
1365384,Two Little Girls in Blue,Mary Higgins Clark,416.0,4.35294117647059,2006.0
743510,Correio Nada Elegante,Marina Oliveira,79.0,3.5,
228000,Mischief Managed,TinaX2,,4.0,
422180,Amore per tre (Cupido Agency Vol. 1),Fabiola D'Amico,320.0,4.0,2014.0
1070614,Taking Berlin: The Bloody Race to Defeat the Third Reich,Martin Dugard,352.0,4.16666666666667,
431023,"El diablo en invierno (Wallflowers, #3)",Lisa Kleypas,288.0,4.13333333333333,2006.0
2522064,Destiny's Outcast: Wuxia Martial Cultivation Fantasy Book 23,yun yang wu tian,564.0,5.0,
2040780,The Happiest Mommy You Know: Why Putting Your Kids First is the Last Thing You Should Do,Genevieve Shaw Brown,240.0,5.0,
2257750,Live No Lies Bible Study Guide plus Streaming Video: Recognize and Resist the Three Enemies That Sabotage Your Peace,John Mark Comer,112.0,3.66666666666667,
291169,"The Shadow Thieves (Rules for Thieves, #2)",Alexandra Ott,400.0,5.0,2018.0
1873054,Broken Hearts : Série Saint Vincent 1 (Portuguese Edition),Annie Belmont,586.0,3.375,
2170006,Matlau'l-İtikâd fî Ma'rifeti'l-Mebdei ve'l-Meâd,Fuzûlî,112.0,5.0,
1413749,Snowfall,Sharon Sala,235.0,4.2,2001.0
779070,Das andere Tal,Scott Alexander Howard,451.0,4.0,2024.0
634445,Grif's Salvation (Delta Force Team Panther #6),Annabella Stone,281.0,4.5,2019.0
694792,La paràbola del sembrador,Damian Duffy,266.0,1.0,2020.0
1512858,Mayowa and the Masquerade,Lola Shoneyin,32.0,3.0,2010.0
1453090,The Haunting of Hill House,Shirley Jackson,233.0,3.5,1959.0
1329336,Amy Tan's Fish Cheeks & Sarah Vowell's The First Thanksgiving - A Comparative Analysis,Philip Anderson,5.0,5.0,2013.0
1953192,ELA: Dirty things beneath the sheet,Dixit,89.0,4.0,
683218,Batman. Zabójczy żart,Alan             Moore,64.0,3.66666666666667,1988.0
50058,Peace by Piece,Peter Loth,205.0,5.0,2012.0
701002,Geheimnis in der Tiefe (Meeresglühen #1),Anna Fleck,496.0,4.27777777777778,2020.0
1989803,The Sandman #29: Thermidor,Neil Gaiman,26.0,3.6,1991.0
2413698,Livingsky (Merry Bell Mystery),Anthony Bidulka,260.0,3.0,
2193133,"Heir of Fury (The Roxanne Fosch Files, #3)",Jina S. Bazzar,543.0,5.0,2020.0
2539099,The Prayer Journal: A Creative Guide to Bible-Inspired Living with Devotional Reflections,Alabaster Co.,224.0,5.0,
436760,Dreaming In Black And White,Brett Fuller,182.0,5.0,
2219005,"Вальс гормонів. Маса тіла, сон, секс, краса і здоров'я - усе, мов на долоні",Наталія Зубарєва,,4.0,
2073805,Hurt for Me,Heather  Levy,,5.0,2024.0
787593,My Sexy Necromancer Girlfriend,Aya Ocean,26.0,5.0,
1079764,Deadly Glow: The Radium Dial Worker Tragedy,Ross Mullner,175.0,4.0,1999.0
2366185,The Keto Diet for Beginners: Challenge Yourself and Start Your Ideal 7-day Keto Diet Plan To Lose Weight in 21 Days,Andrew H. Williams,87.0,5.0,2014.0
421348,Avant l'oubli,Lisa Blumen,248.0,3.75,2021.0
2350831,"A Billionaire After Dark (The Overnight Billionaires, #2)",Katie Lane,336.0,4.0,2016.0
890062,My Mom My Hero: Alzheimer's - A Mother and Daughter's Bittersweet Journey,Lisa R. Hirsch,182.0,4.5,2013.0
402604,Drakkon: Empire's Curse,Maham Fatemi,464.0,4.0,
566630,سفری طولانی از روز به شب,Eugene O'Neill,230.0,5.0,1956.0
1613306,Advanced Soaring Made Easy,Bernard Eckey,173.0,5.0,
1290823,TRAJECTORY: Tracking the Approaching Tribulation Storm,Terry James,383.0,5.0,
626186,"The Comprehensive Guide on How to Read a Financial Report, + Website: Wringing Vital Signs Out of the Numbers",John A. Tracy,352.0,5.0,2014.0
122652,Лили Чудото в дивия Див Запад (#7),Knister,106.0,4.0,1996.0
2418564,"Deadly After Dark (Hot Blood, #4)",Michael Garrett,280.0,3.0,1994.0
368939,Soul On Fire - The Life And Music Of Peter Steele,Jeff Wagner,305.0,4.33333333333333,2014.0
2499605,भ्रम का पुलिंदा: BHRAM KA PULINDA (Hindi Edition),Rajeev Patel,215.0,5.0,
2060672,Cyrus 1: L’encyclopédie qui raconte (Cyrus - L’encyclopédie qui raconte) (French Edition),Christiane Duchesne,150.0,4.0,
1909640,实用程序育儿法,[美]特蕾西·霍格，[美]梅琳达·布劳,0.0,3.0,
1796501,‫كنوز الهند: روكامبول (الجزء الحادي عشر)‬ (Arabic Edition),بونسون دو ترايل,312.0,4.0,
692623,Thursday's Children (Frieda Klein #4),Nicci French,432.0,3.8125,2014.0
1829673,"Taken (Give & Take, #1)",Kelli Maine,256.0,3.5,2012.0
2445875,Philip K. Dick: A Comics Biography,Laurent Queyssi,144.0,1.0,2018.0
1476431,La Mosca,Gusti .,36.0,1.0,2005.0
1416994,"Harry Potter y el prisionero de Azkaban (Harry Potter, #3)",J.K. Rowling,359.0,4.66666666666667,1999.0
2187551,His BBW Baddie: Love In The Trenches,Barbie Amor,208.0,5.0,
229753,"Selby Speaks (Selby, #2)",Duncan Ball,152.0,3.75,1991.0
1360320,"Love Again at the Heart of Main Street (Nestled Hollow, #4)",Meg Easton,228.0,4.75,2019.0
1871000,Flying South 2020,Misc Writers,208.0,4.0,
176361,Άκου ανθρωπάκο,Wilhelm Reich,144.0,3.91666666666667,1946.0
1490964,The Book of Mirrors,E.O. Chirovici,288.0,4.5,2017.0
609617,Depois,Stephen        King,192.0,4.0,2021.0
637336,First Thrills,Lee Child,380.0,3.34210526315789,2010.0
97799,My Word is My Bond: The Autobiography,Roger Moore,502.0,4.08333333333333,2008.0
723192,"The Never King (Vicious Lost Boys, #1)",Nikki St. Crowe,193.0,4.0,2022.0
1906326,Effective Staffing for Vital Churches: The Essential Guide to Finding and Keeping the Right People,Bill Easum,176.0,3.0,2012.0
251213,คดีฆาตกรรมในคฤหาสน์หน้ากากมหัศจรรย์ 1,Yukito Ayatsuji,273.0,4.0,2012.0
1850156,Una muerta maravillosa (Spanish Edition),Norberto José Olivar,25.0,4.0,
1888298,Kims Tagebuch: Happy Halloween (Die drei !!! Sonderbände),Sina Flammang,182.0,4.0,
611096,"Hidden Passions (Hidden, #7)",Emma Holly,250.0,4.5,2013.0
396043,"Mirror of the Sea: A mythical fantasy of love, friendship and sea-monsters set in an island kingdom. (The Magic of Miraven Book 2)",Judith Lepore,376.0,5.0,
2127425,"In Due Time: A Journey Through Infertility, Loss, and Embracing the Unknown",Jen Noonan,168.0,5.0,2015.0
2022572,Das Universum liefert immer zweimal – Manifestieren mit Energie nach dem Gesetz der Anziehung: Ein Kurs im Wunder machen & glücklich sein (German Edition),Sarah Hertz,162.0,4.0,
2240078,"The Ghost (Professionals, #2)",Jessica Gadziala,239.0,4.57142857142857,2018.0
987633,The Nude and the Rude: An Inspector Jo Dire Mystery,Bannon Ross,312.0,2.0,
1338998,A faca de dois gumes,Fernando Sabino,240.0,4.75,1985.0
1128373,The Long Weekend,Gilly Macmillan,336.0,3.52173913043478,2022.0
2494180,"Kill Team (Galaxy's Edge, #3)",Jason Anspach,334.0,5.0,2017.0
2274282,Pain de viande avec dissonances,Zviane,152.0,3.0,2011.0
1974709,Healing Arthritis: Your 3-Step Guide to Conquering Arthritis Naturally,Susan Blum,368.0,3.33333333333333,2017.0
995121,Niewidzialni. Tom 1,Grant Morrison,328.0,5.0,2014.0
293157,FORTNITE Chapter 5 Season 2: MYTHS & MORTALS. 2024: The Ultimate Gaming Guide (Fortnite Gaming Guides),Dean Simmons,125.0,5.0,
1692356,Camilla's Roses,Bernice L. McFadden,272.0,4.5,2004.0
2554635,Laugh! I Thought I'd Die (If I Didn't) : Daily Meditations on Healing through Humor,Anne Wilson Schaef,416.0,3.0,1990.0
607561,"Pet Shop of Horrors, Vol. 2 (Pet Shop of Horrors, #2)",Matsuri Akino,224.0,4.16666666666667,2003.0
1795519,The Power of Scrum,Jeff Sutherland,129.0,2.0,2011.0
771005,The Man Who Quit Money,Mark Sundeen,260.0,4.14634146341463,2012.0
1457055,The Last Continent (Discworld #22),Terry Pratchett,392.0,3.0,1998.0
1758354,เอี้ยก่วย เจ้าอินทรี เล่ม 3,Jin Yong,416.0,4.0,1959.0
1719563,Swim Back to Me,Ann Packer,8.0,2.93333333333333,2011.0
1142288,Nutrición esencial: Recetas plant-based ricas y saludables (Cocina natural nº 3) (Spanish Edition),Iván Iglesias,197.0,2.0,
2102880,"Vampire Ever After? (Blood and Snow, #12)",RaShelle Workman,61.0,4.33333333333333,2013.0
40690,Royal,Danielle Steel,286.0,4.625,2020.0
1817113,Fifty Shades of Love,R.M. Simoné,177.0,5.0,2015.0
1389862,Tender: A Cook and His Vegetable Patch,Nigel Slater,626.0,4.0,2009.0
1862786,Dogteam,Gary Paulsen,32.0,4.0,1993.0
2030056,He's Captured my Trust (Captured #2),Karen Frances,311.0,5.0,2015.0
2479779,How to Raise a Feminist Son: A Memoir & Manifesto,Sonora Jha,304.0,3.0,2021.0
1545738,The Tell-Fang Heart,Elle Wren Burke,204.0,4.5,
973479,The Lighthouse: The Mystery of the Eilean Mor Lighthouse Keepers,Keith McCloskey,261.0,2.0,2014.0
2228035,Catch My Gaze: A St. Rowe Urban Romance (St. Rowe Saga Book 1),Kellz Kimberly,394.0,4.4,
200876,"Expediţia dispărută (Poptropica, #2)",Mitch Krpata,112.0,5.0,2016.0
339516,The Girl From Number 22,Joan Jonker,,5.0,2004.0
529951,"Hell's Revenge (Princess of Hell, #3)",Eve Langlais,79.0,4.07142857142857,2011.0
1823302,"La Corda d'Oro, Volume 13",Yuki Kure,190.0,3.0,2011.0
2087822,Beauty from the Inside Out: Makeup • Wellness • Confidence,Bobbi Brown,224.0,3.0,
529056,"Summer of Secrets (Bluford, #10)",Paul Langan,164.0,5.0,2004.0
619891,"My Servant, My Lover  (The Sebastian Chronicles, #2)",T.L. Travis,28.0,1.0,2016.0
248672,Роботите (втори том),Isaac Asimov,656.0,5.0,1973.0
2312714,"Life is an Open Secret: You, Me and We",Zabrina A. Bakar,,4.0,2008.0
622829,"The Rake (Boston Belles, #4)",L.J. Shen,416.0,4.44,2022.0
619374,Combat Reporter: Don Whitehead's World War II Diary and Memoirs,Don Whitehead,258.0,5.0,2006.0
1068383,"The Tiger's Love (Beasts, #1)",Emilia Hartley,0.0,4.0,2019.0
2196155,"The Dark Prophecy (The Trials of Apollo, #2)",Rick Riordan,414.0,4.5,2017.0
1703837,Little Germany: A History of Bradford's Germans,Susan Duxbury-Neumann,166.0,5.0,
776247,Product Roadmaps Relaunched: How to Set Direction while Embracing Uncertainty,C. Todd Lombardo,358.0,4.28571428571429,2017.0
414885,Bergdorf Blondes,Plum Sykes,224.0,2.8,2004.0
1734462,A Joosr Guide to… Black Box Thinking by Matthew Syed: Why Most People Never Learn from Their Mistakes—But Some Do,Joosr,23.0,4.0,
2457032,A Greater Glory (The Trials of Kit Shannon #4),James Scott Bell,301.0,3.0,2003.0
2465181,Walking a Tightrope,Emma Gilman,342.0,4.0,
2514756,Benched (The Love and Law Series Book 2),Blythe Rippon,344.0,5.0,2017.0
953587,Та сама я (Ukrainian Edition),Джоджо Мойєс,511.0,5.0,
1162811,The Family Next Door: The Heartbreaking Imprisonment of the Thirteen Turpin Siblings and Their Extraordinary Rescue,John Glatt,314.0,3.66666666666667,2019.0
1718226,I Witnessed: The Lizzie Borden Story,Jeramey Kraatz,,2.0,
1752105,New Worlds for Old,Lin Carter,326.0,3.0,1971.0
2477308,"I Will Always Love You (Gossip Girl, #12)",Cecily von Ziegesar,385.0,3.87671232876712,2009.0
952980,Love and Transformation: An Ovid Reader,Richard A. LaFleur,192.0,5.0,1994.0
54839,Stasi Child (Karin Müller #1),David      Young,406.0,4.0,2015.0
2258987,Hybris: Die Reise der Menschheit: Zwischen Aufbruch und Scheitern.,Johannes Krause,0.0,5.0,
188673,"The Nameless Day (The Crucible, #1)",Sara Douglass,704.0,4.0,2000.0
108377,"SQL for Beginners: Learn the Structured Query Language for the Most Popular Databases including Microsoft SQL Server, MySQL, MariaDB, PostgreSQL, and Oracle",Preston Prescott,94.0,3.0,2015.0
2458599,The Boy at the Top of the Mountain,John Boyne,224.0,5.0,2015.0
1009298,Д-р Спок: Грижи за бебето и детето,Benjamin Spock,616.0,3.0,1946.0
788452,"The Lost Symbol (Robert Langdon, #3)",Dan       Brown,18.0,2.5,2009.0
2377499,Binnen de muren,Giorgio Bassani,208.0,3.0,1956.0
1385358,"Take Down (Texas Heroes, #1)",Jess Anastasi,230.0,4.0,2019.0
1598991,Pure (New World Magic #1),Kim Alexander,140.0,3.5,
1724048,"Icy Blue Descent (Jay Leicester, #4)",J.C. Simmons,170.0,4.0,2002.0
2195969,List Your Self: Listmaking as the Way to Self-Discovery,Ilene Segalove,304.0,5.0,2008.0
640020,Strange Bodies,Marcel Theroux,376.0,3.78571428571429,2013.0
1667007,The Fake Date,Trisha Bradley,226.0,5.0,
453879,Gentlemannen Handbok I Det Klassiska Herrmodet,Bernhard Roetzel,357.0,5.0,
2549805,Νύχτες με ουρά,Αντώνης Σουρούνης,248.0,2.0,2010.0
262570,Second Honeymoon,Joanna Trollope,418.0,3.75,2006.0
1286228,The Anger Workbook: An Interactive Guide to Anger Management,Les Carter,256.0,4.0,1992.0
1756278,"The Music, The Moos and The Murder",Heather    Graham,21.0,4.5,
2353427,The Freelance Manifesto: A Field Guide for the Modern Motion Designer,Joey Korenman,358.0,4.0,
2409282,The Strange Death of Vincent Foster,Christopher Ruddy,320.0,5.0,1997.0
236615,Déjate caer (Te esperaré #4),Jennifer L. Armentrout,384.0,3.625,2015.0
339362,A Daddy for Valentine's,Amy Cummings,73.0,5.0,
1317811,If Everybody Did,Jo Ann Stover,48.0,3.75,1989.0
401865,George and the Steam Museum,Molly Arbuthnott,14.0,5.0,
842085,Sands of the Well,Denise Levertov,136.0,4.33333333333333,1996.0
2339063,أما أنا فلستـــ  من طين,رامي أبو شهاب,94.0,5.0,2019.0
983005,Solid Stiehl,D.J. Herda,212.0,5.0,
1128793,ألغاز تاريخية محيرة: بحث مثير في أكثر الأحداث غموضا على مر الزمن,Paul Aron,238.0,3.0,2000.0
2285111,Las caprichosas maldiciones de Sôichi 1,Junji Ito,296.0,4.0,
2137963,Doctor Who: Unnatural History,Kate Orman,279.0,4.25,1999.0
2594983,Wicked Justice (Sutton Capital On the Line Book 3),Lori Ryan,205.0,4.0,
429144,Geheim dagboek van een puritein,Samuel Pepys,246.0,3.0,1669.0
463701,Rhysidod (The Celestial Chronicles #2),Xander Jade,602.0,4.5,2022.0
515206,"El exilio (El elfo oscuro, #2)",R.A. Salvatore,336.0,4.26315789473684,1990.0
1998178,هناك حيث ينتهي النهر,مريم عبد العزيز,191.0,3.0,
1449837,The Martian Monster and Other Stories,Jack Kamen,178.0,3.0,2019.0
499174,The Crows of Pearblossom,Aldous Huxley,32.0,3.0,1944.0
354431,Nothing to Fall Back On: The Life and Times of a Perpetual Optimist,Betsy Carter,,5.0,2002.0
1183549,"Organizations: Behavior, Structure, Processes",James L. Gibson,,3.0,1900.0
966011,Selfmade Woman,Sofia Ghasab,0.0,3.0,
150520,The Love of Singular Men,Victor Heringer,144.0,4.33333333333333,2016.0
1406529,"40 Days to Wholeness: Body, Soul, and Spirit: A Healthy and Free Devotional",Beni Johnson,141.0,4.0,
1100898,Nessuna pietà,Argyros Singh,250.0,4.0,
1684618,"17 Anti-Procrastination Hacks: How to Stop Being Lazy, Overcome Procrastination, and Finally Get Stuff Done",Dominic Mann,50.0,3.66666666666667,2016.0
395722,The Secret Lives of Church Ladies,Deesha Philyaw,224.0,3.5,2020.0
390007,There I Find Wisdom (Strawberry Sands Beach Romance Book 9) (Strawberry Sands Beach Sweet Romance),Jessie Gussman,120.0,5.0,
295763,Mind Games,Nora Roberts,419.0,4.66461538461538,2024.0
1139281,"Necropolis (Whyborne & Griffin, #4)",Jordan L. Hawk,202.0,3.0,2016.0
947124,O Mar dos Murmúrios,Tim Bowler,240.0,5.0,2013.0
1933598,Cloud Architecture Patterns,Bill Wilder,178.0,4.0,2012.0
2081375,Pumped Dry Vol. 2 (Taboo Hucow Dairy Historical Erotic Romance),Georgia Fowler,20.0,5.0,2014.0
61708,Mysterium,Robert Charles Wilson,309.0,3.90909090909091,1994.0
46669,"Rugged Trails (Two Thousand Grueling Miles, #2)",L.J. Martin,204.0,4.5625,
418695,"Le avventure di Rupert e il Riccio n.2 (Le avventure di Rupert e il Riccio, #2)",Fraffrog,64.0,5.0,2020.0
1236646,Sunshine And Rain (Rain Series Book 9),Vanessa Miller,177.0,5.0,
2237364,Չքնաղ նոր աշխարհ,Aldous Huxley,312.0,4.5,1932.0
1797027,"Ecology, Ethics, and Interdependence: The Dalai Lama in Conversation with Leading Thinkers on Climate Change",John D.  Dunne,340.0,3.0,
475893,Bloemen van steen,Ilaria Tuti,336.0,4.6,2020.0
1771498,Onze Contos de Machado de Assis,Machado de Assis,106.0,4.0,1992.0
641318,Sedem manželov Evelyn Hugovej,Taylor Jenkins Reid,400.0,4.41666666666667,2017.0
908680,Never Date Your Best Friend (Never Date #4),Jules Barnard,108.0,4.0,2015.0
1003799,I Don't Look Like What I've Been Through 2,Jenica Johnson,332.0,4.0,
841032,Hobbomock,Ryan C. Thomas,181.0,4.0,2016.0
1502242,Midnight and Blue (Inspector Rebus #25),Ian Rankin,352.0,4.23076923076923,2024.0
1631810,Protect and Defend,Eric L. Harry,587.0,5.0,1997.0
1960737,"Ahjin Guild Arc (Solo Leveling, Vol. 15)",Chugong,435.0,4.0,
792561,"Wien (Die Reise deines Lebens, #1)",Jule Pieper,348.0,3.5,2022.0
2515863,Vertel het niet aan je broer,Meir Shalev,256.0,4.33333333333333,2022.0
2042201,The Devil's Promise: Blade and Sasha - Book 2.5 (The Devil's Skull MC),Murphy Wallace,49.0,4.0,2022.0
1207517,Morgunfrúa,Sólrun Michelsen,172.0,4.0,
427788,Haunted Lady,Mary Roberts Rinehart,237.0,4.0,1942.0
731859,The Collector,John Fowles,272.0,3.44444444444444,1963.0
153739,The Little Guide to Empathetic Technical Leadership,Alex Harms,139.0,5.0,
307731,La settimana santa,Louis Aragon,550.0,4.0,1958.0
922930,"On the Apostolic Tradition (St. Vladimir's Seminary Press ""Popular Patristics"" Series) (St. Vladimir's Seminary Press ""Popular Patristics"" Series)",Hippolytus of Rome,222.0,4.0,300.0
2380183,The Daily Addition Quest Workbook For Kids: 2000 Math Addition Questions With Answer Sheet For Kids ages 4-8 | Kindergarten 1st Grade 2nd Grade Workbook | Homeschool Kids | Addition Worksheets,Sam Menard,206.0,4.0,
1111515,The Red Fox Clan (Ranger's Apprentice: The Royal Ranger #2),John Flanagan,352.0,4.76,2018.0
2071110,Bombshell Boss,Callie Cole,46.0,5.0,
2566182,Searching ...: For Healing After Reunion,Carol Schaefer,344.0,2.0,
1548443,"Masters of Seduction: Volume 1 (Masters of Seduction, #1-4)",Lara Adrian,360.0,4.0,2014.0
2484085,Ma vie rouge Kubrick,Simon  Roy,178.0,3.0,2014.0
202639,"Bag Man: The Wild Crimes, Audacious Cover-Up, and Spectacular Downfall of a Brazen Crook in the White House",Rachel Maddow,291.0,4.25806451612903,2020.0
854690,Ondergrondse notities,Fyodor Dostoevsky,144.0,4.0,1864.0
1105740,Mary,Nat Cassidy,405.0,3.76416819012797,2022.0
389391,Blood of the Wolf (City of Chains #3),Sebastian   Priest,,4.0,2023.0
2063024,Sabrina Manga #34,Tania del Rio,23.0,4.0,
923759,CompTIA Security+: SY0-601 Certification Guide - Second Edition: SY0-601 Certification Guide: Complete coverage of the new CompTIA Security+ (SY0-601) exam to help you pass on the first attempt,Ian Neil,516.0,5.0,
969053,20 years of Separation,Shey Marie,238.0,5.0,
1294005,Waiting to Be Heard: A Memoir,Amanda Knox,480.0,4.36363636363636,2013.0
744026,La caída de la Casa Usher,Edgar Allan Poe,27.0,3.5,1839.0
96014,Por qué los hombres quieren sexo y las mujeres necesitan amor,Allan Pease,311.0,5.0,
1749321,New World Orders,Edward G. Talbot,,4.0,2008.0
1639731,Large-Scale Scrum: More with Less,Craig Larman,368.0,4.0,2014.0
2215319,Peter: The Untold True Story,Christopher Daniel Mechling,220.0,5.0,2013.0
2081048,Jogos Inocentes Jogos,Ricardo Gómez Gil,183.0,2.0,2013.0
584735,Above the Line: Lessons in Leadership and Life from a Championship Season,Urban Meyer,272.0,3.66666666666667,2015.0
2503910,A Murder in Blue: A 1920s Historical Mystery (Penelope Banks Murder Mysteries Book 13),Colette Clark,242.0,4.5,
1736875,The Odyssey,Homer,352.0,5.0,-700.0
272828,The Tantrasara of Abhinava Gupta. Edited with notes by Mahamahopadhyaya Pandit Mukund Ram Shastri,Abhinavagupta,0.0,5.0,2010.0
4690,Når kongen dør,Elina Backman,480.0,3.0,2020.0
2240121,Elegance in Darkness: An MMMMF Paranormal Romance (Historiefortæller Book 1),N. Slater,245.0,4.0,
994525,Cold Sea Rising,Richard Moran,352.0,2.0,
1458787,"New Moon (The Twilight Saga, #2)",Stephenie Meyer,563.0,3.95,2006.0
293280,"The Pale Criminal (Bernie Gunther, #2)",Philip Kerr,290.0,4.4,1990.0
1357923,மதுமிதா சொன்ன பாம்பு கதைகள்,Charu Nivedita,296.0,3.0,2008.0
461979,Supreme Whispers: Conversations with Judges of the Supreme Court of India 1980-89,Abhinav Chandrachud,326.0,3.75,
987411,Becoming my Roommate's Pet: A Straight-to-Gay First Time MM Erotic Short Story (Good Kitten Book 1),Mark Daniel,37.0,5.0,
1767634,"Alpha Turned (Wolf Appeal, #1)",K.B. Alan,214.0,3.0,2009.0
2175442,De lange reis van de Poesaka,Armando Ello,192.0,5.0,
2010386,El Bandito: The Autobiography,Orig Williams,194.0,5.0,2010.0
1191744,"El lamento del hielo (Prodigios, #3)",Costa Alcalá,408.0,3.0,2023.0
606592,An Introduction to Indian Art Part 1 : Textbook in Fine Arts for Class 11 - 11144 Paperback – 2013 by NCERT (Author),NCERT,131.0,5.0,
2596460,Loo! (Dirty Bertie),Alan MacDonald,96.0,3.0,2010.0
2149964,"Homunculus, vol. 2",Hideo Yamamoto,,5.0,2015.0
322910,DI FRANK MILLER - The First 4: Books 1-4,John Carson,1348.0,4.0,
2431390,Dazzling (Diamond Trilogy #1),Elizabeth Hayley,,5.0,2016.0
1053478,KANJI FLASHCARDS Most Common Words: Novels & Newspapers Part 3,Nihongo Kyouiku,0.0,5.0,
425196,Les dones sàvies de la muntanya: L'aventura prodigiosa de dues trementinaires en temps heroics,David Martí Martínez,264.0,3.0,2014.0
1141458,Jacobus Arminius Stands His Ground: A Declaration against High Calvinism,John S. Knox,120.0,4.0,
1046836,"Hard Asset (Cobra Elite, #2)",Pamela Clare,296.0,4.75,2019.0
1783171,"Leaving (Bailey Flanigan, #1)",Karen Kingsbury,0.0,4.0,2011.0
1131325,"Smrtelná odplata (Pravá krev, #11)",Charlaine Harris,320.0,3.5,2011.0
1955244,Little Li's Flying Dagger,Gu Long,,5.0,1970.0
660519,"Fled for Refuge (Refuge, #1)",Kristina Hall,282.0,5.0,
1666583,Hüter der fünf Leben,Nica Stevens,284.0,3.0,2017.0
1419473,The Bean Trees,Barbara Kingsolver,323.0,4.05714285714286,1988.0
234358,Dragon Teeth,Michael Crichton,144.0,4.125,2017.0
2483340,Identity is the New Money (Perspectives),David Birch,140.0,4.0,2014.0
972179,"Wages of War (Immortal Realms, #3)",Elle Beaumont,337.0,4.0,
1077994,Lolita,Vladimir Nabokov,318.0,4.2,1955.0
1602530,Love on the Other Side - A Nagabe Short Story Collection,Nagabe,216.0,3.41666666666667,2019.0
599948,Robert B. Parker's The Hangman's Sonnet (A Jesse Stone Mystery Book 16),Reed Farrel Coleman,370.0,4.5,2017.0
1073277,Queer,William S. Burroughs,192.0,3.66666666666667,1985.0
465321,Matthew Vescovo: Instructoart Lesson 1: Informative Yet Aesthetically Pleasing,Matthew Vescovo,80.0,4.0,2004.0
1240810,Double Cross (Large Print),James Patterson,506.0,4.5,2007.0
1448739,"Run, Jonah, Run (The Black Book: Diary of a Teenage Stud, #3)",Jonah Black,224.0,4.4,2002.0
699576,"Secrets of the Brother (Cavalieri Billionaire Legacy, #3)",Zoe Blake,394.0,4.33333333333333,
1796792,Listy do neba,Ava Dellaira,272.0,4.0,2014.0
2491137,Introduction to the Lute: for Guitar and Lute Players,Rob Mackillop,103.0,5.0,
947137,Sentir y saber: El camino de la consciencia,António Damásio,193.0,4.0,2021.0
647488,Baby Loves Spring!: A Karen Katz Lift-the-Flap Book (Karen Katz Lift-The-Flap Books),Karen Katz,14.0,4.33333333333333,2012.0
1686766,This Bed Our Bodies Shaped,April Lindner,81.0,5.0,2012.0
1874954,"Timing (Timing, #1)",Mary Calmes,233.0,4.85714285714286,2010.0
130306,Burying My Dead,Bettie Lennett Denny,414.0,4.0,
205670,"Southern Heartbreaker (Charleston Heat, #4)",Jessica  Peterson,318.0,3.875,2022.0
696756,"L'Anarchia, Il nostro programma",Errico Malatesta,70.0,4.66666666666667,1891.0
1750395,Broken Compass,Hilary Anne,360.0,4.0,
835502,All My Friends are Going to Be Strangers: A Novel,Larry McMurtry,,2.0,1972.0
658072,বাউল ফকির কথা,Sudhir Chakraborty,364.0,4.0,2001.0
2074836,Fermé la nuit,Paul Morand,168.0,4.0,1925.0
451885,Malos deseos (Mackenzie #2),Sarah Julia Kane,208.0,3.0,2014.0
246159,"The Dark Discovery of Jack Dandy (Steampunk Chronicles, #2.5)",Kady Cross,44.0,4.0,2013.0
2456703,"Only For Her Honor (The Theodosia Sword, #2)",Christi Caldwell,131.0,5.0,2017.0
1935139,"Until It's Gone (Wounded Warriors, #5)",Karen Wiesner,270.0,5.0,2009.0
2436487,Smějící se slzy aneb Soukromý život Jana Wericha,Frantisek Cigner,,2.0,2013.0
1027909,A Legião Estrangeira,Clarice Lispector,104.0,5.0,1964.0
2502732,Champagne Problems (Moonflower Cove),Addison Clarke,243.0,4.55555555555556,2022.0
2103760,Castra Damnatorum (Necrodemic #2),Patrick Leis,532.0,5.0,2017.0
1324410,Skuggaren,Bo R. Holmberg,,1.0,2012.0
1786765,Chance Encounters,Lise Gold,154.0,4.75,
1704865,Sur le théâtre de marionnettes,Heinrich von Kleist,31.0,5.0,1810.0
2369330,"The Poppy War (The Poppy War, #1)",R.F. Kuang,527.0,4.33774834437086,2018.0
2535166,Introduction to Managerial Accounting,Ray H. Garrison,680.0,5.0,2001.0
1432476,Aesthetic and Reconstructive Surgery of the Breast: Expert Consult,Elizabeth Hall-Findlay,696.0,5.0,2009.0
49643,Kui mind enam ei ole,Adam Haslett,352.0,3.0,2016.0
1876947,"Czarownica (Patrik Hedström, #10)",Camilla Läckberg,592.0,4.11111111111111,2017.0
1084663,The Almost Nearly Perfect People: Behind the Myth of the Scandinavian Utopia,Michael Booth,388.0,3.75,2014.0
2350559,La reina de Jade,Yxta Maya Murray,384.0,1.0,2005.0
2299463,"まどからマドカちゃん 3 (Mado kara Madoka-chan, #3)",Yasuhiro Fukuda,144.0,3.0,2018.0
1616595,Beasts of Olympus 1: Beast Keeper: Book 1,Lucy Coats,192.0,3.0,2015.0
132167,The Study: The Inner Life of Renaissance Libraries,Andrew Hui,336.0,4.0,
2376579,The Maddest Obsession,Danielle Lori,330.0,4.5,2019.0
2135761,The Capital Catch (Ballpark Mysteries #13),David A. Kelly,112.0,5.0,2017.0
2273086,Apple and Eve (Fun To ReadBooks),Dick Corman,288.0,3.0,
786308,Saban's Go Go Power Rangers: Forever Rangers #1,Ryan Parrott,42.0,5.0,
1429911,Historia de un canalla,Julia Navarro,864.0,3.20967741935484,2016.0
868090,Sligger Island (Sliggers Book 2),Michael Yowell,168.0,4.0,
85910,The Jordan Quest FBI Thriller Series #1-3 (Jordan Quest FBI Thriller),Gary Winston Brown,896.0,4.0,
2129366,"L'amore non si spiega (Manhattan, #2)",Katy Evans,198.0,3.0,2018.0
2237211,Bakelite Radios: A Fully Illustrated Guide For The Bakelite Radio Enthusiast,Robert Hawes,128.0,5.0,
527625,Renaissance (Les Héritiers d'Enkidiev #1),Anne Robillard,460.0,3.94736842105263,2010.0
2481242,"The Judgement of Strangers (Roth, #2)",Andrew  Taylor,280.0,4.0,1997.0
822392,Dünyanın En Güzel Arabistanı,Turgut Uyar,176.0,4.0,
1940471,Smartest Investment Book Youll Ever Read Canadian Edition: The Simple Stress Free Way To Reach Your Investment Goals,Daniel R. Solin,208.0,4.0,2006.0
487496,A Return to Christmas,Chris Heimerdinger,224.0,3.83333333333333,1996.0
1350334,Darkwater,Dorothy Eden,223.0,4.0,1963.0
1061686,Chet Henderson: Texas Ranger: Baptism of Fire: A Texan Western Adventure Novel Sequel (A Chet Henderson Western Adventure Book 6),Peter Alan Turner,158.0,5.0,
2563482,Vas a ser eterno: (Morgan nº6) (Spanish Edition),Anny Peterson,524.0,5.0,
2137899,Betrayed: A Play,George Packer,128.0,5.0,2008.0
1040907,Detroit Is Our Beat : Tales of the Four Horsemen,Loren D. Estleman,256.0,4.0,2015.0
545254,Il sesso delle donne (Italian Edition),Anne Akrich,131.0,3.5,2022.0
2185847,Mostro di Firenze - Al di là di ogni ragionevole dubbio,Paolo Cochi,358.0,5.0,2020.0
1252646,"How to Draw Fortnite. 50 Skins, Weapons, Tools and Items: Draw Your Favorite Skins. Drawing Fortnite Heroes (Unofficial Book)",Elrori Publishing,103.0,1.0,
639146,Gece,Bilge Karasu,231.0,4.34782608695652,1985.0
2329032,The Secret of Grace: Stop Following the Rules and Start Living,Steve McVey,192.0,5.0,2014.0
1986983,Strange Stories: The Photography of Gerald Davis,Todd Oldham,96.0,5.0,2014.0
2180792,Who Put the Devil in Deviled Eggs?,Ann Treistman,173.0,5.0,2011.0
1312488,Currency of Souls (Milestone #1),Kealan Patrick Burke,208.0,4.5,2007.0
269435,"Demon's Doorway (Damned and Cursed, #4)",Glenn Bullion,259.0,4.35714285714286,2013.0
1066408,Tricks & Pranks (A Little Giant Book),E. Richard Churchill,352.0,4.0,2007.0
91300,The Great Inversion and the Future of the American City,Alan Ehrenhalt,320.0,4.5,2012.0
926903,"Multiple Paths to Literacy, Assessment and Differentiated Instruction for Diverse Learners, K-12 + Myeducationlab",Joan Gipe,432.0,3.0,2009.0
194210,"101 Excel 2013 Tips, Tricks and Timesavers",John Walkenbach,320.0,5.0,2013.0
2422787,"My Bookstore Baby: Share the Joy of Reading, Dive into Favorite Fairy Tales, and Say I Love You! (Sweet Board Books, Shower Gifts for New Parents) (My Baby Locale)",Rose Rossner,24.0,5.0,
384901,Fantomas contra los vampiros multinacionales,Julio Cortázar,108.0,3.75,1975.0
1278327,Top Class Killer (Seuil Policiers) (French Edition),Jon Osborne,368.0,4.0,
205810,"Breaking Up With Sugar: Divorce the Diets, Drop the Pounds, and Live Your Best Life",Molly Carmel,288.0,5.0,2019.0
2265972,A Pet For Fly Guy Paperback,Tedd Arnold,32.0,5.0,2014.0
415567,Дракон,Evgeny Shvarts,115.0,4.5,1942.0
1425630,An Untoward Bliss of Moons,Terrie Leigh Relf,,5.0,2014.0
1254728,Beyond Parallel,Matthew  Turner,202.0,5.0,2013.0
2034260,Of All the Things You Do,Thomas Atherton,133.0,5.0,
2195183,The Little White Trip,Peter Joseph Gallagher,,5.0,
525767,The Charred Witness,George Harmon Coxe,239.0,5.0,1942.0
141284,The Reeducation of Cherry Truong,Aimee Phan,368.0,3.0,2012.0
2578429,Where the World Turns Wild,Nicola Penfold,352.0,4.5,
541825,"Die Suche 2 (Avatar der Herr der Elemente, #6)",Gene Luen Yang,80.0,4.5,2013.0
1692305,"The Magical Detectives and the Forbidden Spell (The Magical Detectives, #2)",Brian Keaney,224.0,5.0,2011.0
2091889,Without Mercy,Lisa Jackson,433.0,4.0,2010.0
557826,The Egyptian Hermes: A Historical Approach to the Late Pagan Mind,Garth Fowden,272.0,4.0,1986.0
2426741,পাহাড়-কন্যা ওয়াসফিয়া,নাসিমা খান,16.0,5.0,2022.0
909936,"The Arrangement 10: The Ferro Family (The Arrangement, #10)",H.M. Ward,134.0,4.5,2013.0
1603710,Choose Me (The Lindstroms #4),Katy Paige,440.0,5.0,
357753,ink and parchment | blood and bone,Rose_by_another_name,930.0,3.0,
1591152,Compromised (Stephanie Chalice Mystery #6),Lawrence Kelter,313.0,3.75,2015.0
1383464,Deadly Misunderstandings: or Murder in a Papershop!,Alex Cotton,287.0,4.0,
1445034,"The Hard Way (Jack Reacher, #10)",Lee Child,,3.0,2006.0
493637,Operation Mincemeat: How a Dead Man and a Bizarre Plan Fooled the Nazis and Assured an Allied Victory,Ben Macintyre,434.0,4.2,2010.0
1785582,This Book Is Full Of Sexy Women - 27 (Sexy Photo Book),Scott Winters,104.0,4.0,
2123499,"怎麼看 (跟一行禪師過日常, #7)",Thich Nhat Hanh,56.0,4.5,
2481621,Il partito personale: I due corpi del leader (Saggi tascabili Laterza Vol. 346) (Italian Edition),Mauro Calise,98.0,3.0,
2049634,No Idol Left Behind (Take My Hand Book 2),Sydney Dell,188.0,4.0,
837668,The Curse of Hera (Camp Hercules #1),P.J. Hoover,302.0,4.47368421052632,2018.0
27747,A rózsákról,Zoltán Danyi,472.0,4.0,2021.0
1315042,The Ghost of Valentine Past (Haunting Danielle #7),Bobbi Holmes,539.0,4.5,2016.0
955471,"Three Blind Dates (Dating by Numbers, #1)",Meghan Quinn,12.0,4.5,2018.0
954970,Zombie,Joyce Carol Oates,192.0,3.33333333333333,1995.0
2009862,Left Behind Boxed Set 1 (#1-5),Tim LaHaye,0.0,4.83333333333333,2003.0
2421988,Justice for Some: Law and the Question of Palestine,Noura Erakat,1.0,5.0,2019.0
1995617,Fire In The Sky,Joel Goldman,18.0,1.0,2011.0
147981,The Schools We Need: And Why We Don't Have Them,E.D. Hirsch Jr.,336.0,3.8,1996.0
140736,Mädchenfänger,Jilliane Hoffman,458.0,5.0,2010.0
1952260,Gezellig!,Petra Vethman,256.0,4.0,
2057803,Cattiva madre,Serena Ballista,90.0,2.0,
2126086,Botero: Paintings 1959-2015,Rudy Chiappini,256.0,5.0,2015.0
424217,Idéias e Crenças,José Ortega y Gasset,292.0,4.0,1940.0
2029349,"Take It All (Blinded by Love, #1)",Emma Grayson,378.0,3.25,2013.0
1659128,"El mago diabólico (Goosebumps, #41)",R.L. Stine,133.0,3.0,1996.0
2352271,கொஞ்சிப் பேசக் கூடாதா (குடும்ப நாவல்) (Tamil Edition),தேவிபாலா,105.0,3.0,
1890252,"What is this emotion?? For Kids: Book for Ages 2-6 for Kids, Toddlers, Boys, Girls, Kids, preschool&Kindergarten,Guessing Game, word Guessing Game,Picture ... Activities Book (Guessing Game for kids 11)",R. Rose,28.0,5.0,
1355301,Mit Blick aufs Meer,Elizabeth Strout,476.0,4.0,2008.0
889679,El caballero de Sajonia (Contemporanea) (Spanish Edition),Juan Benet,176.0,3.0,2015.0
1231359,Η κότα που ονειρευόταν να πετάξει,Sun-mi Hwang,160.0,3.81818181818182,2000.0
1530644,"Cibola Burn (The Expanse, #4)",James S.A. Corey,587.0,4.24324324324324,2014.0
470471,"The Loyal One (Walnut Creek, #2)",Shelley Shepard Gray,304.0,3.5,2019.0
114873,The Earthbound Cook: 250 Recipes for Delicious Food and a Healthy Planet,Myra Goodman,461.0,3.66666666666667,2010.0
1953248,On Yankee Station: The Naval Air War over Vietnam (Bluejacket Books),John B. Nichols,225.0,4.0,1987.0
1324208,Verschwörung auf Castle Cant,K.P. Bath,320.0,2.0,2004.0
370343,His Many Demands: Book Three,Ali Parker,284.0,4.16666666666667,2019.0
184498,"A Cowboy's Heart (The McGavin Brothers, #4)",Vicki Lewis Thompson,218.0,5.0,2017.0
143186,愛を与える獣達(1)無骨な熊と王者の獅子と異界の『番』【単行本版】【イラスト入り】 愛を与える獣達【単行本版】 (Japanese Edition),茶柱一号,627.0,3.0,
1221762,Unshackled: From Ruin To Redemption,Gene McGuire,304.0,4.5,
2317237,"Off Track (Nashville Fury, #2)",Chelle Sloan,332.0,4.25,
237592,Yesterwary,Styna Lane,,5.0,2015.0
1011732,Attention!: The power of simple decisions in a distracted world,Rob  Hatch,282.0,3.0,
2166153,The Complete Guide to Chip Carving,Wayne Barton,144.0,4.0,2007.0
417636,You Can Run,Karen   Cleveland,0.0,5.0,2021.0
270264,The Action Pack Box Set,Dean  Crawford,0.0,5.0,
1617153,"Captain and First Mate (A Pirate's Life for Me, #1)",Tricia Owens,224.0,4.0,2012.0
1012459,Nature's Hidden Force: Joining Spirituality with Science,George T. Ainsworth-Land,147.0,5.0,2014.0
1380464,Coding for Kids: Scratch: Fun & Easy Step-by-Step Visual Guide to Building Your First 10 Projects (Great for 7+ year olds!) (Short Stories for Kids),Nathan Jobs,98.0,2.0,
1090981,"Los siete círculos del infierno (El reino de los malditos, #2)",Kerri Maniscalco,480.0,4.17647058823529,2021.0
1593,Frank & Fearless,Nicholas Cowdery,274.0,4.33333333333333,
796056,Pulp,Charles Bukowski,192.0,4.5,1994.0
300418,Dead to Her,Sarah Pinborough,320.0,2.0,2020.0
2582275,"La regina delle sventure (Shadows of Redemption, #2)",Ajme Williams,339.0,5.0,
2424197,"Murder by an Aristocrat (Sarah Keate, #5)",Mignon G. Eberhart,,2.0,1932.0
739243,1912 Garden Party,Emma Brown,44.0,3.0,2013.0
125837,Redemption Ranch (Love Inspired),Leann Harris,224.0,4.0,2012.0
1371895,Lilly in the Dark: A Flickered Flame After Dusk Unveils The Lust Of...,Lakisha Love Dawn Askins,202.0,4.0,
1941473,"Start-Up City: Inspiring Private and Public Entrepreneurship, Getting Projects Done, and Having Fun",Gabe Klein,215.0,5.0,2015.0
765904,总统是靠不住的：近距离看美国之二,林达,428.0,5.0,2004.0
863902,"Blue-Ribbon Babies and Labors of Love: Race, Class, and Gender in U.S. Adoption Practice",Christine Ward Gailey,199.0,5.0,2009.0
1200330,Puman,Laura Trenter,206.0,4.0,2004.0
2600544,The Big Jump And Other Stories,Benjamin Elkin,64.0,5.0,1958.0
2085547,The Monkey's Raincoat[MONKEYS RAINCOAT (R)][Mass Market Paperback],RobertCrais,0.0,5.0,
1393461,Enslaved: The Sunken History of the Transatlantic Slave Trade,Simcha Jacobovici,12.0,4.5,
39070,Aldrig kunde han döda mig: En sann berättelse om att överleva incest,Lena Morin Nilsén,275.0,3.0,
1135010,El pudor del pornógrafo,Alan Pauls,149.0,3.5,1984.0
651592,Have You Prayed For Your Pastor Lately?,Deborah L. Grant,75.0,5.0,2008.0
305516,The Underboss: The Rise and Fall of a Mafia Family,Dick Lehr,272.0,4.0,1989.0
591974,Rotos,Don Winslow,672.0,4.0,2020.0
1238222,Suite francese,Irène Némirovsky,415.0,4.66666666666667,2004.0
942667,Hireling's Tale (Castlemere Mystery series Book 6),Jo Bannister,325.0,3.0,1999.0
2017247,"Poison Evidence (Evidence, #7)",Rachel  Grant,289.0,3.0,2016.0
1323225,Mould (Liam Tate #1),Steven   Jenkins,167.0,1.0,
2286958,Volver. Ritorno per il commissario Ricciardi (Le indagini del commissario Ricciardi Vol. 18),Maurizio de Giovanni,264.0,4.4,
1217985,Vijftien Minuten,Karen Kingsbury,352.0,2.0,2013.0
1634725,El perro del hortelano,Lope de Vega,95.0,4.0,1618.0
884130,Shangri-la Frontier - Tome 01,Katarina,208.0,5.0,2022.0
1577261,"How to Speak Science: Gravity, Relativity, and Other Ideas That Were Crazy Until Proven Brilliant",Bruce Benamran,336.0,4.0,
321972,"The Mammoth Hunters (Earth's Children, #3)",Jean M. Auel,784.0,3.5,1985.0
225680,Dirty Little Secrets: Breaking the Silence on Teenage Girls and Promiscuity,Kerry Cohen,256.0,4.25,2011.0
665962,100 Bullshit Jobs...And How to Get Them,Stanley Bing,320.0,3.33333333333333,2006.0
1339226,Olympians: Artemis: Wild Goddess of the Hunt,George  O'Connor,80.0,5.0,2017.0
2578875,Siipimiehenä Kannaksella: hävittäjälentäjä Kosti Keski-Nummi (Finnish Edition),Jukka Piipponen,145.0,5.0,
797364,"Die andere Seite des Spiegels (Darkover Anthology, #4)",Marion Zimmer Bradley,182.0,4.0,1987.0
306104,"SNIPPETS: Or how I survived the Vietnam war, a killer cat, a grenade in my luggage and other goofball adventures",Chuck Tweed,144.0,5.0,
611821,Finding Hope: Er darf mich nicht vergessen (Saving Love #2),Sophia Como,410.0,4.16666666666667,2019.0
2032132,As Investigações de Poirot,Agatha Christie,210.0,4.0,1924.0
33194,Fifth Avenue Glamour Girl,Renée Rosen,,4.0,2023.0
500649,Das Lächeln der Medusa : Die Geschichte des modernen Wissens,Peter Watson,1184.0,5.0,2000.0
886503,دیوانه و خدایان زمینی,Kahlil Gibran,,3.5,2007.0
1215840,"Resurrecting Her (The Revive Series, #2)",A.M.  Wilson,,5.0,
410430,Sonichu #5,C.C. .,,5.0,
2174323,"Бог да ви поживи, мистър Роузуотър",Kurt Vonnegut Jr.,218.0,4.0,1965.0
933426,Everything Flows,James   Greer,180.0,5.0,2012.0
1221021,Veeck As In Wreck: The Autobiography of Bill Veeck,Bill Veeck,400.0,3.91891891891892,1962.0
2163668,จะข้ามมหาสมุทร อย่าหันกลับไปมองชายผั่ง,หนุ่มเมืองจันท์,188.0,4.0,
739609,Soldier's Return (Colton 911: Chicago #4),Karen Whiddon,288.0,2.0,2021.0
2603322,Winded (Musings of Merlin Book 2),Emma Shelford,267.0,4.0,2017.0
1241255,Love is a mess,Jessica Lascar,415.0,4.2,
142856,Legacy (Filthy Marcellos #3.5),Bethany-Kris,105.0,4.0,2015.0
148815,Christmasaurus,Tom    Fletcher,384.0,4.63636363636364,2016.0
1499036,The Phantom of the Opera,Gaston Leroux,320.0,4.0,1910.0
855318,Violet Jelly: Illustrated,Ann Sharples,108.0,5.0,2010.0
2106497,"Matt (Red, Hot & Blue, #11)",Cat Johnson,76.0,4.33333333333333,2013.0
1410411,"Efsuncunun Son Oyunu (Belgariad, #5)",David Eddings,319.0,4.0,1984.0
2138854,I THINK THAT IT IS WONDERFUL and other poems from sesame street,David Korr,24.0,4.0,1984.0
1375942,Mama's Boy and Other Dark Tales,Fran Friel,280.0,4.5,2008.0
2178530,Escaping Apartheid: A Letter to My Mother,Nomanono Isaacs,192.0,3.0,2013.0
232412,"The Earth, My Butt, and Other Big Round Things (Virginia Shreves, #1)",Carolyn Mackler,256.0,3.91689008042895,2003.0
585766,"Cut: The True Story of an Abandoned, Abused Little Girl Who Was Desperate to Be Part of a Family",Cathy Glass,310.0,4.30120481927711,2008.0
1938678,"Path of the Assassin, Vol. 5: Battle of One Hundred and Eight Days",Kazuo Koike,312.0,4.5,2014.0
1049066,Twelfth Night (Shakespeare Study Texts),William Shakespeare,320.0,4.5,1602.0
906394,Antología poética del Siglo de Oro,Salvador Sole Camps,154.0,1.0,2010.0
2149972,Opio (Panorama de Narrativas) (Spanish Edition),Maxence Fermine,168.0,4.5,2002.0
230214,Changing Leaves,Edie Bryant,151.0,3.0,
1914210,Obedience to Authority (Perennial Classics),Stanley Milgram,256.0,4.5,1974.0
746580,Bananas: How The United Fruit Company Shaped the World,Peter  Chapman,272.0,3.35294117647059,2007.0
1609101,Sailing Logbook & Journal: Captain's Log | Sailing Adventures | Insprirational Quotes,Michelle Segrest,108.0,5.0,
1611693,"With the Light: Raising an Autistic Child (With the Light, #8)",Keiko Tobe,304.0,5.0,
1433846,My Mexico: A Culinary Odyssey with More Than 300 Recipes,Diana Kennedy,550.0,5.0,1998.0
2181380,Il suffit de dix respirations,K.A. Tucker,289.0,5.0,2012.0
1565262,Wild at Home: How to style and care for beautiful plants,Hilton Carter,324.0,4.5,2019.0
1562312,Toutankhamon l'odyssée d'Howard Carter (French Edition),Patrick Mallet,0.0,5.0,
2139612,"Armagedón. La derrota de Alemania, 1944-1945",Max Hastings,768.0,5.0,2004.0
541313,Playbook to a Murder,Vincent Hill,144.0,1.0,2010.0
2347418,‫لأنك ولدي: امرأة أفغانية تبحث عن طفلها المفقود‬ (Arabic Edition),جين ساسون,336.0,4.0,
635339,Slow Release,Suzanne Steele,213.0,5.0,2015.0
780952,Political Sociology and the People's Health (Small Books Big Ideas in Population Health),Jason Beckfield,224.0,3.0,
1639190,Kompile Hikayeler,Nihat Genç,96.0,3.0,2004.0
2516384,Animal Farm,Animal Farm Orwell,106.0,3.66666666666667,
786035,La guerre n'a pas un visage de femme,Svetlana Alexievich,414.0,5.0,1983.0
1211600,How to be Free,Tom Hodgkinson,300.0,4.5,2006.0
2600281,Det perfekta paret,Elin Hilderbrand,447.0,4.0,2018.0
2482250,The Brave Little Tailor,Andrej Dugin,32.0,4.0,1996.0
2261861,"ლეგენდა (ლეგენდა, #1)",Marie Lu,317.0,4.66666666666667,2011.0
364569,CHACHA CHAUDHARY AND MIGHTY SABU: CHACHA CHAUDHARY,Pran Kumar Sharma,35.0,5.0,2015.0
1063482,Un travail comme un autre,Alex W. Inker,180.0,4.0,2020.0
1123029,Through the Medicine Cabinet (The Zack Files #2),Dan Greenburg,64.0,4.0,
975160,The Little Mermaid Live Action Novelization,Faith Noelle,256.0,4.75,
1032072,Nocturno,Tony Sandoval,220.0,4.0,2012.0
142534,La buena vida. Visita guiada a las casas de la modernidad,Iñaki Ábalos,208.0,5.0,2001.0
204221,White Noise,Don DeLillo,376.0,3.33333333333333,1985.0
573416,Hope and Dread in Psychoanalysis,Stephen A. Mitchell,304.0,4.5,1993.0
1028564,Etrange printemps aux Glenan,Jean-Luc Bannalec,428.0,3.0,2013.0
1296208,Our Great Big Backyard,Laura Bush,40.0,3.0,2016.0
862645,O Tesouro de Rackham o Terrível (As Aventuras de Tintim),Hergé,62.0,4.0,1943.0
1409153,World War Z: The Art of the Film,Titan Books,160.0,4.75,2013.0
1806752,Een samenzwering van idioten,John Kennedy Toole,384.0,2.5,1980.0
1622655,"If You See Them: Young, Unhoused, and Alone in America",Vicki Sokolik,404.0,4.5,2024.0
585163,One Life Stand เดี่ยวดี เดี่ยวร้าย,คันฉัตร รังษีกาญจน์ส่อง,208.0,3.5,
11778,El amor de Dafne (Los Lancaster #3),Sarah M. Eden,434.0,4.0,2017.0
921557,"Emergence: The Connected Lives of Ants, Brains, Cities, and Software",Steven Johnson,288.0,3.0,2001.0
2494686,"Audette of Brookraven (Eldentimber, #4)",Shari L. Tapscott,258.0,5.0,2016.0
2390582,"The Bloodline War (The Community, #1)",Tracy Tappan,402.0,4.16363636363636,2013.0
738673,The Sydney Rye Mysteries Box Set: Books 1-8,Emily Kimelman,1831.0,3.6,
935414,The Heart Of Buddha's Teaching,Thich Nhat Hanh,296.0,4.25,1998.0
617114,هاملت,William Shakespeare,,4.0,1601.0
160216,The Tea Plantation,Nicola Italia,279.0,2.88888888888889,2014.0
2279295,District Laboratory Practice in Tropical Countries,Monica Cheesbrough,464.0,5.0,2005.0
2499020,Philanderer - A Rogue's Life in Spain: Finding my Feet,Gilbert Wolfe,190.0,4.0,
1546168,El Silmarillión,J.R.R. Tolkien,448.0,5.0,1977.0
511216,Pesos y medidas,Joseph Roth,152.0,4.0,1937.0
2599142,დედის ოთახი,Naira Gelashvili,500.0,5.0,1987.0
1112604,Testament,Vickie Gendreau,159.0,3.25,2012.0
1672224,ديوان النابغة الذبياني,محمد أبو الفضل إبراهيم,291.0,5.0,
2454514,"Masterpieces of Mystery, Vol. 1 (of 4) Ghost Stories",Joseph Lewis French,184.0,5.0,
2101484,The Little Book of Mindfulness: Poetry for the mind.,Sofia A,76.0,5.0,
2365999,Forgive to Live: How Forgiveness Can Save Your Life,Dick Tibbits,156.0,2.0,2006.0
1427804,"Holy Madness: Romantics, Patriots, and Revolutionaries, 1776-1871",Adam Zamoyski,509.0,5.0,1999.0
1761018,An English-Indonesian Dictionary,John M. Echols,660.0,3.0,1975.0
1761462,Dune: House Corrino #6,Brian Herbert,,4.33333333333333,
1335312,Cu ochii minții (Doctrina Mortală #1),James Dashner,320.0,3.0,2013.0
1349230,Force of Blood: A Woods Cop Mystery (Woods Cop Mysteries),Joseph Heywood,384.0,2.0,2011.0
583916,Het geheime kistje van Elle,Aline van Wijnen,358.0,3.0,2021.0
204823,"Relentless (Somerton Security, #2)",Elizabeth  Dyer,300.0,5.0,2018.0
297323,Football in the Land of the Soviets,Carles Viñas,176.0,4.0,2019.0
1128206,Out of Practice Aphrodite (The Goddess Chronicles #1),S.E. Babin,389.0,3.0,2014.0
2403579,Hondo,Louis L'Amour,208.0,3.63636363636364,1953.0
1181773,Revenge through Landscaping: Stories,Erik     Larsen,259.0,1.0,2010.0
921521,Under the Bus: Seven Deadly Sins of Big Bus Miami,Larry Dent,380.0,1.0,
428247,Mid-Life Ex-Wife,Stella Grey,300.0,4.0,2017.0
144298,The Seamstress’ Daughter,جمانة حداد,224.0,5.0,2018.0
2339479,Beat Down (Abductions #2),J.A. Konrath,60.0,4.0,2014.0
2233543,"Soul Snatcher (Weapon of Mass Seduction, #1)",Jackie  Egan,347.0,3.83333333333333,
530776,"Last Shot: A coming-of-age memoir of addiction, ambition and redemption",Jock Zonfrillo,336.0,4.5,2021.0
2024436,Belly Laugh,Randall Garrett,4.0,2.0,2010.0
1325271,Sangre de monstruo; ¡Invisibles!,R.L. Stine,0.0,5.0,
994605,Impertinent Decorum: Gay Theatrical Manoeuvres (The Cassell Lesbian and Gay Studies),Ian Lucas,205.0,3.0,1994.0
1384514,The Vultures Talons,Ayralea Lander,60.0,2.5,
1577290,On Alexander's Track to the Indus: Personal Narrative of Explorations on the North-West Frontier of India,Aurel Stein,182.0,3.0,2015.0
772976,The Tiger Gang and the Hijackers,Dafne Bidwell,230.0,5.0,1976.0
801047,La leggenda di Huma-La leggenda della Stormblade-La leggenda di Weasel. Gli eroi. DragonLance,Nancy Varian Berberick,,5.0,2000.0
586620,"Implementing Cisco Unified Communications Manager, Ccpt1 Foundation Learning Guide",Josh Finke,472.0,3.5,2011.0
388171,The BrokeAss Gourmet Cookbook,Gabi Moskowitz,224.0,3.0,2012.0
1687462,Sectors and Styles: A New Approach to Outperforming the Market,Vincent Catalano,272.0,4.0,2006.0
335639,At the Edge of the Universe,Shaun David Hutchinson,485.0,3.8,2017.0
2300925,The Bridesmaid,Ruth Rendell,294.0,3.0,1989.0
461661,"Ο ιεροκήρυκας (Fjällbacka, #2)",Camilla Läckberg,520.0,3.66666666666667,2004.0
423685,Ceramic Uncles & Celluloid Mammies,Patricia A. Turner,238.0,5.0,1994.0
2257674,You Will Get Through This Night,Daniel  Howell,317.0,5.0,2021.0
145784,Penghancuran Buku dari Masa ke Masa,Fernando Báez,373.0,4.0,2003.0
1271896,"Ignite Me (Shatter Me, #3)",Tahereh Mafi,408.0,4.34615384615385,2014.0
962821,Beaded Bracelets: 25 Dazzling Handcrafted Projects,Claudine McCormack Jalajas,152.0,5.0,2014.0
1654254,Regency Sting,Elizabeth Mansfield,232.0,4.0,1980.0
759246,A teoria do iceberg,unknown author,0.0,4.0,
1767082,"Faire le ménage chez soi, faire le ménage en soi: Et si faire le ménage était une thérapie ? (Poche-Psychologie) (French Edition)",Dominique Loreau,256.0,2.0,2011.0
1177073,Pua and Heihei (Disney Moana) (Step into Reading),Suzanne  Francis,24.0,5.0,2017.0
619767,Fox's Bride,A.E. Marling,305.0,4.0,2012.0
507054,The Girl in the Woods,David Jack Bell,344.0,4.33333333333333,2008.0
782541,The Cliffs,J. Courtney Sullivan,16.0,3.25,2024.0
615826,DAW 30th Anniversary Science Fiction,Elizabeth R. Wollheim,480.0,4.0,2002.0
1957489,YAMA: From Shadows to Sovereignty: Epic/Cultivation Adventure Book 27,pao pao hei,535.0,2.0,
112593,"Little Pilgrim's Big Journey Part II: Christiana & The Celestial City (The Pilgrim's Progress for Kids, #2)",Tyler Van Halteren,232.0,5.0,
2261126,The Investigator's Legal Handbook,Gordon Scott Campbell,632.0,5.0,2006.0
632928,Hypnotize Me: A Valentine Novella,Shanel,42.0,5.0,
2282811,Once in a Lifetime: Do you really only get one shot at love?,Chrissie Manby,384.0,3.5,2014.0
1304131,"PunisherMAX, Vol. 2: Bullseye",Jason Aaron,144.0,5.0,2010.0
1647378,Maze-Born Trouble,Ginn Hale,80.0,3.0,2016.0
158309,"Pride, Prejudice, and Cheese Grits (Jane Austen Takes the South, #1)",Mary Jane Hathaway,316.0,4.66666666666667,2013.0
997429,Torn Veil (Rainer Series),Gregory R. Marshall,322.0,5.0,
1466344,Dulce Mente: Los porqué de la pastelería,Gustavo Saez,,2.0,
2058553,Tiny Timmy: The big Break (Tiny Timmy #6),Tim  Cahill,125.0,4.33333333333333,
2322215,失楽園 6 [Shitsurakuen 6],Toru Naomura,172.0,3.0,2011.0
2025376,"Edge of the Past (Edge, #2)",Jennifer Comeaux,269.0,5.0,2012.0
251419,"Jonas (Robinson Destruction, #5)",Kathi S. Barton,133.0,4.0,
357343,Gamma 212: Conspiration (French Edition),A.F. Tognoni,448.0,4.0,
426470,Windows Internals: The Implementation of the Windows Operating Environment,Matt Pietrek,560.0,3.0,1993.0
319561,Nomada. Din Islam in America (Romanian Edition),Ayaan Hirsi Ali,0.0,4.0,2010.0
103889,One Hundred Famous Views of Edo,Hiroshige Utagawa,256.0,5.0,1856.0
987464,"Reliquary (Reliquary, 1)",Sarah Fine,288.0,4.0,2016.0
41803,Hard Fought (Stepbrother Warriors #2),Celia Loren,169.0,3.0,
2371314,The Pets at Primrose Cottage,Sheila Norton,386.0,4.66666666666667,
2032471,En sang om kjærlighet,Eeva Kilpi,120.0,3.0,1972.0
1570641,儒林外史,Wu Jingzi,442.0,4.0,1750.0
195312,Fly on the Wall: How One Girl Saw Everything,E. Lockhart,182.0,3.38333333333333,2006.0
2448269,Planting a Church Without Losing Your Soul: Nine Questions for the Spiritually Formed Pastor,Tim Morey,182.0,4.0,
550616,"New Spirit Filled Life Bible: New King James Version, Kingdom Equipping Through the Power of the Word",Anonymous,1888.0,4.0,2008.0
655655,Argylle,Elly Conway,384.0,3.22641509433962,2024.0
1940578,What Autistic Adults And Teens Want You To Know,Julian R. Douglas,25.0,4.0,
501383,Dalalíf III: Tæpar leiðir (Icelandic Edition),Guðrún frá Lundi,402.0,4.5,
586580,Some Like it Greek,Sue Roberts,238.0,3.9375,2020.0
1319508,The Diamond Rule Secrets of a Master Diamond Cutter: How to Dramatically Increase the Value of Your Most Precious Possession- Your Relationships,Nate Booth,166.0,4.0,2001.0
671542,Fucking King,Ella Lores,422.0,5.0,
1788101,Living Cuisine: The Art and Spirit of Raw Foods,Renee Loux Underkoffler,512.0,5.0,2003.0
1448242,Pounded by Pluto: The Crappiest Planet (Leonard Delaney Presents: The Planets Book 1),Leonard Delaney,23.0,2.25,2015.0
191353,I'm Thinking of Ending Things,Iain Reid,210.0,3.5,2016.0
2262016,The Anime Clothing Bible: The Get-to Attempting To Draw Handbook For Standards Set Outfits And Characters,Gandy Marshal,386.0,2.0,
842580,Nanny for the Alien Prince (Intergalactic Fated Mates #11),Athena Storm,206.0,5.0,2022.0
1658591,Simply from Scratch,Alicia Bessette,313.0,4.125,2010.0
2012654,My Heart Remembers (My Heart Remembers #1),Kim Vogel Sawyer,357.0,4.33333333333333,2008.0
1158111,Mujer Equivocada,Mercedes Rosende,188.0,3.25,2017.0
140172,Singapore Dream and Other Adventures: Travel Writings from an Asian Journey,Hermann Hesse,224.0,4.5,
1158711,The Bare Plum of Winter Rain,Patrick Lane,80.0,4.5,2000.0
940641,Reborn (Supervillain Rehabilitation Project #3),H.L. Burke,306.0,5.0,
2209416,"Insides Out (Diary of a Minecraft Zombie, #11)",Zack Zombie,162.0,4.25,2016.0
2044910,Leningrad: Siege and Symphony,Brian Moynahan,576.0,5.0,2013.0
1140329,"The Demon Prince of Momochi House, Vol. 5 (5)",Aya Shouoto,165.0,4.0,2014.0
216573,No More Vietnams,Richard M. Nixon,240.0,2.5,1985.0
2540703,Miracle on Ice: How a Stunning Upset United a Country (Captured History Sports),Michael Burgan,78.0,4.0,
1072539,Waves of Hope (Sanderling Cove Inn Series Book 1),Judith Keim,313.0,4.61111111111111,
1862764,Sound of Darkness (Krewe of Hunters #36),Heather    Graham,368.0,4.13793103448276,2022.0
842757,Sweetest Sins,Margot Scott,450.0,4.2,
2301615,Making Darkness Light: A Life of John Milton,Joe Moshenska,464.0,1.0,2021.0
2291950,Wet Moon Volume 3: Further Realms of Fright,Ross Campbell,200.0,4.5,2007.0
1529446,Sins of the Fathers,James Scott Bell,321.0,4.66666666666667,2005.0
2334873,Thirty-Two Stories (Poe) (Hackett Publishing Co.),Edgar Allan Poe,390.0,5.0,2000.0
1943469,The Gita Way- Secret Recipe to achieve the purpose of life,Shweta Chandra,192.0,3.73913043478261,2016.0
1005150,בלזק והתופרת הסינית הקטנה,Dai Sijie,160.0,4.0,2000.0
2422626,"Ridge's Release (The Wicked Winemakers First Label, #2)",Heather Slade,366.0,5.0,
1358842,"Bone Walker (The Anasazi Mysteries, #3)",Kathleen O'Neal Gear,672.0,5.0,2001.0
1589576,Discours de la servitude volontaire (French Edition),Étienne de La Boétie,49.0,4.0,1549.0
115651,The Beach House,Jane Green,11.0,3.33333333333333,2008.0
527724,Hitman: My Real Life in the Cartoon World of Wrestling,Bret Hart,593.0,4.72727272727273,2007.0
2116252,DIY Crafts: 20 Creative DIY Projects And Ideas For Your Home,Roxanne Carpenter,34.0,1.0,
2528002,Everyone at This Party Has Two Names,Brad Aaron Modlin,88.0,4.0,
518518,The Sister Wife’s Daughter (Gray West #4),Anya Mora,168.0,3.0,2022.0
262625,"Credible Threat (Blake Jordan, #2)",Ken Fite,232.0,4.625,
1918339,Almost Night,Ann Prospero,320.0,3.0,2000.0
1086814,Pursuing Pandora,Maggie  Brown,249.0,5.0,2020.0
2505957,Extremely Lightweight Guns,Nikki Moustaki,72.0,5.0,
2286859,What Wakes You Up?: Designing Kick-Ass Lives Through Entrepreneurship,Justin Lafazan,271.0,5.0,
639108,ถ้าวันหนึ่งนั้น...ฉันตาย,Kyunghye Lee,150.0,3.33333333333333,2004.0
1463048,Mothic Wreckage,Anya Nagle,174.0,5.0,
867110,Vampire Diaries 6: The Return: Shadow Souls,L.J. Smith,397.0,5.0,2010.0
754294,Death at the Falls (Gilded Age Mystery #7),Rosemary Simpson,304.0,4.66666666666667,2022.0
1020842,"Ik negeerde jou op Texel (Trammelant op Texel, #2)",Lily Frank,89.0,3.5,
2508787,"Fat Angie (Fat Angie, #1)",E.E. Charlton-Trujillo,264.0,3.57407407407407,2013.0
1538246,Las reglas del boxeador (Spanish Edition),Jazmín Riera,864.0,5.0,
146702,"Pygmalion, Tome 1 (Pygmalion, #1)",Chihiro Watanabe,192.0,4.0,2015.0
131891,Perfect Rhythm (Fair Oaks #1),Jae,322.0,4.16666666666667,2017.0
530513,Charmed,Erica Ridley,275.0,3.0,2019.0
567549,那个被我活埋的人 [The Man Who Was Buried Alive by Me],反派二姐,563.0,3.0,
1581478,The White House Boys: An American Tragedy,Roger Dean Kiser,240.0,5.0,2009.0
2052309,Odwrócone,Hayley Chewins,272.0,3.5,2018.0
1748480,عظماء خلدهم التاريخ,بدر عبيد الشمري,,3.0,
300754,"World War II: Behind Closed Doors; Stalin, the Nazis, and the West",Laurence Rees,448.0,4.0,2008.0
2491438,Just Your Local Bisexual Disaster,Andrea Mosqueda,,4.0,2022.0
2327033,The One Who Got Away (Wilde Ways),Cynthia Eden,299.0,3.0,2021.0
732498,"Cozy Mystery Six Book Set (Daisy McDare #1-3,5-7)",K.M. Morgan,,3.66666666666667,
157019,Calm the H*ck Down: How to Let Go and Lighten Up About Parenting,Melanie Dale,288.0,5.0,
356927,A Separation,Katie Kitamura,241.0,4.0,2017.0
964387,A Programmer’s Guide to Data Mining: The Ancient Art of the Numerati,Ron Zacharski,395.0,4.0,
2328487,"Harry Potter e a Câmara Secreta (Harry Potter, #2)",J.K. Rowling,252.0,5.0,1998.0
2196834,La vida del Lazarillo de Tormes,Anonymous,85.0,4.0,1554.0
986980,Heartstopper Vol 2 - Collector's Edition (Italian Edition),Alice Oseman,0.0,4.0,2019.0
810,Ragged Dick and Struggling Upward (Penguin Classics),Horatio Alger Jr.,304.0,2.0,1868.0
707173,Shotgun Lovesongs,Nickolas Butler,317.0,3.0,2014.0
2162825,Das saphirblaue Zimmer,Karen   White,480.0,3.5,2016.0
1740720,"Potęga irracjonalności. Ukryte siły, które wpływają na nasze decyzje",Dan Ariely,308.0,5.0,2008.0
1271613,Colman,Monica Furlong,219.0,3.0,2004.0
1038258,Sing to Me,Christine N. Bailey,118.0,5.0,
1804952,Vowed (The Vampire Journals #7),Morgan Rice,176.0,3.81481481481481,
1934976,The Sin Eater,Alice Thomas Ellis,208.0,3.0,1977.0
1554225,Nasza mama czarodziejka,Joanna Papuzińska,40.0,2.0,1968.0
123312,Next Year I'll Be Perfect,Laura Kilmartin,216.0,3.0,2012.0
1140724,El asesino de las mil caras,Hilario Peña,136.0,5.0,2020.0
1781286,Speak Now: or Forever Hold Your Peace,Becky Monson,366.0,3.85185185185185,2015.0
1650083,The Lighthouse,Lorane Kaye,40.0,4.0,2013.0
1128845,The Matchmaker (Omega Dating Agency 0.5),Aiden Bates,65.0,4.0,2018.0
716810,Line Doggie: Foot Soldier in Vietnam,Charles Gadd,286.0,4.5,1987.0
751681,Honeymoon For One,Portia MacIntosh,344.0,3.83333333333333,2019.0
612015,Der wunde Punkt,Mark Haddon,448.0,3.0,2006.0
868003,"Initiation (Bonfire Academy, #1)",Imogen Rose,475.0,5.0,2011.0
1921628,All That Glitters (Daughter of Fortune #1),Vivienne Savage,260.0,5.0,
140270,"14,000 Things to be Happy About",Barbara Ann Kipfer,611.0,3.66666666666667,1990.0
350793,Cultural Encounters: Three Stories Exploring the Colonial Legacy,Hanif Kureishi,0.0,3.33333333333333,
1318170,"Dyslexia 101: Truths, Myths and What Really Works",Marianne Sunderland,221.0,2.0,
885684,Cap a la bellesa,David Foenkinos,224.0,4.0,2018.0
1488927,I Had a Black Dog: His Name Was Depression,Matthew Johnstone,48.0,4.52941176470588,2005.0
2579892,"Whatever It Takes (Second Chances, #2)",L.E. Bross,224.0,5.0,2015.0
2371181,The Cold Heart,Sara Naveed,306.0,2.0,
2552139,Vuurduivel,Nathalie Pagie,300.0,3.8,2022.0
598146,Mrs. Palfrey at the Claremont,Elizabeth Taylor,232.0,3.53846153846154,1971.0
659124,Ο Μαιγκρέ και ο νεκρός του,Georges Simenon,272.0,4.0,1948.0
110053,"Guns and Shadows (Jake & Maddox, #4)",Louise  Collins,132.0,3.0,2018.0
244842,"The Fate of the Tearling (The Queen of the Tearling, #3)",Erika Johansen,478.0,4.0,2016.0
1780191,"The Tenth Commandment (The Commandment, #2)",Lawrence Sanders,393.0,4.5,1980.0
807904,"The Gap into Conflict: The Real Story (Gap, #1)",Stephen R. Donaldson,229.0,2.5,1990.0
1313516,La llamada de la selva / Colmillo Blanco,Jack London,200.0,4.0,1906.0
2360554,"Rebel Wolf (Aloha Shifters: Pearls of Desire, #4)",Anna Lowe,250.0,5.0,
91243,Happiness Is...200 Ways to Be Creative,Lisa Swerling,128.0,3.0,
917573,"U brdima, horori: srpski film strave",Dejan Ognjanović,204.0,5.0,2007.0
2113558,God is in Control: An Unshakable Peace in the Midst of Life's Storms,Charles F. Stanley,128.0,4.5,2003.0
799966,Strange Days,Constantine J.  Singer,432.0,3.66666666666667,2018.0
1494492,The Case for Christ: A Journalist's Personal Investigation of the Evidence for Jesus (Case for ... Series),Lee Strobel,320.0,4.15384615384615,1998.0
25527,"The Hellfire Conspiracy (Barker & Llewelyn, #4)",Will Thomas,338.0,4.4,2007.0
2504636,Grandpa and Me and the Wishing Star,Barbara J. Porter,32.0,4.0,1990.0
426100,"All The White Lies We Tell (From The Ashes, #2)",Garry Michael,273.0,5.0,2022.0
892134,Carmen: A Vampire's Innocent Seduction,J. Sheridan Le Fanu,82.0,5.0,1872.0
1627194,Caned at the Manor: an adult schoolgirl story,Joy Peters,77.0,5.0,2014.0
2563585,Pop! Flash! (The Secrets and Stilettos Series Book 2),Jamie  Collins,308.0,3.0,
1800711,Trois femmes puissantes,Marie NDiaye,320.0,3.5,2009.0
959416,Destiny with a dash of magic,Simone Richter,,5.0,
2317566,"Holy Frigging Matrimony (Love Game, #1.5)",Emma Chase,106.0,5.0,2013.0
1473862,Phonographics: Contemporary Album Cover Art & Design,Brad Benedict,137.0,5.0,1977.0
2041579,Dynamite: The Story of Class Violence In America,Louis Adamic,380.0,4.5,1931.0
753234,Dwukropek,Wisława Szymborska,48.0,4.625,2005.0
1368876,Bitmeyen Kavga,John Steinbeck,294.0,4.44444444444444,1936.0
2084069,"Murder at Hatfield House (Elizabethan Mysteries, #1)",Amanda Carmack,288.0,3.0,2013.0
54955,Ripper,Shelley Burr,352.0,4.0,2023.0
2570698,"Ο ευρωπαϊκός διαφωτισμός, Τόμος Α",Παναγιώτης Κονδύλης,435.0,5.0,1987.0
913925,Wild Geese,Martha Ostenso,239.0,4.0,1925.0
2273728,The Attic,Antonio Eramo,36.0,5.0,
1704204,No: The Only Negotiating System You Need for Work and Home,Jim Camp,286.0,4.0,2007.0
284287,Trail of the Damned Deacon Wells Book III: The Epic Saga Reaches The Rocky Mountains where it concludes in spectacular fashion,Quinn Heder,405.0,4.0,
1023090,Life is a Dream,Pedro Calderón de la Barca,163.0,4.0,1635.0
2443376,The Return,Roberto Bolaño,199.0,4.14285714285714,2010.0
2546063,The (Un)official Teacher's Manual: What They Don't Teach You in Training,Omar Akbar,141.0,3.0,
941070,Underground Legends Vol. 1,Daudi Abe,88.0,5.0,2013.0
1282401,Desde la biología a la psicología,Humberto R. Maturana,224.0,5.0,2003.0
11879,"Burned (Covington Security, #4)",Rebecca  Sharp,412.0,4.0,2021.0
965225,"Damselfly Inn (Thornton Vermont, #1)",Cameron D. Garriepy,,5.0,2015.0
842577,"Alien Protector's Nanny (Alien Needs a Nanny, #3)",Milly Taiden,157.0,5.0,2023.0
1713299,What Were the Shark Attacks of 1916? (What Was?),Nico Medina,112.0,3.0,
1547173,Black Wave (Forged Hearts #1),L. Renee Richard,344.0,5.0,
2565880,Freedom,Jonathan Franzen,576.0,4.0,2010.0
484857,Until Serena (Happily Ever Alpha World),Chiquita Dennie,196.0,4.66666666666667,
310258,De Inglaterra a Virginia,Alexandra Martin Fynn,363.0,4.0,
762415,Poderosa (Poderosa #1),Sérgio Klein,185.0,3.47058823529412,2006.0
8074,Daughter of Mine,Anne Bennett,610.0,4.875,2007.0
1528604,"The Dharma Comes: Dirty Lickings (Sextreme Games, #1)",S. Ford Brown,233.0,5.0,2014.0
1245915,Sotto il burqa,Deborah Ellis,176.0,4.0,2000.0
916084,The Picture of Dorian Gray,Oscar Wilde,188.0,3.25,1890.0
481180,Detention of Doom,Derek Fridolfs,180.0,5.0,2017.0
1274333,When the Fly Flew In...,Lisa Westberg Peters,32.0,5.0,1994.0
1368918,"DIY: Homemade Beauty Products: Easy DIY Recipes & Holistic Solutions for Glowing Skin and Beautiful Hair (Epsom Salt, Essential Oils, Natural Remedies, DIY Book 1)",Cassia Albinson,66.0,4.0,
128890,"Gizmo (The Puppy Place, #33)",Ellen Miles,96.0,4.5,2014.0
1929911,الهوية والوجود: العقلانية التنويرية والموروث الديني,Dariush Shayegan,256.0,4.0,2019.0
1384110,"Minu Pariis. Kuidas moepealinnas ellu jääda (Minu..., # 8)",Urmas Väljaots,287.0,4.5,2009.0
1878282,"The Disappearing Spoon: And Other True Tales of Rivalry, Adventure, and the History of the World from the Periodic Table of the Elements (Young Readers Edition)",Sam Kean,240.0,3.75,2010.0
2434106,"Stepfamilies: Love, Marriage, and Parenting in the First Decade",James H. Bray,288.0,3.0,1998.0
787088,Naruto: Naruto’s Story—Uzumaki Naruto and the Spiral Destiny (Naruto Novels),Jun Esaka,213.0,5.0,
2477173,"とある魔術の禁書目録 6 (Toaru Majutsu no Index, #6)",Kazuma Kamachi,339.0,3.8,2010.0
1227225,Sand,Hugh Howey,,5.0,2014.0
444631,"Marginalen in de geschiedenis: Over beulen, joden, hoeren, zigeuners en andere zondebokken",Fernand Vanhemelryck,302.0,3.0,2005.0
2011970,High-Leverage Practices in Special Education: The Final Report of the HLP Writing Team,Council for Exceptional Children,130.0,4.0,
1934740,A Vida dos Reis e Rainhas de Portugal,Sofia Andrade e Silva,160.0,4.0,
1788157,Căpitan la cincisprezece ani,Jules Verne,300.0,4.5,1878.0
2332841,Sow Not in Anger,HOFFENBERG,639.0,3.0,
2523515,O marketing depois de amanhã,Ricardo Cavallini,175.0,4.0,2008.0
1814918,Sangre más allá del matadero,Samir Karimo,89.0,5.0,
1638201,Şefkatli Sınıf: İlişki Temelli Öğretmenlik ve Öğrenme,Sura Hart,,5.0,2004.0
1005105,Sebelum Kita Bernikah,Hilal Asyraf,299.0,4.5,2019.0
1693107,1968: El año que conmocionó el mundo,Mark Kurlansky,560.0,5.0,2003.0
1577537,Party For Two: Taboo MILF Erotica,Jack Ryder,16.0,3.0,
974581,efect întârziat,Oxana Gherman,70.0,3.0,
874898,Diálogos de Samira. Por Dentro da Guerra Síria,Marcia Camargos,0.0,3.0,
1359678,George Best: True Genius,Wayne Barton,421.0,4.5,
1523608,Little Red Hen (Golden Storytime Book),Amye Rosenberg,21.0,4.0,1984.0
1227621,Mystic Moonhaven Mysteries: Volume 1 (Mystic Moonhaven Mysteries #1-5),Daisy Landish,210.0,4.5,
6783,Great Books,David Denby,513.0,4.0,1996.0
1217116,Jesus-Centered Small Group Bible Studies (Leader Guide): 7 Sessions for Discovering Jesus in the Old and New Testaments,Rick Edwards,78.0,5.0,
2537456,Revolutionary Women in the War for American Independence: A One-Volume Revised Edition of Elizabeth Ellet's 1848 Landmark Series,Elizabeth Fries Ellet,240.0,4.0,1998.0
220661,The House of Mirth (Signet Classics),Edith Wharton,368.0,4.5,1905.0
524987,"Sztuka czułości. Ksiądz Jan Kaczkowski o tym, co najważniejsze",Joanna Podsadecka,208.0,5.0,2017.0
1563269,"The Platinum Age of Television: From I Love Lucy to The Walking Dead, How TV Became Terrific",David Bianculli,553.0,2.0,2016.0
376191,Sun-Tzu: Art of War-The New Translation,Sun Tzu,299.0,4.5,-400.0
1034265,"The Crystal Cave (Arthurian Saga, #1)",Mary  Stewart,384.0,5.0,1970.0
520293,Mit Gobi durch die Wüste,Dion Leonard,304.0,3.5,2017.0
1659983,How to Read the Bible and Still Be a Christian: Struggling with Divine Violence from Genesis Through Revelation,John Dominic Crossan,267.0,4.0,2015.0
2268835,The First Third,Will Kostakis,248.0,5.0,2013.0
1705928,"Juegos de pasión (Hellion's Den, #3)",Deborah Raleigh,162.0,3.0,2007.0
443234,"Trinity Blood: Reborn on the Mars, Volume 1: The Star of Sorrow",Sunao Yoshida,180.0,4.5,2001.0
2464283,Angry Dragon,Thierry Robberecht,29.0,3.0,2004.0
770505,La mujer de terracota,Zen Cho,100.0,3.125,2011.0
643034,Peregrinação,Fernão Mendes Pinto,144.0,4.0,1614.0
743276,The New Noah,Gerald Durrell,152.0,5.0,1955.0
1563664,"The Ghost of Ivy Barn (Witches of Woodville, #3)",Mark  Stay,,4.0,2022.0
2080135,If I Should Speak,Umm Zakiyyah,200.0,5.0,2001.0
1201401,The Sucker,Orrie Hitt,188.0,3.0,1957.0
2129736,Tuhan dan Hal-Hal yang Tak Selesai,Goenawan Mohamad,200.0,3.0,2007.0
2158615,Anson's Mail-Order Bride: Montana Sky Series (The Jones's of Morgan's Crossing Book 1),Kit Morgan,170.0,5.0,
1132025,Gilroy was Good for Guinness,David Hughes,256.0,5.0,2014.0
29930,In Service of the Republic: The Art and Science of Economic Policy,Vijay Kelkar,448.0,4.2,
678868,"The Hidden Staircase (Nancy Drew Mystery Stories, #2)",Carolyn Keene,182.0,4.07098121085595,1930.0
1509411,Lake of Sorrows (Nora Gavin #2),Erin Hart,351.0,4.0,2004.0
313910,Smashing Pumpkins: Tales of a Scorched Earth,Amy Hanson,256.0,3.0,2004.0
490634,Black & Blue,Sabrina B. Scales,170.0,5.0,
2525238,"Sex, Culture and Modernity in China: Medical Science and the Construction of Sexual Identities in the Early Republican Period",Frank Dikötter,392.0,4.0,1995.0
2329010,Modern Dungeon Capture Starting with Broken Skills (Light Novel) Vol. 3,Yuuki Kimikawa,244.0,4.0,
923866,An Unexpected Hero: Pow Pow Pig 1,Anh Do,0.0,4.0,
935865,"The Token 5 (The Token, #5)",Marata Eros,,5.0,2014.0
1428558,"Extinction End (The Extinction Cycle, #5)",Nicholas Sansbury Smith,480.0,4.0,2016.0
1892944,Μακάρι να το είχα κάνει νωρίτερα,Νόα Τίνσελ,72.0,5.0,2023.0
564747,"Bathe In Fire (Shadows of the Night, #2)",Lara Stein,,4.0,
1477472,"The Immortal Thor, Vol. 2: All Trials Are One",Al Ewing,137.0,3.0,
586535,אפס: ביוגרפיה של רעיון מסוכן,Charles Seife,256.0,4.0,2000.0
368655,My Kind of Beautiful (Finding Love #2),Nikki Ash,341.0,3.64285714285714,
1632893,"The Ruins of Gorlan (Ranger's Apprentice, #1) ",John Flanagan,,5.0,2004.0
211613,Pushed Away (Ridgeside High #2),K.J.  Thomas,182.0,4.0,2019.0
1109711,"Taken by Midnight (Midnight Breed, #8)",Lara Adrian,402.0,4.23076923076923,2010.0
16250,Tarot of the Pyramids: Messages - Guidance - Meditation - Personal and Spiritual Growth - Illustrated with Symbolic Images from Ancient Egypt (Explore ... by the Symbolism of Ancient Egypt.),Marie Chieze,262.0,5.0,
1464573,"The Coffin Maker’s Garden (Ash Henderson, #3)",Stuart MacBride,496.0,3.62962962962963,2021.0
1429676,El bastón de plata,Martín Blasco,131.0,2.75,2010.0
2390389,Моята прекрасна съпруга,Samantha  Downing,404.0,3.75,2019.0
842810,"Onward, Voyager!",Chuck Wendig,540.0,5.0,2015.0
2442645,"The Captives of Kaag (Lone Wolf, #14)",Joe Dever,302.0,4.0,1991.0
748250,Crush (Southern Spark #2),Kat  Long,,4.0,
903040,Lord High Executioner: The Legendary Mafia Boss Albert Anastasia,Frank DiMatteo,251.0,3.0,
562391,"Starworld (To the Stars, #3)",Harry Harrison,198.0,4.14285714285714,1981.0
259430,"Nouveau Monde (Les Héritiers d'Enkidiev, #2)",Anne Robillard,471.0,3.86666666666667,2010.0
336961,The Beverly Hills Supper Club: The Untold Story of Kentucky's Worst Tragedy,Robert D. Webster,328.0,4.5,2012.0
1096071,"The Alpha 8: Protect. Procreate. Prevail. (The Alpha, #8)",Eric Vall,387.0,4.875,
2063391,The Complete Book of Drawing : Essential Skills for Every Artist,barrington-barber,,4.0,2004.0
418882,Conquest (The Four Horsemen #1),Sienna Moreau,297.0,4.33333333333333,2021.0
1867529,Een Markt voor Ons Allemaal,Roelof Salomons,173.0,4.0,
326573,When We Get There,Shauna Seliy,272.0,1.5,2008.0
1365253,"Sister Pelagia and the White Bulldog (Sister Pelagia Mysteries, #1)",Boris Akunin,290.0,4.0,2000.0
1374287,"Blossom Culp and the Sleep of Death (Blossom Culp, #4)",Richard Peck,185.0,5.0,1986.0
1174679,"Addiction (Wild Crows, #1)",Blandine P. Martin,264.0,5.0,2019.0
1024653,Asmaraloka,Danarto,247.0,3.66666666666667,1999.0
1257653,British Isles Collection,Sarah M. Eden,320.0,4.35294117647059,2015.0
167198,The Dark Glory War (The DragonCrown War Cycle prequel),Michael A. Stackpole,402.0,3.90909090909091,2000.0
1582139,Little Vampire's Diary (pop-up book),Sonia Holleyman,16.0,4.0,1995.0
1059066,BoBoiBoy Movie 2: Evolusi Kuasa,Nizam Abd Razak,240.0,4.0,
499626,"The Shattered Castle (The Ascendance Series, Book 5)",Jennifer A. Nielsen,332.0,4.73684210526316,2021.0
653702,Im Schatten des Fuchsmondes,Antje Babendererde,400.0,4.0,
1684102,Delta Force (A Special Ops series Book 1),Julie  Morgan,351.0,4.0,
1494955,Πεταλούδα στον ώμο,Αλίκη Μελισσείδου - Σιαβέλη,184.0,5.0,2002.0
1955819,Day Trips® from Kansas City: Getaway Ideas For The Local Traveler (Day Trips Series),Diana Lambdin Meyer,232.0,4.0,2012.0
2181809,It Rained Warm Bread: Moishe Moskowitz's Story of Hope,Gloria Moskowitz-Sweet,160.0,5.0,
1501113,The Rebel (Project Stellar #4),Roman Prokofiev,625.0,4.0,2009.0
2310536,Os Três,Sarah Lotz,400.0,3.5,2014.0
1468142,"DIY Projects: Creating DIY Projects And Loving It!: 50 Simple And Effective DIY Projects For Your Home And Everyday Life (DIY Furniture, Living Stress Free, Home Organization, DIY Household Projects)",Kathy Stanton,23.0,4.0,2015.0
33234,The God Desire,David Baddiel,98.0,3.5,2023.0
1410337,"The Boy with Big, Big Feelings (The Big, Big Series, #1)",Britney Winn Lee,32.0,4.71428571428571,
439781,"The Riot (Hell's Disciples MC, #5)",Jaci J.,200.0,4.0,2016.0
1216524,The Wake of Saints (Artem's Ledger #1),A.M. Hamill,,4.0,
1738903,Rashōmon,Ryūnosuke Akutagawa,74.0,4.0,1915.0
159674,Frommer's Ecuador and the Galapagos Islands (Frommer's Complete Guides),Eliot Greenspan,416.0,4.0,2007.0
14864,"Folle, folle, folle di amore per te. Poesie per giovani innamorati",Alda Merini,84.0,3.83333333333333,2002.0
1048475,"Once Upon a Crime (Murder Most Unladylike, #6.5, 8.5)",Robin Stevens,318.0,4.0,2021.0
1308887,"The Mystery of the Mixed-Up Zoo (The Boxcar Children, #26)",Gertrude Chandler Warner,128.0,3.33333333333333,1992.0
1068516,Samimi Saadet,Leo Tolstoy,118.0,3.0,1859.0
1312675,The Murder of Mary Russell (Mary Russell & Sherlock Holmes #14),Laurie R. King,415.0,4.0,2016.0
2468638,Little Book of Bad Taste,Various,256.0,2.0,2003.0
1260965,عينا كلب أزرق,Gabriel García Márquez,7.0,1.0,1974.0
2235988,FATED DREAMS: book one,Vicky Low,277.0,3.0,
41736,Betty Shabazz: A Remarkable Story of Survival and Faith Before and After Malcolm X,Russell J. Rickford,608.0,5.0,2003.0
2398564,Raw Food and Hot Yoga: From Severe Disability to Superior Health,Tonya Zavasta,361.0,2.0,2009.0
656340,"Tokyo Revengers, Vol. 1",Ken Wakui,192.0,4.36296296296296,2017.0
8534,Random Graphs,Svante Janson,348.0,3.0,2000.0
2580891,An Atlas of Animal Anatomy for Artists (Dover Anatomy for Artists),Wilhelm Ellenberger,160.0,4.0,1949.0
838772,The Last Hour: An Israeli Insider Looks at the End Times,Amir Tsarfati,225.0,4.85714285714286,2018.0
1039152,Vagabonds,Darcy Pattison,277.0,5.0,2013.0
1388149,The Sky Club,Terry Roberts,421.0,4.75,2022.0
53774,Amo la notte con passione,Guy de Maupassant,76.0,4.0,
2420881,"Mrs Rosie and the Priest (Penguin Little Black Classics, #1)",Giovanni Boccaccio,54.0,3.15254237288136,1353.0
356056,Il peso dello zaino,Giulio Bedeschi,232.0,5.0,1966.0
657611,Dix  chiens pour un rêve,François Varigas,240.0,3.0,1983.0
1498216,"Orgullo de casta (Highlanders, #1)",Marsha Canham,336.0,1.0,1990.0
448493,The Scarlet Stockings Spy (Tales of Young Americans),Trinka Hakes Noble,48.0,3.71428571428571,2004.0
83777,The Pastor's Family: Shepherding Your Family through the Challenges of Pastoral Ministry,Brian Croft,176.0,3.66666666666667,2013.0
1956810,Writing Changes Everything: The 627 Best Things Anyone Ever Said About Writing,Deborah  Brodie,146.0,3.0,1997.0
880059,The Good Journey,Micaela Gilchrist,400.0,3.66666666666667,2001.0
547098,Crowley on Christ,Aleister Crowley,232.0,4.0,1974.0
2108828,THE LAST MARINES,Lawrence N. Oliver,312.0,3.0,
204334,Дами канят,Георги Мишев,200.0,5.0,1986.0
222115,Becky's Blessing: A Christian Romance (City of Edison Book 4),Diane Lil Adams,314.0,5.0,
2406457,Ressuscitar mamutes,Silvana  Tavano,120.0,4.0,
1059614,"The Revolution Business (The Merchant Princes, #5)",Charles Stross,321.0,3.5,2009.0
273380,The Art of Kissing Beneath the Mistletoe (The Prince & the Impostor #3),Tanya Anne Crosby,134.0,5.0,2019.0
2468361,"The Party (Dear Santa, #1)",Mona Ingram,79.0,4.0,
1010975,The Gap,Joanie Lunsford,372.0,5.0,
1543024,"Black Gold (Takhini Wolves, #1)",Vivian Arend,284.0,4.6,2011.0
996057,De rattenlijn,Matthias Rozemond,446.0,3.0,2012.0
1360878,Deep Is the Fen,Lili Wilkinson,416.0,3.53333333333333,2024.0
1592402,The Hard Stuff,Karin Tabke,313.0,3.0,2006.0
1691148,"Hushed in Death (Inspector Lamb, #3)",Stephen   Kelly,241.0,3.0,
1551387,Agnes,Javier Peña,288.0,3.77777777777778,2021.0
2106412,"Dear You, Love From Your Brain: A Book for Kids About the Brain",Norvile Dovidonyte,0.0,4.0,
62302,Moon Chosen #1,Mac Flynn,71.0,4.0,2015.0
2165350,Riding Cowgirl (Rugged Mountain MC #5),Khloe Summers,64.0,4.25,
428621,"Irish Thoroughbred (Irish Hearts, #1)",Nora Roberts,209.0,4.66666666666667,1981.0
1257311,Nappali dalok,Bea Palya,62.0,4.0,
1359744,INJUSTICE T1+JEU PC GOTHY,Tom    Taylor,192.0,5.0,2013.0
44411,"Mountain Mare (Phantom Stallion, #17)",Terri Farley,224.0,4.6,2005.0
563140,How to Get Over Your Ex in Ninety Days,Jennifer Peel,268.0,4.0,2016.0
1011242,"Nakaradno kraljevstvo (Six of Crows, #2)",Leigh Bardugo,506.0,5.0,2016.0
1282829,Son Rise,Barry Neil Kaufman,221.0,4.0,
105654,"The Blade's Shadow (Ishtar's Legacy, #4)",Lisa Blackwood,182.0,4.0,2019.0
868721,"Her Ruthless Russian (Karev Brothers, #1)",Leslie North,170.0,5.0,2016.0
947898,Sweet and Sour: Tales from China,Yao-Wen Li,112.0,5.0,1979.0
1005581,"Zamarznięte serca (Rok na Kwiatowej, #2)",Karolina Wilczyńska,309.0,4.0,2017.0
1052717,BOSBRUID (Afrikaans Edition),Rika du Plessis,52.0,5.0,
147294,The Unbreakable Vase (Another Saturday & Sweet FA Book 3),Calvin Wade,304.0,4.0,
2347123,Sister of the Chosen One,Colleen Oakes,216.0,4.0,
161177,"My Best Friend Is Invisible (Goosebumps, #57)",R.L. Stine,114.0,3.78723404255319,1997.0
307449,The Lies We Believe: Renew Your Mind and Transform Your Life,Chris Thurman,352.0,4.0,1988.0
493610,Il Quidditch attraverso i secoli,Kennilworthy Whisp,81.0,3.5,2001.0
524914,Power Play (Silicon Billionaires),Alexis Knightly,,3.46153846153846,2024.0
256840,Jedi: Battle Scars (Star Wars),Sam Maggs,,4.0,2023.0
1193841,إيقاف الناظرين على سب الأمويين لأمير المؤمنين وآله الطاهرين,أمين بن صالح هران الحداء,,5.0,
1336759,Cvat lipe na Balkanu,Gordana Kuić,553.0,4.7,1991.0
2416179,"Trupia Farma. Sekrety legendarnego laboratorium sądowego, gdzie zmarli opowiadają swoje historie",William M. Bass,344.0,4.66666666666667,2003.0
231691,The Belial #1-3,R.D. Brady,1166.0,5.0,
1867281,Herobrine - The Dark Ages: Book 4,dog wolf,15.0,5.0,
510470,En busca de un hogar,Claudia Cardozo,284.0,4.5,2012.0
1052529,A Deadly Wake (DI Andy Horton #15),Pauline Rowson,,4.0,2012.0
1982125,"嘘つきなキミの虜〈上〉(Usotsuki na Kimi no Toriko, #1)",Masara Minase,166.0,4.0,2012.0
928993,"Operation Wormwood: The Reckoning (Operation, #3)",Helen C. Escott,324.0,4.0,
721797,Heart on a Leash (Hearts of Alaska #1),Alanna Martin,346.0,4.0,2021.0
623716,Stephan (Caveman Instinct #1),Hazel Gower,191.0,3.36363636363636,2014.0
388855,Harley Quinn: Breaking Glass - Jetzt kracht's! (German Edition),Mariko Tamaki,212.0,3.0,2019.0
2375460,Too Good to Be True,Carola Lovering,343.0,4.07070707070707,2021.0
1083099,The Martian Enigma,Daniel Logan,227.0,2.5,
2575804,Mixed Messages: Reflections on an Italian Jewish Family and Exile,eleanor Foa,,4.0,
1937562,River in an Ocean: Essays on Translation,Nuzhat Abbas,223.0,5.0,
651722,Ruth Hall: A Domestic Tale of the Present Time,Fanny Fern,336.0,3.80952380952381,1854.0
430483,Porter plainte (French Edition),Léa Clermont-Dion,200.0,4.0,
739717,Sea of Poppies,Amitav Ghosh,528.0,3.6,2008.0
1798945,Psyche? Hat doch jeder!,Lena Kuhlmann,256.0,2.66666666666667,
1404267,"The Fallen: Genesis (Deadly Virtues, #0.5)",Tillie Cole,140.0,4.5,2019.0
706362,100 Reasons: The Simple Guide to Achieve a long & happy Life with your Partner,Mason Zabian,81.0,5.0,
1252471,Temple Dancer,Amy Weintraub,286.0,3.0,
1982531,The Colonial Constitution,Arghya SenGupta,201.0,3.0,
1766376,Planimetria di una famiglia felice,Lia Piano,160.0,4.0,2019.0
1014904,Before You Sleep,Adam L.G. Nevill,58.0,3.0,2016.0
2404782,On Purpose Leadership: Master the Art of Leading Yourself to Inspire and Impact Others,Dominick Quartuccio,272.0,5.0,
2585824,"Wealth, Women, and God: How to Flourish Spiritually and Economically in Tough Places",Miriam Adeney,198.0,3.0,
2384131,ردپای تزلزل,کامران سپهران,,2.0,2007.0
1718608,Philosophers Without Gods: Meditations on Atheism and the Secular Life,Louise M. Antony,304.0,4.0,2007.0
798026,Șatra,Zaharia Stancu,457.0,4.54545454545455,1968.0
2051205,The Little Cyborg (Star-Crossed Tales #6),J.M.  Page,240.0,4.0,
1712093,The Adventurous Simplicissimus being the description of the Life of a Strange vagabond named Melchior Sternfels von Fuchshaim,Hans Jakob Christoffel von Grimmelshausen,450.0,2.0,1669.0
2062209,There's a Sheep in my Bathtub: Birth of a Mongolian Church Planting Movement,Brian  Hogan,274.0,5.0,2007.0
708560,キューピッドに落雷 [Cupid ni rakurai],Minta Suzumaru,189.0,4.6,2017.0
2105513,Queenie,Candice Carty-Williams,330.0,3.0,2019.0
1296355,Five Little Sharks Swimming in the Sea,Steve Metzger,32.0,5.0,2004.0
2305316,Women In India: Towards Gender Equality,R.C. Mishra,,5.0,
2592272,حالات نادرة 2,عبدالوهاب السيد الرفاعي,,3.0,
607954,"Killer on the Court (Murder She Wrote, #55)",Jessica Fletcher,283.0,3.92307692307692,2022.0
2534410,"Il bosco, la ragazza e il lupo",Giovanna Ranaldi,0.0,5.0,
2558506,"La formación práctica en pedagogía: Reflexiones en torno a mediaciones en el aprendizaje situado (Colección Austral Universitaria de Ciencias Sociales, Artes y Humanidades) (Spanish Edition)",Claudia Contreras Contreras,0.0,4.0,
1964368,Temptation Ridge (Virgin River #6),Robyn Carr,419.0,4.0,2009.0
111185,อากิระ ยอดคุณหมอนักวินิจฉัยโรค เล่ม 5,Huziya Katuhito,0.0,5.0,
1560852,"PRUEBA: Junto al arroyo: Dolor, demencia y desasosiego",Maríe Yuset,,4.0,
1674330,The ABC Murders,Agatha Christie,236.0,4.0,1936.0
172253,"Red River, Vol. 6 (Red River, #6)",Chie Shinohara,189.0,5.0,1996.0
1475670,Father and Son: A Nativity Story,Geraldine McCaughrean,32.0,4.0,2006.0
1902386,The Lord of the Rings: The Return of the King (Piano/Vocal/Chords),Howard Shore,56.0,5.0,2004.0
352929,Tales of Starships & Apocalypse,Andrew P. McGregor,368.0,4.0,
820735,Untitled Nicola Skinner 2,Nicola Skinner,320.0,5.0,2020.0
717834,The Food Explorer: The True Adventures of the Globe-Trotting Botanist Who Transformed What America Eats,Daniel         Stone,397.0,3.75,2018.0
1651252,The Broken Lance (Blackhearts #2),Nathan Long,256.0,3.66666666666667,2005.0
2569406,Zoya's Story: An Afghan Woman's Struggle for Freedom,John Follain,,5.0,2002.0
2151819,Unstoppable (Heroes of Calvano Security #2),Nikki Rome,113.0,5.0,2021.0
2263312,Content but not Satisfied: Meditations on the Single Life,Hudson Russell Davis,134.0,5.0,2011.0
1514702,"Wundervolle Winterzeit (Die kleine Spinne Widerlich, #7)",Diana Amft,32.0,5.0,
371033,سیصد و شصت و پنج روز در صحبت قرآن,حسین محی‌الدین الهی قمشه‌ای,956.0,2.0,2011.0
2156808,Northanger Abbey,Jane Austen,224.0,4.33333333333333,1817.0
2507725,The Etched City,K.J. Bishop,382.0,4.31818181818182,2003.0
2050792,The Periodic Table,Primo Levi,194.0,3.33333333333333,1975.0
1714772,"The Many Lives of Mama Love: A Memoir of Lying, Stealing, Writing, and Healing",Lara Love Hardin,,4.4,2023.0
919796,"Paint by Sticker Kids: Beautiful Bugs: Create 10 Pictures One Sticker at a Time! (Kids Activity Book, Sticker Art, No Mess Activity, Keep Kids Busy)",Workman Publishing,44.0,4.5,
2272792,Paddington at Work,Michael Bond,127.0,3.0,1966.0
1480468,Una notte sul treno della Via Lattea e altri racconti,Kenji Miyazawa,175.0,4.33333333333333,1934.0
257592,¡Anda! Curso intermedio (2nd Edition),Audrey L. Heining-Boynton,624.0,4.0,2009.0
1647175,Die Kosmos Retrieverschule: Grunderziehung und Dummytraining (German Edition),Norma Zvolsky,352.0,3.0,2015.0
2373547,The Christian Mama's Guide to Having a Baby: Everything You Need to Know to Survive (and Love) Your Pregnancy (Christian Mama's Guide Series),Erin MacPherson,304.0,4.0,2011.0
702102,"CURAR EL CUERPO, ELIMINAR EL DOLOR (Spanish Edition)",John E. Sarno,306.0,5.0,1998.0
806307,Letters to J. D. Salinger,Chris Kubica,270.0,4.0,2002.0
2496409,The H P Lovecraft Omnibus,H.P. Lovecraft,1000.0,4.0,2015.0
1156674,reFresh: Contemporary Vegan Recipes From the Award Winning Fresh Restaurants,Ruth Tal,224.0,4.8,2007.0
1573299,Into the Heat (Burning Secrets #2),Tamara Lush,238.0,5.0,2016.0
908300,It'll Pass,shuhannon,,5.0,
1509614,I skyggen av banyantreet,Vaddey Ratner,364.0,3.0,2012.0
2455477,The Devils Dictionary,Ambrose Bierce,0.0,4.0,1911.0
2245927,Who Needs Teeth?,Sally Huss,34.0,3.5,
840226,Choreographing Difference: The Body and Identity in Contemporary Dance (Studies. Engineering Dynamics Series;9),Ann Cooper Albright,244.0,4.0,1997.0
2421888,New World,David Jesus Vignolli,160.0,3.5,2019.0
481370,Dobro mjesto za umiranje,Lada Vukić,203.0,5.0,2021.0
1660521,Une dernière chose avant de partir,Jonathan Tropper,332.0,2.5,2012.0
1004797,Hell Swamp,Susan  Whitfield,196.0,3.0,2009.0
1047200,Dunia Mimpi Vol. 11,Kyoko Hikawa,180.0,4.0,2002.0
1499319,Собачье сердце. Ханский огонь,Mikhail Bulgakov,112.0,3.0,1989.0
237020,Go as a River,Shelley Read,320.0,4.22153024911032,2023.0
723290,"Beneath the Surface (The Emperor's Edge, #5.5)",Lindsay Buroker,198.0,4.66666666666667,2013.0
465386,Boneyard Dog: Hunting Dog,Andrew Beery,317.0,4.0,
293255,Mademoiselle de Scuderi (Hesperus Classics),E.T.A. Hoffmann,112.0,3.0,1816.0
230191,"남주의 입양딸이 되었습니다 1 [Namjueui Ib-yangddal-i Doeeosseubnida 1] (The Male Lead's Little Lion Daughter [Webtoon], Season 1)",Latine,,4.2,2021.0
1757767,Kaija vārdā Džonatans Livingstons,Richard Bach,64.0,3.5,1970.0
2068915,Learn German with Stories: Café in Berlin - 10 Short Stories for Beginners,André Klein,97.0,4.25,2013.0
1183150,The Empire of Darkness,Christian Jacq,400.0,4.0,2001.0
1422702,Loving Soren (Shifters of Greymercy #2),Kiska Gray,158.0,3.0,2018.0
2566913,The Four Fingered Pianist: An Inspiring True Story of Hee Ah Lee,Kurnia Effendi,228.0,3.0,2008.0
2380695,Protected by the Alien Bodyguard (Mates of the Kaluma #2),Ella Maven,162.0,4.3,2021.0
2074568,Texarkana Love,Kathryn Brocato,1273.0,4.0,
250106,الفراغ الذي رأى التفاصيل,حسين البرغوثي,117.0,1.0,2006.0
835211,Rhapsody,Mitchell James Kaplan,348.0,4.0,2021.0
2139198,Die Stauffenbergs,Charlotte  Roth,417.0,5.0,
795654,black iron prison,Discordians,18.0,4.0,
856555,"Daring (Kris Longknife, #9)",Mike Shepherd,368.0,4.13636363636364,2011.0
2517025,O Livro das Mentiras,Litvin,0.0,3.0,2015.0
2551127,Kumpulan Drama Pentas Opera Nyonya Cantik,Amelia Hashim,104.0,4.0,2014.0
1330443,Les Lois de la gravité,Jean Teulé,138.0,3.0,2003.0
1151773,"A Modern Way to Live: 5 Design Principles from The Modern House, an illustrated interior design coffee table book",Matt Gibberd,296.0,3.66666666666667,
2069784,"Yanan Tanrı (Haşhaş Savaşı, #3)",R.F. Kuang,560.0,3.66666666666667,2020.0
2021965,Den politiske kandestøber,Ludvig Holberg,132.0,3.0,1722.0
1140651,Forget Me Not: A Love Story of the East,G.X. Chen,246.0,5.0,2013.0
2566700,Frankenstajn ili moderni Prometej,Mary Wollstonecraft Shelley,256.0,5.0,1818.0
2039540,Two Views of the Cross: Orthodoxy and the West,Frederica Mathewes-Green,154.0,4.5,
1772441,Aussie Grit: My Formula One Journey,Mark  Webber,390.0,5.0,2015.0
2354563,Noticias de Nutka: An Account of Nootka Sound in 1792,José Mariano Moziño,0.0,4.0,1988.0
399444,El día de la muerte (Spanish Edition),Genia Bolaños,0.0,4.0,
1246402,Dark Summit: The True Story of Everest's Most Controversial Season,Nick Heil,272.0,4.33333333333333,2008.0
1158638,The Latecomer,Jean Hanff Korelitz,,3.57142857142857,2022.0
477435,"Hard As Wood (Hard For Her, #2)",Frankie Love,49.0,5.0,
757124,"The Murder Book (Alex Delaware, #16)",Jonathan Kellerman,576.0,4.0,2002.0
1721105,Jenny Sparks: The Secret History of the Authority,Mark Millar,128.0,4.5,2001.0
2405894,"Se changer, changer le monde (French Edition)",Chrisophe André,0.0,4.0,
1117852,Aprendizaje: Tecnicas de Composicion (World Languages),Nance .,208.0,5.0,2002.0
2374521,Little Darling,Jenika Snow,,3.5,
780659,Predator at the Chessboard Book I,Ward Farnsworth,312.0,5.0,2007.0
2440129,Desierto Sonido,Valeria Luiselli,467.0,5.0,2019.0
1073452,365 Dogs 2014 Page-A-Day Calendar,Workman Publishing,320.0,4.0,2013.0
1148385,Multimillonario Descubierto ~ Marcus: La Obsesión del Multimillonario,J.S. Scott,232.0,5.0,2017.0
764621,The Danger Within (Avner Ehrlich #2),E.L. Pini,375.0,4.0,
1085217,"Black Science, Vol. 7: Extinction is the Rule",Rick Remender,128.0,4.42857142857143,2018.0
1631441,Marry Me (Irresistible Husband),Delaney Diamond,159.0,4.33333333333333,
402409,At Sixes and Sevens,Rosie Harris,420.0,4.3125,1911.0
2334396,على حدود الموت حياة,حنان الخطابي,192.0,4.5,
1908736,The Thames Torso Murders,M.J. Trow,215.0,3.33333333333333,2011.0
1500604,"Drops of Rain (Hale Brothers, #1)",Kathryn  Andrews,,4.0,2014.0
370365,El día que Selma soñó con un okapi,Mariana Leky,333.0,4.0,2017.0
1385927,Carving Small Characters in Wood: Instructions & Patterns for Compact Projects with Personality,Jack Price,106.0,3.0,
1047974,"The Forbidden (The Last Gunfighter, #4)",William W. Johnstone,283.0,4.5,2001.0
1514594,"Fröhliche Tage für Hanni und Nanni (Hanni und Nanni, #13)",Enid Blyton,156.0,5.0,
1202398,El Amante Dragón #5,Mayu Shinjō,192.0,3.0,2003.0
2340052,"Herbal Tea Magic for the Modern Witch: A Practical Guide to Healing Herbs, Tea Leaf Reading, and Botanical Spells (Books for Modern Witches)",Elsie Wild,224.0,4.5,
61994,Bilogía El día que se perdió la cordura (estuche con El día que se perdió la cordura | El día que se perdió el amor),Javier Castillo,888.0,4.0,
1887566,Pretty Happy: Healthy Ways To Love Your Body,Kate  Hudson,235.0,3.84444444444444,2016.0
1590576,Lucky,Jackie Collins,640.0,4.16666666666667,1985.0
165998,All's Faire in Middle School,Victoria Jamieson,248.0,4.06181818181818,2017.0
386144,Home before Morning: The Story of an Army Nurse in Vietnam,Lynda Van Devanter,336.0,4.5,1983.0
325584,Fragments from My Diary,Maxim Gorky,288.0,5.0,1940.0
1829688,By Request,Charity Shane,159.0,4.25,
62673,"The Happy Hollisters at Snowflake Camp (Happy Hollisters, #6)",Jerry  West,190.0,4.66666666666667,1954.0
54262,"Blind Fear (Cold Case Thriller, #2)",Lynn Abercrombie,381.0,5.0,2006.0
82933,"Toriko, Vol. 42: 食欲との際会!!",Mitsutoshi Shimabukuro,184.0,4.0,
306848,LEGO Star Wars Heroes Ultimate Sticker Book,D.K. Publishing,,4.33333333333333,2011.0
2062000,The Leda Ladies Volume One: A Photo-Journal About Women Who Spank and Discipline Their Men,Leon Dalman,64.0,4.0,2011.0
1449078,"聖女的救贖 (伽利略, #5)",Keigo Higashino,360.0,4.33333333333333,2008.0
236092,"Dead Men's Boots (Felix Castor, #3)",Mike Carey,544.0,4.0126582278481,2007.0
2125919,"Her Highness, My Wife (Effingtons, #5)",Victoria Alexander,384.0,5.0,2002.0
843687,هكذا قتل زارا,Amr Saleh,,5.0,
231621,Olive Branches Don't Grow On Trees,Grace Mattioli,213.0,3.66666666666667,2012.0
468965,Custom Rifles,Jeff Cooper,132.0,4.0,2008.0
1710138,Software-Defined Networks: A Systems Approach,Larry L. Peterson,194.0,5.0,
937945,The Cycling Mind: The Psychological Skills for Peak Performance on the Bike - and in Life,Ruth Anderson,264.0,5.0,
1644268,The Essential W. P. Kinsella,W.P. Kinsella,432.0,4.0,2015.0
317150,"Tamsus vanduo (Detective Erika Foster, #3)",Robert Bryndza,336.0,4.66666666666667,2016.0
1305511,My Christmas Romance,S.J. Crabb,260.0,3.25,
1986220,The Days and Months We Were First Born: The Consolidated Edition,Christopher Hunter,328.0,5.0,2011.0
1724203,Wedding Dashers,Heather McBreen,400.0,4.66666666666667,2025.0
2428277,Sirocco (The St. Nicholas Salvage & Wrecking Series Book 2),Dana Haynes,369.0,4.0,
2365330,"How to Relax (Mindfulness Essentials, #5)",Thich Nhat Hanh,120.0,4.16393442622951,
1693230,生徒会長は下僕になりたい [Seitokaicho wa Geboku ni Naritai] (The Student Council President Wants to be a Manservant),Sabamiso,168.0,2.0,2019.0
658155,Wedding Bet (Fixer Brothers Construction Co Book 8),Raleigh Ruebins,227.0,4.11111111111111,
1771964,Dekameron,Giovanni Boccaccio,142.0,5.0,1349.0
2177121,Patchwork Connections (Quilting Cozy),Carol Dean Jones,207.0,3.5,2014.0
2429935,I GOT YOU: A Chicago Hood Story,Dynasty Rose,267.0,4.0,
729294,The Distance from Me To You,Marina Gessner,336.0,5.0,2015.0
1002981,なまいきざかり。 10 [Namaikizakari 10],Mitsubachi Miyuki,192.0,4.2,2017.0
1115638,"The Twilight of the Bombs: Recent Challenges, New Dangers, and the Prospects for a World Without Nuclear Weapons",Richard Rhodes,0.0,5.0,2010.0
2144947,"Death's Disciple (Death's Disciple, #1)",Emma L. Adams,,5.0,
927836,Millennia,Amiko River,394.0,5.0,
623692,Why Men Don't Listen and Women Can't Read Maps: How We're Different and What to Do About It,Allan Pease,272.0,3.76785714285714,1998.0
1416896,"Death at the Feast (Kipper Cottage Mystery, #3)",Jan  Durham,218.0,4.0,
528988,Judgment Day,Wanda L. Dyson,339.0,1.0,2010.0
2467662,The Sisters by Claire Douglas (2015-08-13),Claire Douglas,0.0,3.0,2015.0
1292771,10 Reasons It's Better to Have the Holy Spirit,Andrew Wommack,54.0,5.0,
403162,Cat Spitting Mad (Joe Grey #6),Shirley Rousseau Murphy,308.0,4.5,2000.0
164814,The Mapping of Love and Death,Jacqueline Winspear,,4.5,2010.0
633998,The Long Road Home,Mary Alice Monroe,303.0,4.61538461538461,1995.0
2251275,Bedside Stories: Confessions of a Junior Doctor,Michael Foxton,164.0,4.0,2003.0
2106759,Naughty Encounters: A Club Desire Collection,Liz Gavin,174.0,4.0,
1697151,Con una remera de Sonic Youth,Malén Denis,,3.0,2009.0
991269,"Locklands (The Founders Trilogy, #3)",Robert Jackson Bennett,22.0,5.0,2022.0
2006071,משוואה עם נעלם,Uri Adelman,349.0,3.5,1998.0
1602416,Taken by the Liche (A Meeting of Monsters #2),H.C. Summer,29.0,4.25,
2302165,"TOR and The Darknet: Access the Darknet & How to Get, Send, and Receive Bitcoins Anonymously (2 in 1 Bundle)",Evan Lane,59.0,4.0,
1404475,Traveling Light: Stories & Drawings for a Quiet Mind,Brian Andreas,80.0,4.66666666666667,2003.0
184951,"Tote Hand (Wallner & Kreuthner, #8)",Andreas Föhr,416.0,4.0,2019.0
451932,My Name is Rachel Corrie (NHB Modern Plays),Rachel Corrie,64.0,5.0,2006.0
1603543,How To Market A Book,Joanna Penn,280.0,4.71428571428571,2013.0
793016,"Thief on King Street (Adventures of Roger V, #1)",Stormy McDonald,358.0,5.0,
2510241,Batman (1940-2011) #334,Marv Wolfman,26.0,3.0,
1473997,مهندس المحبة: حكايات ومشاهدات من سيرة الشهيد الجنرال حسن شاطري (المهندس حسام خوش نويس),عبد القدوس الأمين,239.0,5.0,
1065856,Orar: Su Pensamiento Espiritual,Mother Teresa,224.0,5.0,1997.0
71619,"Bad Deeds (Dylan Hunter, #2)",Robert Bidinotto,529.0,3.33333333333333,2014.0
1270984,The Wire Re-Up: The Guardian guide to the greatest TV show ever made,Steve Busfield,306.0,4.0,2009.0
232919,Off the Books: The Underground Economy of the Urban Poor,Sudhir Venkatesh,426.0,3.875,2006.0
724778,"Bed of Bones (Sloane Monroe, #5)",Cheryl Bradshaw,312.0,4.5,2013.0
1221448,As Earth Without Water,Katy Carl,232.0,5.0,
998497,Missões (9marcas) (Portuguese Edition),Andy   Johnson,129.0,4.0,2017.0
2416439,"Becoming a Supple Leopard: The Ultimate Guide to Resolving Pain, Preventing Injury, and Optimizing Athletic Performance",Kelly Starrett,480.0,4.6,2013.0
1974211,スノウ・クラッシュ = Sunou Kurasshu,Neal Stephenson,471.0,1.0,1992.0
1908577,العشاء الأخير,ميسره الدندراوي,339.0,3.78571428571429,2020.0
597054,La fine della fine della Terra,Jonathan Franzen,216.0,2.0,2018.0
394752,Dictionary of Latin and Greek Theological Terms: Drawn Principally from Protestant Scholastic Theology,Richard A.  Muller,430.0,5.0,1985.0
949370,Cinder Ellie (Faraway Castle),J.M. Stengl,79.0,4.5,
1697471,"Swimming Lessons: A Novel (The Beach House, 2)",Mary Alice Monroe,451.0,4.66666666666667,2007.0
2176290,"Гра мудрих (Дарителі, #3)",Катерина Соболь,320.0,4.5,
333873,Um Homem Bom É Difícil de Encontrar e Outras Histórias (Coleção Clássicos de Ouro),Flanerry O'Connor,,5.0,1955.0
1211089,Her Quiet Billionaire Groom (Bachelor Second Chance Cowboy Romances #2),Jackie  Castle,137.0,5.0,
1189950,Think Small: The Story of the World’s Greatest Ad,Bruce Roberts,160.0,3.0,2011.0
641504,"Five Minute Warning, Harry (A Raucous Tom Sharpe style comedy)",Giles Curtis,374.0,3.33333333333333,
1079846,Understanding Violence and Victimization (6th Edition),Robert J. Meadows,240.0,5.0,1998.0
354280,Warrior King (The Courtney Series: The Birds of Prey Trilogy),Wilbur Smith,400.0,2.0,2024.0
696254,Wildflower,Drew Barrymore,288.0,3.73570019723866,2015.0
1889062,Te vejo na final,Ayslan Monteiro,401.0,5.0,2022.0
742901,Cash Out,Greg Bardsley,400.0,3.0,2012.0
103246,"Tajne akta Obozu Jupiter. Dziennik rekrutki (Apollo i boskie próby, #4.5)",Rick Riordan,0.0,4.33333333333333,2020.0
580141,"Hai, Miiko! 27",Eriko Ono,192.0,4.71428571428571,2015.0
1792074,De favoriete plekken van Floortje Dessing,Floortje Dessing,93.0,3.0,
1935706,"Dvanáctá karta (Lincoln Rhyme, #6)",Jeffery Deaver,472.0,4.5,2005.0
2247993,"Powerful, Different, Equal: Overcoming the misconceptions and differences between China and the US",Peter B. Walker,242.0,1.0,
1717894,Code Onyx (Curse of the Blood Dragon #1),Val St. Crowe,218.0,4.33333333333333,
338388,The Witch Apothecary (Five Crowns of Okrith #1.5),A.K. Mulford,67.0,4.0,2021.0
1156298,"2 Kings ESV (Bible, #12)",Anonymous,,4.42857142857143,2012.0
2410246,"The Effectual Call: The call that not only changes your life, but saves your life.",George Lewis Brown,53.0,5.0,
845407,Birgithe med th,Katrine Marie Guldager,,3.0,2023.0
188242,Master of Middle-Earth: The Fiction of J.R.R. Tolkien,Paul H. Kocher,247.0,3.69090909090909,1972.0
1243411,Bhagavad Gita (Includes DVD Talkes on The Bhagavad Gita),Eknath Easwaran,,5.0,
2139470,Awaken the Immortal Within,Jason Breshears,51.0,5.0,
1597415,The Gift,Rachel Newcomb,270.0,3.33333333333333,2013.0
1031154,Kenogaia (A Gnostic Tale),David Bentley Hart,434.0,5.0,
776564,The 12 Week Year Field Guide: Get More Done In 12 Weeks Than Others Do In 12 Months,Brian P Moran,144.0,4.66666666666667,
1492114,"Ziarno prawdy (Teodor Szacki, #2)",Zygmunt Miloszewski,368.0,5.0,2011.0
1153269,Laura Lake and the Hipster Weddings (Laura Lake #1),Wendy  Holden,313.0,2.86666666666667,2017.0
2209273,Al cerrar la puerta,B.A. Paris,288.0,5.0,2016.0
229584,The Phoenix Keeper,S.A.  MacLean,496.0,3.8695652173913,2024.0
60287,El Poder Del Ahora: Una Guía Para La Iluminación Espiritual,Eckhart Tolle,220.0,2.66666666666667,1997.0
1314835,"Temná pouť (Star Wars: Nový řád Jedi, #10)",Elaine Cunningham,244.0,4.0,2002.0
2005669,Mayday,Grethe Bøe,336.0,3.0,2021.0
752705,ข้างหลังภาพ,ศรีบูรพา,135.0,4.5,1936.0
818297,Sex Education: De roadtrip,Katy Birchall,240.0,4.0,2021.0
2064356,Moriarty the Patriot Vol. 9,Ryōsuke Takeuchi,208.0,4.0,2019.0
421156,Cesar Millan's Short Guide to a Happy Dog: 98 Essential Tips and Techniques,Cesar Millan,208.0,4.09523809523809,2013.0
164250,Che Guevara (Sutton Pocket Biographies),Andrew Sinclair,99.0,5.0,1970.0
401197,The Agathas,Kathleen Glasgow,,4.0,2022.0
76815,Eterogenesi dei fini. Due omicidi per il commissario Cataldis (Italian Edition),Andrea Nigro,264.0,4.0,
392552,How to Read (and Write) Like a Catholic,Joshua Hren,480.0,3.0,
1454660,La ragazza cancellata,Bart van Es,287.0,4.0,2018.0
1409907,Pig Tales,Marie Darrieussecq,135.0,3.0,1996.0
1825301,Soy Sontone. Memorias de una vida en aislamiento,Antonio Sueyo Irangua,150.0,4.0,2018.0
2375317,"Starting Over (Reincarnation of the Strongest Sword God, #1)",Lucky Old Cat,351.0,4.66666666666667,
2315048,"Rogue Heroes: The History of the SAS, Britain's Secret Special Forces Unit That Sabotaged the Nazis and Changed the Nature of War",Ben Macintyre,0.0,4.5,2016.0
1149325,मुख़्तलिफ़: कुछ सुलझे ख्याल….कुछ अधूरी बातें.…कुछ बिखरे पल (Hindi Edition),Shantanu Munshi,88.0,4.0,
486662,The Terror: A Short Story,Giles Kristian,45.0,3.8,2014.0
2024014,The Rise Of The Virtual State: Wealth and Power in the Coming Century,Richard N. Rosecrance,288.0,5.0,1999.0
2087492,Kurt's Quest (Refuge #4),Doug Dandridge,267.0,4.0,2014.0
1329550,Chasing Painted Horses,Drew Hayden Taylor,269.0,3.0,2019.0
912980,One Taste of Love (One Taste #2),Amanda Siegrist,,3.0,
285923,Jane Eyre,Charlotte Brontë,,5.0,1847.0
962770,Dağ Uykusu,Fazıl Hüsnü Dağlarca,112.0,2.0,2009.0
2581769,You Can Stay,Elle Connel,368.0,3.4,2022.0
2534467,Dark Spirit (Spirit #2),Lauren Ritz,167.0,5.0,2013.0
1139502,Hanîn,Regina Keil,462.0,5.0,1989.0
664467,16 Steps to Forever,Georgia Beers,240.0,4.0,2020.0
229063,درد جاودانگی,Miguel de Unamuno,435.0,4.0,1912.0
1660259,"The Decision (Dr. Kelly Murphy, #3)",Erin R. Flynn,303.0,5.0,
557837,Người nuôi ong thành Aleppo,Christy Lefteri,424.0,5.0,2019.0
1510274,My Soul in Silence Waits: Meditations on Psalm 62 (Cloister Books),Margaret Guenther,154.0,5.0,2000.0
1379394,Ursprünge: Wie die Erde uns erschaffen hat (German Edition),Lewis Dartnell,385.0,3.0,2019.0
511297,Grandfather's Christmas Orphans,Faye Godwin,194.0,4.76923076923077,
994740,মুসলিম উম্মাহর ইতিহাস বিশ্বকোষ ১ম খন্ড,ইসমাইল রাইহান,495.0,5.0,
192971,The Witness,Nora Roberts,496.0,4.0,2012.0
1084333,Lake News,Barbara Delinsky,544.0,4.05454545454545,1999.0
1235188,The Best Gift,Shawn Lane,36.0,3.0,2009.0
1691476,"Be My Baby (Baby, #3)",Andrea  Smith,238.0,4.0,2013.0
2187956,"Kentucky Dreamer (Golden Filly, #4)",Lauraine Snelling,173.0,4.0,1992.0
503969,ส่งต่อปาฏิหาริย์ผ่านหนังสือ,Akio Morisawa,368.0,4.5,
1347231,"Football: How To Play Football: The Complete Guide To Watch Football and Understand the Rules and Positions (American Football, NFL, College Football, ... Tips Guide, Fantasy Football Book 1)",Kenneth Beckman,49.0,3.0,2015.0
1403664,"Destiny (Steel Brothers Saga, #27)",Helen Hardt,286.0,4.84,
932059,Sexy Dance (&H DIGITAL) (French Edition),Tess Adley,309.0,5.0,
942944,Days of Grace,Arthur Ashe,403.0,5.0,1993.0
778670,"To Heal a Broken Heart: A Beauty and the Beast Retelling (The Shattered Tales, #7)",Aveline Brooke,189.0,4.5,
2102592,Mistletoe,Alison Littlewood,253.0,4.66666666666667,2019.0
1475465,犬神 第4巻 [Inugami Volume 4],Masaya Hokazono,203.0,5.0,1998.0
1427710,Homemade Healthy Dog Food Cookbook: More Than 100 Mouthwatering Recipes to Create Delicious Treats for Your Furry Friend. Watch Him Waggle His Tail in Delight | For Puppy & Adults Dogs,Iris Clarke,80.0,5.0,
27146,"Manifiestos gays, lesbianos y queer: Testimonios de una lucha (1969-1994)",Rafael M. Mérida Jiménez,272.0,3.0,2009.0
1341135,I'm Calling the Police,Irvin D. Yalom,41.0,5.0,2005.0
1785258,"The Secret (Highlands' Lairds, #1)",Julie Garwood,379.0,3.0,1992.0
1581314,A Row With Two Chairs: Creating a Life Worth Saving,Scott Laurence Mocha,350.0,5.0,
556746,"Meaning in Mayan Languages: Ethnolinguistic Studies (Janua Linguarum. Series Practica, 158)",Munro S. Edmonson,256.0,5.0,1973.0
408866,"Catching to Win (Over the Fence, #3)",Carrie Aarons,226.0,3.66666666666667,2015.0
856898,Fake Roomie,Anya Omah,340.0,3.0,
1069904,Achtung Panzer!: The Development of Tank Warfare (W&N Military),Heinz Guderian,399.0,3.0,1937.0
2444065,"The Bullet That Missed (Thursday Murder Club, #3)",Richard Osman,342.0,4.38392857142857,2022.0
2283434,A Painted Doom (Wesley Peterson #6),Kate Ellis,336.0,3.66666666666667,2002.0
2314964,The Five Giants: A Biography of the Welfare State,Nicholas Timmins,816.0,3.0,1995.0
1277377,Amor (Spanish Edition),Isabel Allende,240.0,4.5,2012.0
465140,A Prince in the Pantry,May McGoldrick,109.0,4.0,2021.0
2312383,SUMMARY SPEAK BY TUNDE OYENEYIN,TEMILOLU BROWN,,4.0,
958763,Andy The Spider: Captured (Volume 1),Samantha Rindfuss,122.0,5.0,2014.0
2209689,Останалата част от техния живот,Jean-Paul Didierlaurent,200.0,3.75,2016.0
2040974,Agnes Grey,Anne Brontë,240.0,4.0,1847.0
70868,"Семь подземных королей (Волшебник Изумрудного города, #3)",Alexander Volkov,224.0,4.25,1964.0
2300791,"Sin & Salvation (Demigods of San Francisco, #3)",K.F. Breene,,3.0,2019.0
364819,Grande sertão: veredas (Portuguese Edition),João Guimarães Rosa,732.0,5.0,1956.0
2328065,"Las minas del rey Salomón (Sepan Cuantos, #508)",H. Rider Haggard,213.0,5.0,1885.0
547133,Work! Consume! Die!: I Am Actually Almost Completely Insane Now,Frankie Boyle,304.0,2.0,2011.0
1783475,"The 5th Wave (The 5th Wave, #1)",Rick Yancey,480.0,4.0,2013.0
2418046,Growing Up in Hollywood,Robert  Parrish,240.0,5.0,1976.0
846215,A Nostalgist's Map of America: Poems,Agha Shahid Ali,105.0,4.0,1991.0
2466545,"Les milles et une nuits, Version Intégrale: 9 tomes de 9",Anonymous,1542.0,5.0,
790052,Sleigh,Steph Macca,71.0,5.0,
1846260,"Allen Carr's Easy Way to Quit Vaping: Get Free from JUUL, IQOS, Disposables, Tanks or any other Nicotine Product (Allen Carr's Easyway Book 93)",Allen Carr,275.0,4.66666666666667,
2044193,Vissza a fülesbagolyhoz,Ádám Bodor,416.0,5.0,1997.0
5450,How to See Yourself As You Really Are,Dalai Lama XIV,288.0,4.2,2006.0
1633775,پسری که کلمه جمع می‌کرد,Peter H. Reynolds,44.0,4.0,2018.0
1158769,The Girl at the Baggage Claim: Explaining the East-West Culture Gap,Gish Jen,336.0,4.4,2017.0
2227021,Magia negra: A obra de Toni Morrison,João de Mancelos,168.0,5.0,
2461529,Sterne wie Staub (Roboter und Foundation #6),Isaac Asimov,299.0,4.0,1951.0
677317,"Fierce Love (The Barrington Billionaires, #1)",Danielle Stewart,249.0,3.91666666666667,2016.0
1763539,The Truth About Managing People (Truth About),Stephen P. Robbins,231.0,3.0,2002.0
314610,Finding Hope – Schatten der Liebe,Rebekka Wedekind,335.0,4.5,
1791662,Inferno,Dan       Brown,667.0,2.0,
769897,"Loved (House of Night Other World, #1)",P.C. Cast,291.0,4.22222222222222,2017.0
2342125,La barbe et le biberon,Tristan Champion,154.0,4.0,
2153797,"Achiever: How to get things done, be efficient and feel happy every day",A.J. Novak,107.0,5.0,
528307,My Favorite Color is Your Something Blue,Eva Austin,202.0,3.16666666666667,
1419441,The SnowFang Bride (Snowfang #1),Merry Ravenell,359.0,3.6,2016.0
233385,"Barbary Station (Shieldrunner Pirates, #1)",R.E.  Stearns,448.0,3.0,2017.0
1742084,تولدی دیگر ,شجاع‌الدین شفا,,5.0,1999.0
1084178,IQ84,Haruki Murakami,925.0,4.4,2009.0
534330,"狐變 (衛斯理系列, #23)",倪匡,223.0,5.0,1995.0
1463899,A vida e as opiniões do cavalheiro Tristram Shandy,Laurence Sterne,768.0,5.0,1767.0
2526822,A Conspiracy of Silence (DI Gillian Marsh #5),Anna Legat,256.0,5.0,
170268,"Strong and Wild (Lakes Hockey, #2)",Sloane St. James,346.0,4.07906976744186,
2563680,Cracking The Hidden Job Market: How to Find Opportunity in Any Economy,Donald Asher,210.0,4.66666666666667,2010.0
2286802,நிறம் மாறும் இரவுகள்..! (Tamil Edition),ராஜேஷ்குமார்,141.0,3.0,
1059545,La Soledad del Murciélago,Juan Arias Bermeo,115.0,5.0,2015.0
10084,The Chronicles of Narnia (The Chronicles of Narnia #1-7),C.S. Lewis,1491.0,4.66666666666667,1956.0
2096839,"Brain Power Diet: 101+ Powerful Brain Foods That Will Supercharge Your Thinking, Sharpen Your Memory and Fuel Your Vigorous Mind",Don Bender,99.0,2.0,2013.0
246664,"Empire of the Sun (Empire of the Sun, #1)",J.G. Ballard,351.0,4.2,1984.0
756622,The Blank Slate: The Modern Denial of Human Nature,Steven Pinker,560.0,4.04761904761905,2002.0
1165117,Shifter's Paradox (One True Mate #7),Lisa Ladew,310.0,4.6,2018.0
403269,Princesas Dragón 4: La isla de las hadas pirata (Spanish Edition),Pedro Mañas Romero,0.0,5.0,
2135725,Paws from Heaven: True Stories of God's Amazing Animal Angels,Callie Smith Grant,379.0,2.0,2015.0
2141070,Frankenstein,Mary Wollstonecraft Shelley,258.0,3.0,1818.0
1229617,"Changing Everything (Forgiving Lies, #2.5)",Molly McAdams,288.0,4.6,2015.0
1234483,Purgatory Voyage,Adarsh Kumar Khare,273.0,4.33333333333333,2020.0
2285653,"It Started with a Dog (Lucky Dog, #2)",Julia London,348.0,5.0,2021.0
1615134,The Lucky Luciano Story,Ovid Demaris,196.0,5.0,1960.0
990661,"Khaybar, Minnesota (The Wilder Bunch Book 1)",Max Cossack,218.0,3.0,
2164490,Sweet Baby Boy: A Taboo Short,Bradley Nyx,52.0,4.0,2016.0
1312573,"Good Work, Secret Seven",Enid Blyton,122.0,5.0,1954.0
1565907,"Lake Rescue (Beacon Street Girls, #6)",Annie Bryant,247.0,5.0,2005.0
1527016,William Shakespeare: The Complete Plays in One Sitting (RP Minis),Joelle Herr,328.0,5.0,2012.0
968614,28 Questions,Indyana Schneider,467.0,3.66666666666667,2022.0
1662154,"A World Apart (The Hands of Time, #3)",Irina Shapiro,368.0,4.66666666666667,2012.0
1260538,A Book of Horrors,Stephen              Jones,400.0,2.71428571428571,2011.0
598321,La cruz de los romanos (Spanish Edition),Rocío D. C. R.,10.0,4.0,
1976574,Alfred Hitchcock - Tome 01: L'Homme de Londres (French Edition),Noël Simsolo,160.0,4.0,
1173720,The Rumor,Lori Lacefield,122.0,3.0,2018.0
371290,فيض الخاطر - الجزء الثالث,أحمد أمين,246.0,2.0,
1814808,Рассказы о животных. Маленькие дикари,Ernest Thompson Seton,,4.5,1898.0
1995479,Entre puntos suspensivos,Mayte Esteban,274.0,4.0,
2053481,"Leather & Lace (Trident Security, #1)",Samantha A. Cole,281.0,5.0,2015.0
1330086,MARY BELL,Katherine Smith,143.0,5.0,
2432487,கடவுள் வழிபாட்டு வரலாறு (Kadavul Valipattu Varalaru) (Tamil Edition),Sundara Shanmuganar சுந்தர சண்முகனார்,183.0,2.0,
1375573,Cassie's Crush,Fiona Foden,208.0,4.33333333333333,2012.0
571742,Ultra Carnem,Cesar Bravo,384.0,3.5,2016.0
1640342,"Küsse am Wiener Kongress (Lancroft Abbey, #4)",Sophia Farago,510.0,3.5,
1621122,Sueño de una noche de verano,William Shakespeare,320.0,4.0,1595.0
142817,Soulmate (Soulmate #1),Kellie McAllen,161.0,4.5,2015.0
330710,All Guts and No Glory: The story of a Long Tan warrior,Bob Buick,276.0,4.0,2000.0
2514354,Batman : The Dark Prince Charming - Intégrale,Enrico Marini,144.0,5.0,2017.0
1187624,Love and Respect in the Family: The Respect Parents Desire; The Love Children Need,Emerson Eggerichs,288.0,4.0,2012.0
1841604,Murder On Friday Street (Friday Street Murder Mysteries Book 1),Russell Cooper,396.0,4.65384615384615,
1903932,Blushing Brides (Blushing Brides #1-4),Mink,361.0,4.5,
1240712,"The Heir (The Selection, #4)",Kiera Cass,373.0,3.63157894736842,2015.0
159129,The Texas Brands Books 7 & 8: The Outlaw Bride & Texas Angel,Maggie Shayne,454.0,1.0,2017.0
811080,"Ние, другите – сцени от личния и обществения живот през XX век",Иван П. Стоянович,,4.0,
696582,Pull Up a Chair: The Vin Scully Story,Curt Smith,264.0,3.75,2008.0
152445,Un pez en la higuera: una historia fabulosa de la traducción,David Bellos,408.0,5.0,2011.0
668113,"Tempted By the Night (Marlowe, #2)",Elizabeth Boyle,384.0,4.0,2008.0
900027,Pride and Prejudice,Jane Austen,376.0,4.55,1813.0
1809641,Pandora's Jar: Women in the Greek Myths,Natalie Haynes,308.0,4.3125,2020.0
773420,Fahrenheit 451,Ray Bradbury,192.0,4.66666666666667,1953.0
804936,"Treason's Harbour (Aubrey & Maturin, #9)",Patrick O'Brian,368.0,4.47368421052632,1983.0
2393812,Evolution: The Grand Experiment: Vol. 2 - Living Fossils,Carl Werner,274.0,5.0,2009.0
2410727,"Falsche Furcht (Raum 213, #4)",Amy Crossing,176.0,3.0,2014.0
1336750,"The Riven Country of Senga Munro (Riven Country, #1)",Renée Carrier,355.0,4.0,
588814,"If Angels Burn (Darkyn, #1)",Lynn Viehl,303.0,5.0,2005.0
1206462,Busy Body: My Life with Tourette's Syndrome,Nick van Bloss,288.0,2.0,2006.0
1404658,There's Nothing in This Book That I Meant to Say,Paula Poundstone,288.0,3.4,2006.0
2014977,Kamila's Kitchen,Kamila McDonald,0.0,4.0,
1482169,Race to Space,Clive Gifford,64.0,5.0,
180852,"Of Sand and Malice Made (The Song of the Shattered Sands, #0.5)",Bradley P. Beaulieu,240.0,3.5,2016.0
1789769,An Italian Island Summer,Sue Moorcroft,361.0,4.43137254901961,2023.0
470029,"Altered (Devoured, #3)",Shelly Crane,259.0,4.5,2014.0
2131929,"Diary of Dorkius Maximus (Dorkius Maximus, #1)",Tim Collins,192.0,5.0,2013.0
2539266,Nashville Seduction Book 2: Trevor Part II (Nashville Seduction Series),E.J. Adams,81.0,2.0,2015.0
1203606,Occult London (Pocket Essential series),Merlin Coverley,224.0,2.0,2007.0
1212359,Detektif Conan Movie : Full Score Of Fear (First),Gosho Aoyama,212.0,5.0,2008.0
331883,How I lost three dress sizes in 90 days! : Exercise program for women over 50: The incredible weight loss journey journal of a mother of two,Jenny Walker,51.0,4.0,2013.0
275745,Codependency for Dummies,Darlene Lancer,,4.33333333333333,2012.0
808639,"Midnight Queen (The Crimson Crown, #2)",Kayleigh   King,339.0,4.39130434782609,
2177157,"Padnem sedam puta, a ustanem osam",Naoki Higashida,224.0,5.0,2017.0
333162,À corps perdu,Muriel Zürcher,256.0,5.0,
2163392,More True Tales of Old-Time Kansas,David Dary,280.0,4.0,1987.0
270563,"The History Hit Miscellany: Facts, Figures and Fascinating Finds",History Hit & Dan Snow,304.0,3.5,
214776,তিথির নীল তোয়ালে,Humayun Ahmed,112.0,3.5,1993.0
2312429,"Safe House (Missing, #3)",Jenny Carroll,272.0,4.0,2002.0
322208,"Disciplined (Prince of the City, #4)",Nicholas Bella,381.0,3.5,2015.0
2359697,"Desafíos de Superbike, Moto2 y Glasgow 3",Kenny Noyes,,5.0,
2413150,The Mind's Evil Toy: The life and death of Amy Dudley,G.  Lawrence,347.0,5.0,
160457,How Do Dinosaurs Say Good Night?,Jane Yolen,40.0,4.28613138686131,2000.0
1784346,Crocodile Tears,Anthony Horowitz,416.0,4.0,2009.0
2314695,Retirement Heist: How Companies Plunder and Profit from the Nest Eggs of American Workers,Ellen E. Schultz,256.0,4.0,2011.0
440922,Jonah: Meeting the God of the Second Chance,O.S. Hawkins,120.0,5.0,1990.0
460843,Carlota,Scott O'Dell,144.0,3.66666666666667,1977.0
1221304,For Freddie: A Mother's Final Gift to Her Son,Rachael Bland,380.0,3.5,
459795,Maala Part 1 / مالا حصہ اول,Nemrah Ahmed,732.0,4.28571428571429,
1703052,Nightfall Gardens,Allen Houston,249.0,4.0,2013.0
6149,One-Way Ticket: Nine Lives on Two Wheels,Jonathan Vaughters,320.0,5.0,2019.0
1514585,باص رقم 9 ,ياسين حمد الصالحي,112.0,5.0,2010.0
982255,"Allez Allez Allez: The Inside Story of the Resurgence of Liverpool FC, Champions of Europe 2019",Simon Hughes,288.0,4.0,2019.0
2350070,Losprijs,Danielle Steel,366.0,2.0,2005.0
1245893,Fate Lashed (Ethereal Earth #2),Josh Erikson,377.0,4.5,2019.0
1170816,Guidata dallo Zodiaco (I lupi dello Zodiaco Vol. 4) (Italian Edition),Elizabeth Briggs,304.0,4.5,2023.0
1779604,Move: Putting America's Infrastructure Back in the Lead,Rosabeth Moss Kanter,336.0,4.0,2015.0
884969,Tambakunda,Mariona Masferrer,224.0,5.0,2013.0
1819177,"A Rogue's Rules for Seduction (Last Chance Scoundrels, #3)",Eva Leigh,349.0,4.2,2023.0
1090791,"Inversions (Culture, #6)",Iain M. Banks,343.0,3.93918918918919,1998.0
23109,"Zlaté puto (Posledná hodina, #1)",Cassandra Clare,528.0,4.33333333333333,2020.0
621185,"Żelazna kraina (Elfy ziemi i powietrza, #3)",Holly Black,352.0,3.90909090909091,2007.0
1663469,شغف,رشا عدلي,365.0,3.33333333333333,2017.0
2544005,Project Starfighter,Stephen J. Sweeney,380.0,5.0,2014.0
1286282,Hard Rock Desires (Until We Break #1),Athena Wright,320.0,5.0,
437040,Straus Park,Paul Baeten Gronda,362.0,4.0,2013.0
457765,The Fifth Diamond: The Story of Irene Weisberg Zisblatt,Irene Weisberg Zisblatt,167.0,5.0,2008.0
504131,Tracyho tygr,William Saroyan,118.0,4.0,1951.0
161727,"Her Last Word (Criminal Profiler, #2)",Mary Burton,360.0,4.17760617760618,2018.0
1749682,"Work Clean: The Life-Changing Power of Mise-En-Place to Organize Your Life, Work and Mind",Dan Charnas,306.0,3.5,2016.0
204448,Kodėl žlunga liberalizmas,Patrick J. Deneen,183.0,4.0,2018.0
2409411,No i Jo,Delphine de Vigan,224.0,3.5,2007.0
810374,Dimensiones Paralelas,Roberto Guidotti,160.0,2.5,
1891924,The Indonesian Killings 1965-1966: Studies from Java and Bali,Robert Cribb,279.0,4.0,1990.0
333789,Epidemiology for Public Health Practice,Robert H. Friis,616.0,3.0,1996.0
1302939,Dark Web: X-Men #1,Gerry Duggan,26.0,4.0,
1579117,The Great Global Treasure Hunt on Google Earth: The Interactive Puzzle Quest for Solid Gold Treasure,Carlton Books,32.0,5.0,2011.0
25545,Passchendaele: A New History,Nick Lloyd,410.0,5.0,2017.0
313221,¿Y tú qué miras?,Gabourey Sidibe,264.0,4.0,2017.0
1634515,Dinner with Doppelgangers: A True Story of Madness and Recovery,Colleen Wells,179.0,4.0,2015.0
729424,Virgin in the City,Alexa Riley,131.0,3.8,2018.0
142832,Vox Machina: Kith & Kin,Marieke Nijkamp,355.0,5.0,2021.0
843879,Playing Nice,J.P. Delaney,400.0,3.0,2020.0
233610,The Taxi Queue,Janet Davey,224.0,3.0,2007.0
1234096,"Foreigner (Foreigner, #1)",C.J. Cherryh,428.0,3.5,1994.0
198744,The Corner Shop on Foxmore Green (Foxmore Village #1),Lilac Mills,264.0,4.375,
2133188,Omensetter's Luck,William H. Gass,304.0,5.0,1966.0
665580,"Mass Effect: Foundation, Volume 1",Mac Walters,96.0,4.0,2013.0
1673187,Dream Sweet Dreams (Creative Kids Series),Kristy Kurjan,14.0,5.0,
2451040,"غرفة الزواحف (سلسلة الأحداث المؤسفة, #2)",Lemony Snicket,120.0,3.0,1999.0
58020,Notre-Dame du Nil,Scholastique Mukasonga,223.0,3.71428571428571,2012.0
1569861,Il coraggio di Rachel DuPree,Ann Weisgarber,272.0,4.5,2008.0
2267180,Fresh Start at Greengrass Campsite: Hilarious misadventures (Lynne & Christopher Gumbleton #3),Lynne Gumbleton,464.0,4.125,
2122012,Steampunk Cthulhu: Mythos Terror in the Age of Steam,Brian M. Sammons,310.0,5.0,2014.0
1409817,The Makeshift Husband (Prairie #3),Hilda Stahl,175.0,4.0,1993.0
2110999,Dragondrums (Harper Hall of Pern Book 3),Anne McCaffrey,236.0,4.66666666666667,1979.0
74163,Summers Lost,Robert DeLaMartre,37.0,5.0,2012.0
263984,"The Rebel and the Rake (League of Scoundrels, #2)",Emily  Sullivan,337.0,4.0,2021.0
594351,Smoke Gets in Your Eyes: And Other Lessons from the Crematorium,Caitlin Doughty,272.0,4.4,2014.0
1182382,Limits,Kevin Flegler,136.0,5.0,2014.0
2179086,CJ [with MindTap 1-Term Access Code],Larry K. Gaines,368.0,5.0,
1639161,Little Ghost Makes a Friend,Maggie Edkins Willis,34.0,5.0,2024.0
161752,Classroom of the Elite (Light Novel) Vol. 1,Syougo Kinugasa,387.0,4.23943661971831,2015.0
2059499,Piezas en fuga,Anne  Michaels,312.0,4.33333333333333,1996.0
2119048,AQA english language practice tests with answers,Susannah White,96.0,5.0,
2160488,Собрание сочинений в двух томах (Том 1).,Якоб Гримм,180.0,5.0,
149011,Rise and Fall of the Borgias,William Landon,5.0,3.75,
1969988,British Rail Past and Present: South and West Yorks,J.S. Whiteley,96.0,5.0,
336174,"The Storm of Echoes (The Mirror Visitor Quartet, #4)",Christelle Dabos,15.0,4.0,2019.0
204436,De 3 bestaat niet,Gerbrand Bakker,47.0,4.0,2020.0
367305,فريدريك نيتشه,مجدي كامل,330.0,3.27272727272727,2011.0
1135590,Caracol Beach (Spanish Edition),Eliseo Alberto,360.0,4.0,1998.0
1633816,Designing with Web Standards,Jeffrey Zeldman,432.0,5.0,2003.0
160856,"Not Quite Crazy (Not Quite, #6)",Catherine Bybee,315.0,4.44767441860465,2018.0
1890442,Half the Sky: Turning Oppression into Opportunity for Women Worldwide,Nicholas D. Kristof,296.0,4.54166666666667,2008.0
1700781,"Tokyo Mew Mew, Vol. 6 (Tokyo Mew Mew, #6)",Reiko Yoshida,200.0,4.75,2004.0
1176520,"The Writing on the Wall (Varg Veum, #10)",Gunnar Staalesen,256.0,3.75,1995.0
1998553,"Lightspeed Magazine, Issue 61, June 2015: Queers Destroy Science Fiction!",Seanan McGuire,738.0,3.0,2015.0
1367316,"Silent Scream (Anna Travis, #5)",Lynda La Plante,436.0,4.125,2009.0
2235349,The Loner (Daughters of Destiny #1),K.R. Grace,228.0,4.33333333333333,2015.0
213843,Revenge Body,Des Sweet,239.0,4.0,
1980154,Controvento. La vera storia di Bettino Craxi,Fabio Martini,202.0,5.0,2020.0
1085671,"Aleks (Verhœven, #2)",Pierre Lemaitre,368.0,2.0,2011.0
1131411,"Music At Night and other essays, including Vulgarity in Literature",Aldous Huxley,183.0,3.0,1931.0
600879,Šaptač u tami,H.P. Lovecraft,237.0,4.5,
1876811,Jedyna z Archipelagu,Kristin Hannah,352.0,3.14285714285714,2004.0
470127,I Santi Mostri,Ade Zeno,204.0,2.0,
191747,Cerebus The Aardvark #6,Dave Sim,,4.0,
1706096,"Metamorphosis, and Other Stories",Franz Kafka,315.0,4.0,1915.0
896401,"Organizational Theory, Design And Change",Gareth R. Jones,527.0,3.66666666666667,2003.0
163371,Imam Ghazali,Naima Sohaib,,4.0,
209710,Aventurile baronului Von Münchhausen,Rudolf Erich Raspe,125.0,2.66666666666667,1785.0
787996,"The Alchemaster's Apprentice (Zamonien, #5)",Walter Moers,388.0,5.0,2007.0
1820433,Esta loca soledad: Pequeños cuentos para gente grande (Spanish Edition),Michi Love,75.0,5.0,
909361,The Royal Box,Frances Parkinson Keyes,367.0,4.0,1954.0
1957221,Justice League: Darkseid War: Lex Luthor (2015) #1,Francis Manapul,22.0,5.0,2015.0
2536984,Stowaway on the Island (The Island Series Book 3),Jonathan Ross,222.0,4.0,
44447,The Skeleton Garden (Potting Shed Mystery #4),Marty Wingate,316.0,4.66666666666667,2016.0
897925,Star Wars: Choose Your Destiny (Book 3): An Obi-Wan & Anakin Adventure,Cavan Scott,145.0,5.0,2019.0
1968340,Het boek van de schoonheid en de troost,Wim Kayzer,333.0,3.0,2000.0
1745576,"Sleeping Through the Night: How Infants, Toddlers, and Their Parents Can Get a Good Night's Sleep",Jodi A. Mindell,368.0,3.55555555555556,1997.0
647846,Red Rains Down,Ryan Harville,335.0,4.0,
965539,"Flashing Before My Eyes: 50 Years of Headlines, Deadlines & Punchlines",Dick Schaap,300.0,3.0,2001.0
520151,Dialogues,Stanisław Lem,424.0,3.0,1957.0
2014894,Atta Troll ein Sommernachtstraum - Deutschland ein wintermärchen,unknown author,0.0,5.0,
1102647,Chiaro di donna,Romain Gary,126.0,4.0,1977.0
349383,The Machine in Shaft Ten and Other Stories,M. John Harrison,174.0,5.0,1975.0
1900547,"Dead Man Out of Yuma: Book No. 1 of Series: ""The Judge"": Fast-paced and action-filled adventures of a wrongly-imprisoned man's revenge",Jeff Breland,49.0,3.0,
154086,Rare Bird: A Memoir of Loss and Love,Anna Whiston-Donaldson,224.0,3.0,2014.0
1798739,And Then One Day (Magnolia Sound #4),Samantha Chase,258.0,4.2,2020.0
1293222,F.U. Money: Make As Much Money As You Damn Well Want And Live Your LIfe As YOu Damn Well Please!,Dan Lok,277.0,4.0,2009.0
209266,No-Drama Discipline: The Whole-Brain Way to Calm the Chaos and Nurture Your Child's Developing Mind,Daniel J. Siegel,290.0,4.25233644859813,2014.0
1806920,Rzecz o sowach,Leigh Calvez,256.0,5.0,
818466,The Dragon of Ynys,Minerva Cerridwen,87.0,4.0,2018.0
2030591,Τρεις Δεκάρες,Ε.Χ. Γονατάς,154.0,5.0,2006.0
2406130,V mene otca,Balla,112.0,2.0,2011.0
1877171,Detroit Then and Now (Then & Now),Cheri Y. Gay,144.0,4.0,2002.0
61203,"Rise of the Elder (The Dark Ability, #7)",D.K. Holmberg,390.0,4.55555555555556,2016.0
2502316,Final Fantasy XV: The Dawn of the Future,Jun Eishima,384.0,4.5,2019.0
1118829,"Savage Awakening (Alpha Pack, #2)",J.D. Tyler,352.0,3.5,2012.0
2002177,National Geographic Investigates: Ancient Egypt: Archaeology Unlocks the Secrets of Egypt's Past,Jill Rubalcaba,64.0,4.0,2006.0
1043579,The World's Best Short Short Stories,Roger B. Goodman,0.0,4.0,1967.0
1956643,Warum Pechvögel fliegen können. (Die Schutzengel-Trilogie 1),Jasmin Whiscy,321.0,4.0,
2510522,Los oráculos caldeos,G.R.S. Mead,154.0,1.0,1992.0
1672767,The Greatest Gift,Rachael Johns,416.0,5.0,2017.0
1442495,Aqua (The Arydian Chronicles #1),Kathy Armstrong Walters,268.0,5.0,2014.0
512521,Tant qu'il reste des îles,Martin Dumont,233.0,5.0,
852946,"The Red Rider (The Red Rider Saga, #1)",D.A. Randall,100.0,4.0,2013.0
2180650,X-Men: Apocalypse/Dracula #4,Frank Tieri,25.0,3.0,
2168579,"The Collected Works of St. Teresa of Ávila, Vol. 1",Teresa de Ávila,420.0,5.0,1976.0
886076,Understanding Human Resources Management A Canadian Perspective,Melanie Peacock,412.0,5.0,
1737899,Chocolate for a Woman's Soul: 77 Stories to Feed Your Spirit and Warm Your Heart,Kay Allenbaugh,256.0,5.0,1997.0
1367431,"Catching Caden (The Perfect Game, #1)",Samantha Christy,400.0,5.0,2017.0
1108182,A Cowboy Under My Christmas Tree,Janet Dailey,262.0,3.33333333333333,2012.0
2217577,Just as He Promised | Advent Bible Study - Men,The Daily Grace Co.,175.0,5.0,
2060391,The Promise of Mediation: The Transformative Approach to Conflict,Robert A. Baruch Bush,304.0,3.0,1994.0
542488,Harry Potter y la cámara secreta,J.K. Rowling,286.0,4.5,1998.0
383631,"Q is for Quarry (Kinsey Millhone, #17)",Sue Grafton,365.0,4.5,2002.0
1582678,Unstuck: How To Talk To Humans & Get Them To Respond To You (Gameplan Book 2),Sarah Harnisch,481.0,5.0,
1630776,Dark Strangers,A.J. Storm,202.0,1.0,2014.0
1808454,Esprit d'équipe,Aimée Lou,0.0,5.0,
720338,"The Complete Peanuts, 1979-1982",Charles M. Schulz,688.0,5.0,2011.0
586217,Il pianeta delle scimmie,Pierre Boulle,293.0,4.5,1963.0
1312318,Mind Benders B3: Deductive Thinking Skills,Anita Harnadek,34.0,4.0,2000.0
1790089,This Is Not a Pipe,Michel Foucault,112.0,3.68965517241379,1968.0
777813,"Berserk, Tom 22 (Berserk, #22)",Kentaro Miura,228.0,5.0,2001.0
2101021,Little Black Girl Lost : Book 2 The Forbidden (The Little Black Girl Lost Series),Keith Lee Johnson,313.0,3.5,2011.0
2094459,A Moral Alphabet: In Words Of From One To Seven Syllables,Hilaire Belloc,64.0,3.0,1899.0
287332,Twist of Faith (Ava Saunders Book 1),Ellen J. Green,334.0,3.98620689655172,2018.0
1665253,Orquídeas del paraíso,Enrique Planas,,4.0,1996.0
2023452,Clay’s Mustache,Sheila Wagner,32.0,5.0,2020.0
237029,Vento del Sud (Four Points #1),Hope Larson,,5.0,2016.0
2212129,Musashi : La pierre et le sabre et La parfaite lumière,Eiji Yoshikawa,1551.0,5.0,1935.0
424871,Lucky Strike,Lilith Lo,,4.0,2015.0
94566,"A Joosr Guide to… The Chimp Paradox by Steve Peters: The Mind Management Program to Help You Achieve Success, Confidence, and Happiness",Joosr,25.0,3.25,2015.0
1317129,"Predikant (Patrik Hedström, #2)",Camilla Läckberg,303.0,4.0,2004.0
2111878,Die Vorstadtkrokodile,Max von der Grün,0.0,5.0,1976.0
328422,Love & Hennessy 2: An Addictive Kind of Love (Love & Hennessy: An Addictive Kind of Love),Carmen Lashay,228.0,5.0,
552190,The Emperor's New Clothes,Hans Christian Andersen,0.0,3.0,1837.0
1418846,Liebes Kind,Romy Hausmann,432.0,4.0,2019.0
97288,Texas Two-Step (Heart of Texas Book 2),Debbie Macomber,219.0,3.71428571428571,1998.0
569523,"A Quiet Death (The Dark Peak, #3)",Cari Hunter,264.0,4.66666666666667,2017.0
1771807,Das verhängnisvolle Talent des Herrn Rong,Mai Jia,352.0,3.0,2002.0
674562,Die erstaunliche Wirkung von Glück,Susann Rehlein,318.0,4.0,2015.0
1507593,Way of the Peaceful Warrior: A Book That Changes Lives,Dan Millman,392.0,4.0,1980.0
1347780,Великолепно,Julia Quinn,271.0,3.0,1995.0
269827,Cradle of Secrets (Cradle of Secrets #1),Lisa Mondello,256.0,4.0,2007.0
1970084,"Substitute Bride (Rocky Ridge, #2)",Margery Scott,178.0,2.0,
2069704,Uncopyable: How To Create An Unfair Advantage Over Your Competition,Steve          Miller,152.0,2.0,
2263116,Rom: Stadt fürs Leben (German Edition),Golo Maurer,333.0,3.0,
485678,"The Silver Palace Sleepover (Sleepover, #8)",Sharon Siamon,124.0,4.0,1998.0
1667388,Ensayo sobre la ceguera / El viaje del elefante / Caín y el primer capítulo inédito del libro perdido Claraboya: Biblioteca Saramago (Pack 3 ebooks),José Saramago,531.0,5.0,2011.0
1823107,Do Something Beautiful: The Story of Everything and a Guide to Finding Your Place In It,York Moore,208.0,3.0,
197376,Emeril's Creole Christmas,Emeril Lagasse,192.0,5.0,1997.0
1155908,"Eat, Pray, Die (An Eat, Pray, Die Humorous Mystery, #1)",Chelsea Field,344.0,3.25,2016.0
110106,A History of the Indians of the United States (The Civilization of the American Indian Series) (Volume 106),Angie Debo,450.0,4.66666666666667,1970.0
2511707,Cry of Our Hearts: A Christian Weight-Loss Devotional,Deborah A Jackson,432.0,5.0,
2069692,The Devil and the Dark Water,Stuart Turton,576.0,3.25,2020.0
274752,Mistress of My Fate (The Confessions of Henrietta Lightfoot Book 1),Hallie Rubenhold,464.0,1.0,2011.0
731724,Talv mulle küll ei meeldi,Fiona Barker,26.0,4.0,
1886815,"Joy Ride (Big Rock, #5)",Lauren Blakely,300.0,3.93333333333333,2017.0
2437821,La Fenice e l’Albatros: Prima parte (Italian Edition),ErkenciShop IT,238.0,5.0,
789697,Merry Murder at the Adobe: A Holiday Novella (Amanda Warren Cozy Animal Mystery Book 3),Seren Star Goode,111.0,5.0,
384127,Deník holky z lékárny,Martina Lachnittová,192.0,4.5,2022.0
1078801,"Invincible, Vol. 25: The End of All Things, Part Two",Robert Kirkman,196.0,4.6,2018.0
1686594,Hub Fans Bid Kid Adieu: John Updike on Ted Williams: A Library of America Special Publication,John Updike,64.0,3.66666666666667,1977.0
1918884,Wired Ghost (Paradise Crime #11),Toby Neal,286.0,4.0,
400446,"Indian Summer (Secret Sisters, #12)",Sandra Byrd,112.0,4.0,2000.0
1160387,Guns of Vengeance,Lewis B. Patten,208.0,4.0,2003.0
479922,Absurditerre,Azelma Sigaux,194.0,5.0,
409135,Raum 211 (German Edition),Marcel Riepegerste,234.0,5.0,
974135,"Tales of Ratiocination, The First Detective Stories",Edgar Allan Poe,96.0,5.0,
663638,Before I Trust You,Daisy White,255.0,4.66666666666667,2018.0
656530,"Tempting Brooke (Big Sky, #2.5)",Kristen Proby,125.0,4.2,2018.0
457337,The Baby Laundry for Unmarried Mothers,Angela Patrick,288.0,4.0,2012.0
2402608,"Roger et ses humains, tome 1 (Roger et ses humains, #1)",Cyprien Iov,96.0,4.0,2015.0
1351543,Violet Eyes,Debbie Viguié,226.0,5.0,2010.0
2409816,I dolori del giovane Werther (Italian Edition),Johann Wolfgang von Goethe,102.0,4.0,1774.0
2490083,"Stolen Angel (A Singular Obsession, #3)",Lucy Leroux,262.0,5.0,2015.0
413949,Restricted Fantasies,Kevin Kneupper,284.0,4.0,2018.0
2197299,Wiped: The Curious History of Toilet Paper,Ronald H. Blumer,166.0,5.0,2013.0
458470,Tateism : The 41 Tenets : The Philosophy of Andrew Tate,Andrew Tate,42.0,3.0,
1384367,Young Queens: Three Renaissance Women and the Price of Power,Leah Redmond Chang,490.0,4.5,2023.0
1667699,Thread Folk: A Step-by-Step Guide to 15 Modern Embroidery Projects (Modern Makers),Libby Moore,160.0,4.0,
847223,Entailed to Heirs Female,Victoria Lynn,287.0,3.0,
235231,Brújulas que buscan sonrisas perdidas,Albert Espinosa,240.0,5.0,2013.0
1470185,The Invention of Curried Sausage,Uwe Timm,218.0,3.7,1993.0
2155807,"Marked by Fate (Coven of Shadows and Secrets, #4)",Ashley McLeo,426.0,4.33333333333333,
2425675,The Asking Boy – A Kid's Story Book about True Love for children ages 3 to 5 years upwards: Inspired by a classic tale told in a way that younger readers will understand and appreciate,Elisa Anderson,18.0,5.0,
1522365,Shapestone,James Bibby,221.0,4.0,2012.0
1371966,Ten Things I Hate About Me,Randa Abdel-Fattah,306.0,2.0,2006.0
1576163,کتاب مستطاب آشپزی از سیر تا پیاز,نجف دریابندری,1968.0,4.6,1999.0
71636,Das Café ohne Namen,Robert Seethaler,0.0,5.0,2023.0
2326200,Talus and the Frozen King,Graham Edwards,333.0,3.0,2014.0
265827,Pizza & Promises (Tuscany Series #2),Sophia Bar-Lev,256.0,4.0,2014.0
2250788,Tolkien und der Erste Weltkrieg: Das Tor zu Mittelerde,John  Garth,464.0,4.0,2003.0
1693823,Until the Harvest (Appalachian Blessings Book #2),Sarah Loudin Thomas,306.0,4.0,2015.0
1168433,Boudica's Last Stand: Britain's Revolt Against Rome AD 60-61,John  Waite,256.0,3.0,2007.0
759626,What Christian Parents Should Know About Infant Baptism,John P. Sartelle,28.0,5.0,1985.0
2418994,The Drive-Thru Crematorium,Jon Bassoff,206.0,4.0,
1001309,The Wounds of God (The Hawk and the Dove #2),Penelope Wilcock,193.0,4.5,1991.0
56480,Extinction Hymns,Eric Raglin,187.0,4.0,
258079,Minecraft: 50+ Creative Furniture Ideas,Minecraft Gurus,82.0,5.0,2013.0
2454786,Northanger Abbey,Jane Austen,184.0,5.0,1817.0
1949347,Baby Owls (Adorable Animals),Deanna Caswell,32.0,5.0,
392984,"Seniors (His Mate; Seniors, #1)",M.L. Briers,165.0,5.0,
2320867,Elizabeth Finch (Italian Edition),Julian Barnes,185.0,3.5,2022.0
1615482,‫الشيء فى الصندوق‬ (Arabic Edition),أحمد خالد توفيق,26.0,3.0,
1225918,Sak'umesh,Miguel Baraona,644.0,5.0,2010.0
1589207,Bathe the Cat,Alice B. McGinty,48.0,4.0,2022.0
1377236,"A Gorgeous Mess (The Bent Zealots MC, #2)",Layla Wolfe,250.0,5.0,2015.0
2342573,Albero e foglia,J.R.R. Tolkien,229.0,4.0,1975.0
1528311,Not Always The Fool,Audrey Roberts,,5.0,2011.0
407411,A Long Way Down,Nick Hornby,389.0,3.0,2005.0
1650567,They Call Me George: The Untold Story of The Black Train Porters,Cecil Foster,372.0,3.0,2019.0
1959616,Me enamore de mi engreído profesor (Spanish Edition),Jorell Content,374.0,2.0,
453121,Petit traité de bizarrologie (Vie Quotidienne),Richard Wiseman,256.0,5.0,
215146,La princesa secuestrada del mar azul VOL. 2,Yuki Ayumura,162.0,3.66666666666667,2013.0
225322,"The Hand of Chaos (The Death Gate Cycle, #5)",Margaret Weis,497.0,4.41666666666667,1993.0
1529383,Erasure,Percival Everett,9.0,4.83333333333333,2001.0
798198,Le Cercle littéraire des amateurs d'épluchures de patates,Mary Ann Shaffer,390.0,4.15789473684211,2008.0
1757896,Secrets of the Bikini Competitor: Everything you need to rock the stage and win your bikini competition.,Valerie Wiest,124.0,2.0,2015.0
2400298,"Bruce Coville - Unicorn Chronicles Collection: Into the Land of the Unicorns, Song of the Wanderer, Dark Whispers, The Last Hunt",Bruce Coville,,5.0,
698511,Complete Poems of Robert Frost,Robert Frost,,5.0,1949.0
811333,Christmas at Thorne Manor: A Trio of Holiday Novellas (A Stitch in Time),Kelley Armstrong,288.0,4.0,2022.0
1800696,Man's Search for Meaning,Viktor E. Frankl,,4.11111111111111,1946.0
1240398,Fem dager i mai,Ole Asbjørn Ness,335.0,4.5,2021.0
920438,El bandido en el bosque de ladrillo,Roberto Arlt,224.0,3.0,
1670097,Extra Credit (The Murder 101 Mysteries Book 7),Maggie Barbieri,384.0,4.0,2012.0
2239135,The eternally restless soul...,Sagarika Jauhari,52.0,4.0,
628248,لكنود,إسلام جمال,216.0,4.59756097560976,2020.0
505731,"Železný plamen (Empyreum, #2)",Rebecca Yarros,752.0,4.5,2023.0
1067142,Dog Diaries: Happy Howlidays: A Middle School Story,James Patterson,194.0,5.0,2019.0
2059819,Jim Henson's Labyrinth: The Novelization,A.C.H. Smith,228.0,4.4,1985.0
1431299,المستوى الأول: دلائل أصول الإسلام,صناعة المحاور,360.0,4.46666666666667,
525772,The Death of Life (The Little Things That Kill Series Book 2),Pamela Crane,258.0,5.0,2018.0
2551810,"Rangers, Scouts, and Raiders: Origin, Organization, and Operations of Selected Special Operations Forces",Michael F. Dilley,240.0,3.0,
2097713,Приключения Шерлока Холмса и доктора Ватсона,Arthur Conan Doyle,459.0,5.0,1892.0
2409775,ISIS: Caliphate's Sex Slaves,Brad Power,45.0,5.0,2015.0
2078305,Mein Schulgeist Hanako 04,AidaIro,176.0,4.5,2016.0
1839674,Two Roads to Sumter,Bruce Catton,285.0,3.0,1963.0
2212307,According to Carley Love,Curtiss Ann Matlock,376.0,4.0,
1469980,"Scrivener's Moon (Fever Crumb, #3)",Philip Reeve,400.0,4.07692307692308,2011.0
768368,Just What the Truth Is (Home #5),Cardeno C.,194.0,4.33333333333333,2011.0
2413297,Anne Sexton: The Complete Poems,Anne Sexton,622.0,5.0,1981.0
244317,Dictionary of Subjects and Symbols in Art,James  Hall,384.0,4.5,1973.0
1661790,Le Juge et son bourreau,Friedrich Dürrenmatt,124.0,4.0,1951.0
689046,Das Joshua-Profil,Sebastian Fitzek,432.0,3.83687943262411,2015.0
1865234,The Courage to Heal Workbook: A Guide for Women and Men Survivors of Child Sexual Abuse,Laura   Davis,460.0,4.23636363636364,
593628,The Black Bird Oracle (All Souls #5),Deborah Harkness,638.0,3.0,2024.0
288047,Hannibal: Fields of Blood,Ben Kane,514.0,4.42857142857143,2013.0
520210,How to write a masters thesis fast: Practical productivity tips for students,Petteri Sahlman,76.0,4.0,2012.0
1311324,Death by Arts and Crafts (An Abby McCree Mystery Book 6),Alexis Morgan,286.0,5.0,2022.0
127024,"Karalius, dama, valetas",Vladimir Nabokov,190.0,5.0,1928.0
568723,A Feast of Snakes,Harry Crews,192.0,5.0,1976.0
2106485,Hombres Rotos,Rafa Mier,347.0,4.0,
2337121,Kauimpana kuolemasta,Elina Hirvonen,239.0,4.0,2010.0
1368246,"Μ' αγαπά, δεν μ' αγαπά",M.J. Arlidge,424.0,4.0,2017.0
477029,Le Prince de la Coke,Gérard Fauré,224.0,4.0,
1086252,Pink Panties 2,Keys,199.0,5.0,2013.0
319694,سیاست اقتصادی,Ludwig von Mises,112.0,4.66666666666667,1979.0
889316,Den sidste boghandel i London,Madeline  Martin,320.0,3.5,2021.0
837248,"Goodbye, Mr. Chips / To You, Mr. Chips",James Hilton,266.0,3.875,1938.0
2183468,I Really Dig Pizza!: A Mystery! (An Archie & Reddie Book),Candy James,80.0,5.0,
2231541,Facing East: A Pilgrim's Journey into the Mysteries of Orthodoxy,Frederica Mathewes-Green,272.0,4.0,1997.0
1323699,The Reiki Teacher's Manual,Tina M. Zion,144.0,5.0,2008.0
715511,Starfall (The Chronicles of Fid #3),David H. Reiss,312.0,4.2,2019.0
409004,"Plants vs Zombies Game Player's Guide - Tips, Tricks and Strategies",Mina Garrah,73.0,4.5,2014.0
1298285,Dzień jeża w domu spokojnej starości,Robert Tracz,185.0,2.0,
2379062,Scooby-Dooby-Doo s Double Reader!,Gail  Herman,64.0,5.0,2007.0
248266,"Level 3 Diploma Supporting teaching and learning in schools, Primary, Candidate Handbook (NVQ/SVQ Supporting Teaching and Learning in Schools Level 3)",Louise Burnham,360.0,4.75,2010.0
1596801,Between hello and goodbye ครู่สนทนา,จิรเดช โอภาสพันธ์วงศ์,336.0,5.0,
909811,Reading Comprehension Grade 4: Grade 4,Teacher Created Resources,48.0,5.0,2002.0
1054167,"Praise for Christmas (Praise Him Anyhow, #6)",Vanessa Miller,108.0,5.0,2013.0
1125065,Smitten with Ravioli (Smitten with Travel Romantic Comedy Series #1),Ellen Jacobson,,2.66666666666667,
731156,في مدينة الظلال والأحلام,Murat Gülsoy,351.0,3.0,2014.0
1586490,"San Francisco's great disaster; a full account of the recent terrible destruction of life and property by earthquake, fire and volcano in California and at Vesuvius ..",Sydney Tyler,,4.0,
1955383,"In His Keeping: Banished (In His Keeping, #2)",Mia Frances,328.0,4.0,2015.0
909018,"Marked for Death: A Riveting True Story of Sex, Greed, Drugs, Craven Murder and its Shocking Aftermath",Brian J. Karem,290.0,5.0,2005.0
1544158,عيناك قدري,غادة السمان,179.0,3.35294117647059,1962.0
2113512,"Black Butler, Vol. 1",Yana Toboso,192.0,4.66666666666667,2007.0
1134869,"A Voice in the Wilderness (The Human Division, #4)",John Scalzi,36.0,3.875,2013.0
720954,G.I. Joe A Real American Hero #307,Larry Hama,0.0,5.0,
259896,Mischa und der Meister,Michael Kumpfmüller,368.0,1.0,
2210682,"Autobiography of a Werewolf Hunter Trilogy: Autobiography of a Werewolf Hunter, Heart of Scars, The Lineage",Brian  Easton,560.0,4.0,
2336484,The Night of Las Posadas,Tomie dePaola,32.0,4.66666666666667,1999.0
875321,When The Women Come Out To Dance,Léonard Elmore,240.0,4.0,2002.0
1223429,Kalindi,Jagannath Kunte,240.0,5.0,2010.0
495655,Ìrìnkèrindò Nínú Igbó Elégbèje (Expedition to the Mount of Thought),D.O. Fagunwa,,3.0,1940.0
1731345,"Hoarfrost (Blood of Cain, #2)",J.L. Murray,236.0,3.0,
1640299,Obsession,John E. Douglas,496.0,4.5,1998.0
267029,Lust,Elfriede Jelinek,256.0,2.0,1989.0
307311,Grumpy Romance,Nia Arthurs,,2.5,2021.0
415351,"Sourcery (Discworld, #5)",Terry Pratchett,336.0,3.88888888888889,1988.0
27617,Unidentified Funny Objects 4 (UFO #4),Alex Shvartsman,312.0,4.0,2015.0
1586683,"Podróżniczka (Obca, #3)",Diana Gabaldon,608.0,5.0,1993.0
883213,Dating Dracula (Dating Monsters #1),Kinsley Adams,418.0,4.22727272727273,
2328852,Blessing in Disguise,Lauraine Snelling,304.0,5.0,1999.0
1864192,Prognosis1,JackNaim,268.0,3.0,2015.0
2278990,The Experiment of the Tropics: Poems,Lawrence Lacambra Ypil,72.0,5.0,2019.0
1823810,Contra el cambio,Martín Caparrós,278.0,5.0,2010.0
2046082,In Real Time (Cadence Cougars #3),S. Manship,348.0,3.0,
13555,"From the First (The Moorehouse Legacy, #3; Callie/Grace/Walker Brothers/Moorehouse series, #6)",Jessica Bird,250.0,4.25,2006.0
1860396,The Red Cheong-sam and Other Old Tales of Malaya and Singapore,ralph-p-modder,0.0,4.0,2006.0
1305792,Let's Get Physical: How Women Discovered Exercise and Reshaped the World,Danielle Friedman,10.0,4.0,2022.0
2354128,The 7th Riddle Book Episode Two,Athena Goodman,37.0,5.0,
442080,走ることについて語るときに僕の語ること,Haruki Murakami,262.0,3.5,2007.0
1488125,Rich as F*ck Journal: The Official Companion to the Best Selling Book,Amanda Frances,163.0,5.0,2022.0
1725519,The Most of P.G. Wodehouse,P.G. Wodehouse,701.0,4.76470588235294,1960.0
1809205,Harley Quinn and Power Girl,Amanda Conner,152.0,3.54545454545455,2016.0
1000527,Le sanglot des anges - Résurgence T.02,Philippe Riboty,0.0,4.0,2006.0
1512855,Michael Vaughan: Time to Declare - My Autobiography,Michael Vaughan,480.0,4.0,2009.0
2509039,"Broken Shell Island: The Witches of West Shore (Broken Shell Island, #1)",Dalya Moon,379.0,5.0,2012.0
2041421,"The Savage Sisters: Love, Lies, and Family Ties",Mz. Biggs,166.0,5.0,
264466,The Dark Earl,Virginia Henley,416.0,3.33333333333333,2011.0
1204719,"Cast in Fury (Chronicles of Elantra, #4)",Michelle Sagara,495.0,5.0,2008.0
1239576,"তিন গোয়েন্দা ভলিউম ১২ (তিন গোয়েন্দা, #৪৬,৪৭,৪৮)",Rakib Hassan,262.0,5.0,1993.0
495511,"No Place Like Home (Cisco, #1)",Fern Michaels,256.0,4.0,2002.0
1190315,"The Passion to Love (The Passion, #3)",Dana L. Elgrod,516.0,4.0,2015.0
2303735,Chief Executive Officer,KJ  Holliday,209.0,4.0,
567948,Innovation: The History of England Volume VI,Peter Ackroyd,500.0,5.0,2021.0
2521352,Abraham Lincoln,Benjamin P. Thomas,548.0,4.0,1952.0
2386725,Moving from Broken to Beautiful® through Grief: Book 4 Moving from Broken to Beautiful Series,Yvonne Ortega,173.0,5.0,
1603817,Sobre la fotografía,Susan Sontag,203.0,3.0,1973.0
2594206,War at Home: A Smokey Dalton Novel,Kris Nelscott,392.0,4.0,2005.0
1508881,"Crushing Crystal (Jane Stuart and Winky, #6)",Evan Marshall,247.0,4.0,
2062801,"Stacy's Gangbang Wedding (The Stacy Series, #5)",Virginia Wade,51.0,1.0,2011.0
100196,"The Sentry (Elvis Cole, #12, Joe Pike, #3)",Robert Crais,290.0,4.5,2011.0
144089,"Revenge (Naughty After Hours, #1)",Jasmine Haynes,171.0,4.0,2013.0
439351,Twisted Vows (Collateral Damage #2),Candice M.  Wright,347.0,5.0,
230851,"Ruin (The Faithful and the Fallen, #3)",John Gwynne,768.0,4.54988913525499,2015.0
1825959,"Erak's Ransom (Ranger's Apprentice, #7)",John Flanagan,400.0,5.0,2007.0
2095425,"What's for Dinner in One Pot?: 100 Delicious Recipes, 10 Weekly Meal Plans, In One Pan or Slow Cooker!",Sarah  Rossi,224.0,5.0,
2005380,The Goose Road,Rowena House,322.0,5.0,2018.0
1329559,The Spiritual Marriage between Christ and His Church and Every One of the Faithful,Girolamo Zanchi,152.0,4.0,
219380,The Amazing Spider-Man (2014-2015) #16,Dan Slott,23.0,4.0,2015.0
622344,"Ateşle İmtihan (The Witcher, #5)",Andrzej Sapkowski,440.0,4.0,1996.0
1678584,The Nine Lives of Pakistan: Dispatches from a Divided Nation,Declan Walsh,369.0,4.5,2020.0
933822,Poesia - II,Jorge de Sena,255.0,5.0,1978.0
812743,"Biela Masajka (Biela Masajka, #1)",Corinne Hofmann,328.0,5.0,1998.0
538,Černý písek,Cristina Cassar Scalia,392.0,4.0,2018.0
654456,Macbeth,William Shakespeare,79.0,4.33333333333333,1623.0
856818,Animais da Cidade,Taback Simms,0.0,5.0,2009.0
2159383,The Fort,Gordon Korman,,5.0,2022.0
173468,"The Rescue (The Chosen, #4)",Lola Gabriel,127.0,4.0,
2530193,"Lady Harriet (Les duchesses, #3)",Eloisa James,376.0,5.0,2007.0
940100,Northanger Abbey,Jane Austen,0.0,5.0,1817.0
26498,"Shanks for Nothing: Missing Links Series, Book 2",Rick Reilly,0.0,4.0,2006.0
1337526,How Basketball Can Save the World: 13 Guiding Principles for Reimagining What's Possible,David    Hollander,320.0,4.33333333333333,
2368794,"Beyond the Twelve-Factor App Exploring the DNA of Highly Scalable, Resilient Cloud Applications",Kevin Hoffman,58.0,2.5,
584494,El Juego del Alfil,María Fernanda Medrano,186.0,3.0,
338117,I bambini imparano quello che vivono (Italian Edition),Dorothy Law Nolte,240.0,5.0,1998.0
1016982,Feminist City: Claiming Space in a Man-Made World,Leslie Kern,224.0,4.5,2019.0
2001062,Blood Brothers,Dallas Barnes,496.0,4.66666666666667,
1111005,La vedova scalza,Salvatore Niffoi,182.0,4.0,2006.0
1189615,The Palace of Lost Memories (After The Rift #1),C.J. Archer,340.0,4.66666666666667,2018.0
1150626,Mind of a Killer: A Gripping Crime Mystery and Suspense Thriller (A Reece Cannon Thriller Book 2),Paul  Knox,225.0,3.0,
830594,Courier to the Stars (Thistlewood Star Mysteries #4),C. Rysa Walker,274.0,5.0,
1972562,An Unclouded Day,Ramona Bridges,232.0,5.0,2013.0
1186672,"The Death of Naanji (The Seventh Sword, #4)",Dave Duncan,254.0,5.0,2012.0
1717028,First and Only (Gaunt's Ghosts #1),Dan Abnett,344.0,4.42857142857143,1999.0
2033559,"The Everything Parent's Guide to Emotional Intelligence in Children: How to Raise Children Who Are Caring, Resilient, and Emotionally Strong",Korrel Kanoy,304.0,5.0,2013.0
1863706,Everybody Has Those Thoughts So It Doesn't Mean You're Gay (Everybody Series Book 3),Cristian YoungMiller,58.0,2.0,2010.0
593824,What They Forgot To Teach You At School: Essential emotional lessons needed to thrive,The School of Life,138.0,4.16666666666667,
451490,"My Big Fat Texas Wedding (Deep in the Heart of Texas, #7.5)",Katie Lane,113.0,4.0,2016.0
1030571,Screwtape Proposes A Toast,C.S. Lewis,,4.0,1959.0
992711,David Bowie: A Life from Beginning to End (Biographies of Musicians),Hourly History,40.0,3.16666666666667,
2084593,The Holiday Collection,Elizabeth   Kelly,601.0,5.0,
1300531,Modern Latin America,Thomas E. Skidmore,512.0,4.0,1984.0
740060,"Открытие ведьм (All Souls, #1)",Deborah Harkness,608.0,4.5,2011.0
1448928,Half Asleep in Frog Pajamas,Tom Robbins,400.0,3.83333333333333,1994.0
780139,Moonbeams (The Lewis Legacy #5),JoAnn Durgin,294.0,4.5,2014.0
1972717,Processing the Experience: Enhancing and Generalizing Learning,John L. Luckner,384.0,5.0,1992.0
2414556,Portrait of the Artist as a Young Man,James Joyce,,4.0,1916.0
2299699,La vérité sur ce qui nous motive,Daniel H. Pink,254.0,4.0,2009.0
148658,The Consolations of Philosophy / Status Anxiety,Alain de Botton,584.0,4.66666666666667,
967061,Spider-Man 3: The Junior Novel,Jasmine Jones,144.0,3.0,2007.0
79470,"Double the Trouble (Kings of California, #15)",Maureen Child,192.0,2.0,2014.0
791542,Integral Christianity: The Spirit's Call to Evolve,Paul R. Smith,408.0,5.0,2011.0
2251775,Terror by Satellite,Hugh Walters,160.0,5.0,1980.0
2102016,"Wissenschaft ist das, was auch dann gilt, wenn man nicht dran glaubt: Das große Jubelbuch der Science Busters",Science Busters,336.0,4.33333333333333,
1576906,Dilla Time,Charnas  Dan,480.0,4.5,2022.0
1160747,Die Ordnung des Himmels: Eine Geschichte der Religionen von der Steinzeit bis heute (German Edition),Bernhard Maier,664.0,1.0,
1902350,The Dogs of Bable,Carolyn Parkhurst,0.0,2.0,2003.0
1827900,Escaping the Bonds of Earth: The Fifties and the Sixties (Springer Praxis Books),Ben Evans,511.0,4.0,2009.0
1218996,Saved For Me,Abby Knox,78.0,3.25,2018.0
1232048,"Roma, o istorie inedită",Indro Montanelli,374.0,3.0,1957.0
788932,Pieśń o Cydzie,Anonymous,152.0,2.0,1110.0
2293326,Slaying the Vampire Conqueror,Carissa Broadbent,12.0,3.0,2023.0
929627,Ni una palabra,Harlan Coben,415.0,4.5,2008.0
2095156,מקימי,Noa Yaron-Dayan,328.0,3.66666666666667,2007.0
1571918,Rectángulo y flecha,Cesar Gonzalez,102.0,4.0,
1709992,Samotność Anioła Zagłady,Robert J. Szmidt,330.0,3.57142857142857,2009.0
988900,Le Prince,Niccolò Machiavelli,208.0,3.0,1513.0
2180627,I Could Nosh: Classic Jew-ish Recipes Revamped for Every Day,Jake Cohen,304.0,5.0,
2411559,Drop Dead Gorgeous,Wayne Simmons,260.0,4.0,2008.0
2322977,Cat Family at The Museum: A Lift-the-Flap Book,Lucy Brownridge,24.0,5.0,
109950,Blue Running,Lori Ann Stephens,334.0,4.66666666666667,
1883428,"Love Finds You in Mackinac Island, Michigan",Melanie Dobson,320.0,5.0,2012.0
1540338,Romancing the Spartan Race (Survive the Romance #9),Cami Checketts,43.0,5.0,
2107460,A Whole New Light,Sandra       Brown,261.0,3.0,1989.0
1358278,Moordenaarsstorm,Inge Ipenburg,450.0,4.0,2019.0
2287142,Superboy: The Boy of Steel,Geoff Johns,144.0,4.0,2010.0
1963924,Gli scomparsi,Daniel Mendelsohn,608.0,3.0,2006.0
1894582,Kendini Tutan Su,Yalçın Tosun,88.0,4.0,2016.0
1495970,Kitapları Kurtaran Kedi,Sōsuke Natsukawa,207.0,4.5,2017.0
488933,El libro de los cráneos,Robert Silverberg,304.0,5.0,1971.0
459159,"El misterio que nos une (¿Quién mató a Alex?, #1)",Janeth G.S.,408.0,3.84210526315789,2013.0
2320205,"Max the Brave by Ed Verde (July 29,2014)",unknown author,0.0,5.0,
1178115,Believe... And You Say?,Chris Vonada,26.0,5.0,2013.0
2227013,Patronus (Legado Lunar nº 1) (Spanish Edition),Vindictia,255.0,3.5,
1338058,Doing Content Right,Steph Smith,,5.0,
1460072,Know and Tell: The Art of Narration,Karen  Glass,232.0,4.53846153846154,
389964,The Daughter,Jane Shemlit,352.0,3.57575757575758,2014.0
1899610,La loro compagna zandiana,Renee Rose,65.0,3.0,2018.0
2248770,TRUMP: El Arte de la Negociación,Donald J. Trump,269.0,5.0,1987.0
674535,"Distance (Beneath the Mask, #1)",Luna Mason,430.0,4.23809523809524,
1979462,The Match,Harlan Coben,449.0,4.05555555555556,2022.0
42611,Professor Stewart's Incredible Numbers,Ian Stewart,352.0,3.66666666666667,2015.0
1511164,Runaway,Richard Marsten,364.0,5.0,1954.0
1232155,"The Girl at Midnight (The Girl at Midnight, #1)",Melissa Grey,370.0,3.33333333333333,2015.0
1371317,"The Greta Garbo Murder Case (Jacob Singer, #5)",George Baxt,197.0,1.0,1992.0
1361069,Wicked Haints: A Savannah Ghost Story,J.K. Bovi,128.0,3.0,2013.0
2130449,Wanted - La vera storia di Calico Jack,Sabrina Pennacchio,322.0,3.0,
2356404,Shadow Flight,Joe  Weber,393.0,4.75,1990.0
1807407,El personaje (Spanish Edition),Robert McKee,478.0,5.0,2021.0
1563009,The Despot's Accomplice: How the West is Aiding and Abetting the Decline of Democracy,Brian Klaas,274.0,4.0,2017.0
2259048,Practically Raw: Flexible Raw Recipes Anyone Can Make,Amber Shea Crawley,256.0,4.0,2012.0
1563075,The Bride Wore Spurs,Janet Dean,283.0,4.0,2013.0
1664171,Potop. Tom II,Henryk Sienkiewicz,768.0,3.56666666666667,
995717,Llamaphones (A Grammar Zoo Book),Janik Coat,36.0,3.0,2018.0
155715,Ghost Mother,Kelly Dwyer,336.0,3.52631578947368,2024.0
2109722,"Aprendiz de asesino (Trilogía del Vatídico, #1)",Robin Hobb,392.0,4.0,1995.0
1504217,"Never Mind (Patrick Melrose, #1)",Edward St. Aubyn,208.0,4.33333333333333,1992.0
2601520,All My Tomorrows,C.L. Saucier,242.0,5.0,2012.0
1980179,"Bear the Flame (Firebear Brides, #2)",Anya Nowlan,90.0,5.0,
463936,"Zasada Jednego (The Rule of One, #1)",Ashley Saunders,360.0,2.5,2018.0
2059382,Quella vita che ci manca,Valentina D'Urbano,390.0,5.0,
190841,Perché viaggiamo. In difesa di un atto vitale,Tony Wheeler,120.0,3.66666666666667,
900367,مذكرات شاهد للقرن,مالك بن نبي,456.0,4.36363636363636,2004.0
1621759,Other People's Money,Justin Cartwright,273.0,4.0,2011.0
1646081,The Waratah Inn: The Complete Boxed Set,Lilly Mirren,1186.0,5.0,
1835903,Kissed by Trouble: Das Bernsteinkomplott (Troubleshooter 3) (German Edition),Clannon Miller,351.0,4.5,
2166997,"Family Plot (John Pickett Mysteries, #3)",Sheri Cobb South,198.0,4.5,2014.0
563363,Darth Plagueis (Star Wars),James Luceno,386.0,5.0,2012.0
1500727,Prison House,John King,278.0,3.5,2004.0
92362,The Runestones of Tritinakh (Fantasy Online #3),Harmon Cooper,325.0,5.0,2018.0
1865948,"How to Teach Anything: Break Down Complex Topics and Explain with Clarity, While Keeping Engagement and Motivation (Learning how to Learn)",Peter Hollins,225.0,3.0,
2048760,Užrašai: Vilniaus geto kronika 1941-1944,Grigorijus Šuras,167.0,5.0,
1325193,Convoy North (John Mason Kemp #2),Philip McCutchan,216.0,3.0,1988.0
79122,Bottled Up,Jaye Murray,220.0,5.0,2003.0
803783,And Call Me in the Evening (And Call Me in the Morning #2),Willa Okati,145.0,4.0,2014.0
2113412,Histórias de Ver e Andar,Teolinda Gersão,192.0,5.0,2002.0
969268,The Jonah Watch,Jack Cady,260.0,1.0,1983.0
2058704,"Vineyards and Vaqueros: Indian Labor and the Economic Expansion of Southern California, 1771-1877",George Harwood Phillips,384.0,4.0,2010.0
1046014,Разкази от Стършел,Любомир П. Николов,46.0,1.0,2011.0
2004717,Bruce Springsteen -- Born to Run: Piano/Vocal/Chords,Bruce Springsteen,96.0,2.0,1986.0
241767,"Curse of the Mystery Mutt (Dog Diaries: A Middle School Story, #4)",James Patterson,192.0,4.25,2019.0
390398,"Extreme Economies: Survival, Failure, Future – Lessons from the World’s Limits",Richard Davies,320.0,4.27777777777778,2020.0
1861345,"Crucible of Time (Deathlands, #44)",James Axler,0.0,5.0,1999.0
110688,"Dune (Il ciclo di Dune, #1)",Frank Herbert,633.0,4.0,1965.0
290252,لعبة الكريات الزجاجية,Hermann Hesse,630.0,2.33333333333333,1943.0
2093600,Nykynoidan käsikirja,Kuparikettu,328.0,1.0,
635600,Sherlock Holmes and the Sport of Kings,Jennifer Bassett,64.0,3.0,2005.0
2132952,Telling Histories: Black Women Historians in the Ivory Tower (Gender and American Culture),Deborah Gray White,304.0,5.0,2008.0
1506816,The Heroes' Welcome,Louisa Young,272.0,3.0,2014.0
853141,Veronika Decide Morir,Paulo Coelho,0.0,3.0,1998.0
2286920,"Help, It's Too Big!",Jean-Luc Cheri,63.0,5.0,
1698906,Garfield pocket 40,Jim Davis,0.0,5.0,2002.0
774545,La luce e lo spazio. Un'intervista a Franco Battiato,Francesco Pelosi,128.0,4.0,
2543156,Skeleton Key: A Dictionary for Deadheads,David Shenk,416.0,5.0,1994.0
59861,Curtain Call at the Seaview Hotel (A Helen Dexter Cosy Crime Mystery),Glenda Young,359.0,4.625,2022.0
1631376,룬의 아이들: 윈터러 7 (새벽을 택하라),전민희,364.0,5.0,2002.0
2367528,"Random in Death (In Death, #58)",J.D. Robb,368.0,4.17010309278351,2024.0
1884333,Iceman: My Fighting Life,Chuck Liddell,344.0,3.0,2008.0
2267907,Το ικανό σου παιδί: Προσεγγίζοντας βασικές αξίες για την οικογένεια,Jesper Juul,238.0,4.5,1995.0
285893,"Amor, bienvenido a bordo",Elsa Jenner,273.0,3.0,
2600310,Starting Over,Dan Wakefield,0.0,4.0,1972.0
1479755,The Shadows of London (Joseph Bridgeman #2),Nick   Jones,350.0,4.57142857142857,2021.0
2341891,"Marble Hornets: Can You See Me (Marble Hornets, #4)",Troy Wagner,40.0,4.0,
1859326,"10th Anniversary (Women's Murder Club, #10)",James Patterson,391.0,4.60975609756098,2011.0
2245422,Avete prenotato?: Gioie e dolori nella sala di un ristorante (Italian Edition),Rossella Costa,114.0,5.0,
841100,Ο πόλεμος των λέξεων:  Θρησκευτική διαμάχη και προπαγάνδα στη Γαλλία τον καιρό της νύχτας του Αγίου Βαρθολομαίου,Κώστας Γαγανάκης,232.0,5.0,2003.0
1972265,50 Self Help Classics: Your Shortcut to the Most Important Ideas on Happiness and Fulfilment,Tom Butler-Bowdon,312.0,4.0,2003.0
638768,"Battle Angel Alita, Vol. 8: Fallen Angel",Yukito Kishiro,224.0,4.55555555555556,1994.0
1795494,"Diablo III: Heroes Rise, Darkness Falls",Micky Neilson,288.0,4.33333333333333,2012.0
2137342,Mystery of the Witches' Bridge,Barbee Oliver Carleton,304.0,4.0,1967.0
2551358,However Long the Night: Molly Melching's Journey to Help Millions of African Women and Girls Triumph,Aimee Molloy,272.0,3.6,2013.0
648338,"The Chronicles of Narnia (The Chronicles of Narnia, #1-7)",C.S. Lewis,,5.0,1956.0
907545,Tall Tales and Wedding Veils (Playboys Book 2),Jane Graves,404.0,3.0,2008.0
800883,Imagining Home: Writing from the Midwest,Mark Vinz,224.0,4.5,1995.0
1452995,"Harry Potter ja segavereline prints (Harry Potter, #6)",J.K. Rowling,557.0,4.0,2005.0
2034423,Diamond Dust: Stories,Anita Desai,224.0,4.2,2000.0
522262,"A Story, a Story",Gail E. Haley,36.0,4.0,1970.0
2264992,The Master of Bruges,Terence Morgan,314.0,3.0,2009.0
169889,Empati,Adam Fawer,689.0,4.06010928961749,2008.0
567031,Funniest NSFW 9GAG posts collection: Try not to laugh! (9gag collections Book 1),Magnus Novak,16.0,1.5,
1752589,La collina dei conigli,Richard  Adams,429.0,4.0,1972.0
1075753,The Birth and Death of Meaning: An Interdisciplinary Perspective on the Problem of Man ,Ernest Becker,242.0,5.0,1962.0
1449104,Trump's War: His Battle for America,Michael Savage,266.0,4.0,
1629730,TextMate: Power Editing for the Mac,James Edward Gray II,200.0,4.5,2007.0
1780319,Il Nix,Nathan  Hill,760.0,5.0,2016.0
2184950,Les Disparus du phare,Peter  May,432.0,3.0,2016.0
2086504,"Hunter Killer (The Zone, #3)",James Rouch,160.0,4.0,1985.0
1625531,"Enigmi, misteri e leggende di ogni tempo (Misteri di ogni tempo) (Italian Edition)",Stefano Mayorca,333.0,3.0,2010.0
549148,Congo,Michael Crichton,384.0,3.5,1980.0
2342360,The Breakup Workbook: A Common Sense Guide to Getting Over Your Ex,Melysha J. Acharya,128.0,5.0,2009.0
1337206,يا صاحب الرسالة,خالد أبو شادي,187.0,4.5,2010.0
130373,Kattvinden,Helena Öberg,351.0,5.0,2018.0
1594991,Singur Pe Lume,Hector Malot,0.0,4.8,
2466469,Digital Methods,Richard     Rogers,274.0,4.0,2013.0
309865,Baldy of Nome,Esther Birdsall Darling,,5.0,1913.0
2461216,Stranger Things: Szóstka,Jody Houser,96.0,2.5,2019.0
1131667,More Agile Testing: Learning Journeys for the Whole Team,Janet Gregory,805.0,3.0,2014.0
796834,Farewell My Lovely,Raymond Chandler,,4.0,1940.0
918967,Die Windsor-Akte,Dirk Husemann,384.0,3.0,
559368,"Monster Hunter Guardian (Monster Hunter International, #7)",Larry Correia,332.0,4.28,2019.0
174398,Commonwealth,Ann Patchett,336.0,3.83333333333333,2016.0
978957,Rockin' Reindeer,Igloo Books,0.0,5.0,
1709285,"A Slaying in the Orchard (Danger Cove #16, Farmers' Market #2)",Elizabeth Ashby,181.0,1.0,
195077,A Constellation of Vital Phenomena,Anthony Marra,416.0,4.10110294117647,2013.0
2299123,"Wanted by the Alien Rogue (Fated Mates of the Zaarn, #3)",Krista Luna,266.0,3.75,
1481776,Spy×Family 3,Tatsuya Endo,202.0,4.0,2020.0
838983,Good Food: Low-calorie Recipes,Good Food Guides,216.0,5.0,2013.0
2570027,Loyal to His Lies,T.C. Littles,224.0,4.5,
1717558,La Pitié dangereuse,Stefan Zweig,350.0,4.57142857142857,1939.0
1335455,King of the Castle,Aurora Ruá,32.0,3.0,2016.0
1275185,"How to Write and Give a Speech: A Practical Guide For Executives, PR People, the Military, Fund-Raisers, Politicians, Educators, and Anyone Who Has to Make Every Word Count",Joan Detz,224.0,4.0,1984.0
1091895,The Adventuress,N.D. Coleridge,368.0,3.0,2012.0
2296353,Ultima scapare,Federico Axat,496.0,5.0,2016.0
1298134,Stories for Amanda,Karen Avivi,394.0,4.0,2013.0
1622854,Full Wolf Moon (Dr. Jeremy Logan Book 4),Lincoln Child,258.0,4.0,2017.0
1181444,La señora Dalloway,Virginia Woolf,240.0,3.0,1925.0
1081475,Political Economy of Policy Reform in Developing Countries(Ohlin Lectures),Anne O. Krueger,184.0,3.0,1993.0
770297,Blood Apprentice (Elemental Legacy #2),Elizabeth   Hunter,372.0,4.73684210526316,2019.0
143022,Atashi no Idol,Mizuki Kawashita,,3.0,
2060757,American Juggalo,Kent Russell,34.0,3.66666666666667,2011.0
513373,No Signposts in the Sea,Vita Sackville-West,156.0,4.0,1961.0
617010,Äventyret med julpuddingen och andra detektivnoveller,Agatha Christie,232.0,3.0,1960.0
2320066,Last Battle of the Icemark,Stuart Hill,485.0,5.0,2008.0
2500847,Memes: XXL 3000+ Dank Memes: HUGE Funny Meme Book!,Memes,0.0,5.0,
1635826,The Captain's Woman (The Thompsons of Locust Street #4),Holly  Bush,230.0,4.0,
2261962,Tiny Hideaways: Oasis in pure nature,Anna Minguet,144.0,3.0,
1785591,suzuki fumina shupremobailu nakamuramiu (Japanese Edition),fromone,117.0,4.0,2012.0
2454089,Running Towards You,Ana Rhodes,240.0,4.0,
2468293,"The Revolt of the Eaglets (Plantagenet Saga, #2)",Jean Plaidy,430.0,4.28571428571429,1977.0
2497930,Burning the Midnight Oil,Ashley      James,0.0,5.0,
2372342,Primal Waters (Meg #3),Steve Alten,368.0,5.0,2004.0
1661860,Trust No One: A Post-Apocalyptic Horror,George Gordon,396.0,3.0,
2152107,The Greater Thing,Tom Godwin,,5.0,
277636,Fantastic Brain Games: Develop Your Mental Agility With This Brilliant Collection,Guy Campbell,112.0,1.0,2008.0
897818,Nightwing (2016-) #7,Tim Seeley,24.0,4.0,
410993,Veidrik,Katherine Applegate,277.0,4.0,2022.0
272713,The Rise and Fall of Mount Majestic,Jennifer Trafton,352.0,4.0,2010.0
1866984,"Finlay Donovan Jumps the Gun (Finlay Donovan, #3)",Elle Cosimano,524.0,3.0,2023.0
893897,Forest Euphoria: The Abounding Queerness of Nature,Patricia Ononiwu Kaishian,,1.0,
525896,"The Wee Free Men (Discworld, #30)",Terry Pratchett,320.0,4.0,2003.0
2523227,Fusion: Turning First-Time Guests into Fully-Engaged Members of Your Church,Nelson Searcy,187.0,5.0,2008.0
538575,The Witness,Nora Roberts,488.0,4.33333333333333,2012.0
982903,Get Her Back: An Enemies to Lovers Second Chance Romance,Raven Blake,326.0,4.5,
279646,The Thought That Changed My Life Forever: How One Inspiration Can Unleash Your True Potential and Transform the World,Christian Guenette,300.0,5.0,2012.0
475310,Holding The Man,Timothy Conigrave,286.0,4.2,1995.0
1708027,Sopa de miso,Ryū Murakami,224.0,3.70731707317073,1997.0
2167030,Mi gato Yugoslavia,Pajtim Statovci,320.0,4.0,2014.0
2214460,Love Interrupted (Anderson Sisters #2),Niomie Roland,186.0,5.0,2020.0
1315535,1Q84,Haruki Murakami,1256.0,4.38461538461539,2009.0
928056,Word of Honor: Interpreting Noble Culture in Sixteenth-century France,Kristen B. Neuschel,,4.0,1989.0
930269,Fanshawe,Nathaniel Hawthorne,110.0,3.0,1828.0
739704,Ink 2. Resplandor (Infantil y Juvenil) (Spanish Edition),Alice Broadway,266.0,3.66666666666667,2018.0
2538005,Eino,Matti Rönkä,234.0,4.0,2015.0
2095161,"Чистая кровь (Приключения капитана Алатристе, #2)",Arturo Pérez-Reverte,256.0,5.0,1997.0
1243296,"Code Geass: Nightmare of Nunnally, Vol. 1 (Code Geass: Nightmare of Nunnally, #1)",Tomomasa Takuma,180.0,5.0,2007.0
1027100,"Good Food, Great Medicine:  A Homemade Cookbook",Miles Hassell,195.0,5.0,2007.0
953300,Murder Inc. (Murder Inc. #1),Owen Baillie,418.0,5.0,2013.0
713636,Holding on to Forever,Siobhan Davis  ™,317.0,4.16666666666667,2019.0
1730073,Astronomy: A Beginner's Guide to the Universe,Eric Chaisson,592.0,2.0,1995.0
908004,"Bride of Shadow Canyon (Bride, #1)",Stacey Kayne,304.0,5.0,2007.0
1657708,The Magic Mushroom User's Guide: The Psilocybin Handbook for Safe and Ceremonial Use of Psychedelic Mushrooms. A Practical and Sacred Journey for the Awakening of Consciousness,DM Tripson,237.0,3.66666666666667,2019.0
148699,Jessie Delacroix: A Sinister Slice of Murder (Whispering Pines #1),Constance Barker,140.0,3.0,2015.0
2198642,The Sisterhood (Gynarchy Book 4),C.L. Northbridge,102.0,3.0,
1428539,Limousin Life : Book 2 (France),Janet Pike,18.0,3.0,
2075119,Sabbath,Nick Mamatas,299.0,3.0,2019.0
1981499,Will You Help Doug Find His Dog?,Jane Caston,32.0,5.0,
39238,"Bury the Bodies (Solomon Gray, #4)",Keith Nixon,225.0,4.0,2018.0
2572796,Class Struggle: A Political and Philosophical History,Domenico Losurdo,363.0,4.5,2013.0
1352792,If I Could Stay,Annette K. Larsen,215.0,3.5,2018.0
1798825,El tedio,Alberto Moravia,319.0,3.5,1960.0
720487,Alle zondaars zullen bloeden,S.A. Cosby,368.0,5.0,2023.0
2352865,Misery,Stephen        King,372.0,3.0,1987.0
2403056,The Queen and Flute Player: English Cartoon | Moral Stories For Kids | Classic Stories,Nasrin Akter Lucky,,5.0,
1252247,"Children of the Night: A Gallery of Characters for Vampire, the Masquerade",Brad Noble,96.0,4.0,1999.0
28399,Čokolada,Joanne Harris,327.0,4.0,1999.0
1832479,Bracing for Armageddon: Why Civil Defense Never Worked,Dee Garrison,242.0,4.0,2006.0
1055931,"Hydroponics at Home: Everything you need to know about hydroponics, and how you can begin hydroponic gardening today!",Steve Ryan,23.0,3.0,2014.0
751937,"Mama and the Alien Warrior (Treasured by the Alien, #1)",Honey Phillips,242.0,4.12727272727273,2019.0
1297916,Portugal (Insight Guides),Insight Guides,384.0,1.0,1993.0
1845936,Worse Than Slavery: Parchman Farm and the Ordeal of Jim Crow Justice,David M. Oshinsky,320.0,4.23529411764706,1996.0
2154104,A (Not So) Enlightened Youth: My Uneasy Road to Awareness: A Guide to Finding Yourself from Within,Vishuddha  Das,198.0,4.33333333333333,
226266,India's Ancient Past,R.S. Sharma,400.0,4.33333333333333,2005.0
832721,L'illusion économique: Essai sur la stagnation des sociétés développées,Emmanuel Todd,324.0,4.0,1998.0
957467,1% Formula (the 1% Solution) (Hindi),Tom Connellan,127.0,5.0,2011.0
186357,"Breaking the Rules of OCD: Find Lasting Freedom from the Unwanted Thoughts, Rituals, and Compulsions That Rule Your Life",Kim Rockwell-Evans,208.0,5.0,
999500,"Bones (Alex Delaware, #23)",Jonathan Kellerman,438.0,4.0,2008.0
1516261,Hooked - Secrets and Highs of a Sober Addict,Melinda Ferguson,288.0,4.0,2010.0
220068,"Happiness, Vol. 9",Shuzo Oshimi,192.0,4.33333333333333,2018.0
215512,The Lemon Drop Jar,Christine Widman,32.0,4.5,1992.0
530433,Best-Kept Boy in the World: The Life and Loves of Denny Fouts,Arthur Vanderbilt,190.0,2.5,2013.0
1592663,Totally Spooked (Shifter Speed Dating #1),Zoey Indiana,51.0,3.5,2020.0
1658052,"Babyteeth, Vol. 1: Born",Donny Cates,120.0,3.66666666666667,2017.0
874767,Meu pé de jabuticaba (Portuguese Edition),Vera Lúcia Marinzeck de Carvalho,253.0,4.0,
1931788,Under His Lordship: A Victorian Erotica Short Story (The Victorian Earl Series),Stella Scott,33.0,5.0,
1284473,Macbeth,William Shakespeare,239.0,3.5,1623.0
2557079,Quien pierde paga (Bill Hodges Trilogy #2),Stephen        King,448.0,5.0,2015.0
2351013,Maremma,Anna Maria Stadler,224.0,4.0,2022.0
1447304,Christmas In Red Rock Complete Series,Ellen Anderson,296.0,4.5,
310590,Ako sutra ne postoji,Guillaume Musso,,5.0,2013.0
1464995,"Nico (Ruin & Revenge, #1)",Sarah Castille,350.0,3.75,2016.0
1254071,Boomtown,Larry D. Names,172.0,5.0,1981.0
846421,"Second Thoughts: On Books, Authors and the Writerly Life",Navtej Sarna,256.0,4.0,2015.0
2101635,Milarepa,Éric-Emmanuel Schmitt,72.0,2.5,1997.0
2410063,Double Take (Caught Off Guard #3),Willow Thomas,96.0,4.0,2022.0
889964,"No Effect (Tyler and Lymie, #3)",Daniel Hayes,216.0,3.0,1994.0
874330,Noughts & Crosses (NHB Modern Plays) (Royal Shakespeare Company),Dominic Cooke,132.0,3.75,2014.0
2453430,"Devices and Desires (Adam Dalgliesh, #8)",P.D. James,480.0,4.12222222222222,1989.0
194505,"Many Waters (Time, Book 4)",Madeleine L'Engle,0.0,3.0,1986.0
1236352,Best Essential Oils Guide,Mary Muller,133.0,4.0,2014.0
2181567,Espresso Making Perfection,Antonio Verona,55.0,5.0,2012.0
1232571,Tossed by the Waves,Erin  Reilly,359.0,4.33333333333333,
1152300,காதல் நீர்வீழ்ச்சியே...கண்ணம்மா...!: KalaiRaja (Tamil Edition),KALAI RAJA,216.0,5.0,
605194,SCADA: Beginner's Guide,Francis G.L,61.0,3.0,
1160813,"Possession (Steel Brothers, #3)",Helen Hardt,308.0,3.0,2016.0
485119,The Best of Times?,Alan Maley,112.0,3.0,2009.0
2015086,Trouble in the Brasses (Madoc Rhys #4),Alisa Craig,212.0,5.0,1989.0
2155083,We Need to Talk: How to Have Conversations That Matter,Celeste Headlee,272.0,4.0,2017.0
380777,Las chicas Bergman (Spanish Edition),Ágnes Gurubi,192.0,3.71428571428571,
571398,Kuma Kuma Kuma Bear (Light Novel) Vol. 2,Kumanano,320.0,2.0,2015.0
1534622,Był sobie szczeniak. Bailey,W. Bruce Cameron,,4.0,2013.0
580485,"Return (I Am Just Junco, #5)",J.A. Huss,402.0,4.0,2013.0
153939,The Other Mrs Miller,Allison M. Dickson,368.0,3.0,2019.0
1402266,To Sow the Wind: Four families endure conflict and betrayal as the world braces for war,A.R. Homer,334.0,5.0,
1947552,The Art of Seamless Knitting,Simona Merchant-Dest,184.0,4.0,2013.0
331553,"The Way We Lived: Essays and Documents in American Social History, Volume I: 1492-1877",Frederick M. Binder,304.0,1.0,1988.0
2401049,Numbers: God's Presence in the Wilderness (Preaching the Word),Iain M. Duguid,400.0,5.0,2006.0
2359949,"Tik laikas parodys (The Clifton Chronicles, #1)",Jeffrey Archer,400.0,5.0,2011.0
264608,A Map of Betrayal,Ha Jin,304.0,4.0,2014.0
1064356,Secret Sauce: How to Pack Your Messages with Persuasive Punch,Harry Mills,192.0,3.0,
2083320,"Ivan Orava mälestused, ehk, Minevik kui helesinised mäed",Andrus Kivirähk,238.0,4.5,1995.0
1575025,Italian Ways: On and Off the Rails from Milan to Palermo,Tim Parks,261.0,5.0,2014.0
2102532,Neuroscienze: Esplorando il cervello,Mark F. Bear,920.0,4.0,1995.0
493009,Piękna,Kerascoët,160.0,4.0,2014.0
117438,"Sea Jewel (Viking Trilogy, #1)",Penelope Neri,492.0,4.5,1986.0
970528,"The Novice (Summoner, #1)",Taran Matharu,11.0,3.0,2015.0
2519128,"Stop at Nothing (The Chosen One, #5)",Macy Blake,290.0,4.5,2020.0
2152994,Top Girls: Feminismus und der Aufstieg des neoliberalen Geschlechterregimes (Geschlecht und Gesellschaft) (German Edition),Paula-Irene Villa Sabine Hark Angela McRobbie,240.0,5.0,2010.0
2501181,Była sobie rzeka,Diane Setterfield,480.0,3.67441860465116,2018.0
598115,Tres Lindas Cubanas,Gonzalo Celorio,392.0,3.0,2006.0
2449045,Travail Online: Soulkeeper: A LitRPG Series,Brian Simons,281.0,4.0,
1732742,The Good Guys,Darren Chen,288.0,3.0,
2462546,The Age of Innocence,Edith Wharton,378.0,4.33333333333333,1920.0
1079302,2.5G Mobile Networks: GPRS and EDGE,Sumit Kasera,280.0,3.0,
2404566,Mock the Week: Brand Spanking New Scenes We’d Like to See,Ewan Phillips,192.0,4.0,2014.0
32735,نجات یک بادبادک,Oliver Jeffers,36.0,2.0,2011.0
1763686,Fallen Mountains,Kimi Cunningham Grant,256.0,3.33333333333333,2019.0
671175,"Companioning at a Time of Perinatal Loss: A Guide for Nurses, Physicians, Social Workers, Chaplains and Other Bedside Caregivers",Jane Heustis,144.0,5.0,2004.0
2284045,Vsega tega nočem vedeti,Deborah Levy,136.0,4.0,2014.0
2308996,The Order of the Scales,Stephen Deas,395.0,4.0,2011.0
2098051,365 Bedtime Stories,Alice Sankey,,4.33333333333333,1955.0
2546730,Shattered Trident (Jerry Mitchell Series Book 4),Larry Bond,559.0,4.5,2012.0
2198539,"The Stabbing in the Stables (Fethering, #7)",Simon Brett,344.0,4.0,2006.0
1653398,Untuk Apa Menikah,Rani Anggraeni Dewi,130.0,4.0,
612376,Delicioso engaño,Christine Merrill,239.0,4.0,2011.0
1828365,One Life Is Not Enough,K. Natwar Singh,448.0,3.25,2014.0
1577965,Mother Goose Nursery Rhymes,Blanche Fisher Wright,128.0,5.0,1916.0
1936750,Speak to Me of Love,Robin Lee Hatcher,261.0,3.0,2003.0
2275084,"Lacey's Warriors (Bondmates, #6)",Ann Mayburn,318.0,4.5,2020.0
1218522,Veneno e Outras Coisas (Série Ravina Livro 4) (Portuguese Edition),Red R.,532.0,5.0,
1295324,Đội Thiếu Niên Tình Báo Bát Sắt,Phạm Thắng,168.0,5.0,2013.0
1836451,Bon Iver,Mark  Beaumont,231.0,3.6,2013.0
1472849,Harvard Business Review on Managing High-Tech Industries (Harvard Business Review Paperback Series),Harvard Business Publishing,241.0,4.0,1999.0
299305,Penguin Prince,Kyousuke Motomi,200.0,4.0,2003.0
1088315,Le parole dell'amore,Nicholas Sparks,120.0,3.33333333333333,2008.0
577321,Winged Hussars: Andromeda (The Phoenix Initiative Book 9),Mark Wandrey,554.0,5.0,
2183032,سيكولوجية رسوم الأطفال: اختبارات رسم الإنسان وتطبيقاتها على أطفال البلاد العربية,مالك بدري,147.0,1.0,1966.0
221482,"The Childe (The Childe, #1)",C.A. Kunz,304.0,4.0,2011.0
2019773,現代思想のパフォーマンス (光文社新書) (Japanese Edition),難波江 和英,412.0,4.0,2004.0
79547,Mond über Manhattan,Paul Auster,381.0,3.5,1989.0
1323297,Panna Nikt,Tomek Tryzna,459.0,3.33333333333333,1994.0
198494,Splinter's Edge: Alternate World Science Fiction Thriller (A Splinterverse Novel),Boydell Bown,323.0,5.0,
951720,Her Stepbrother (Love Triangle),Mikey B.,,5.0,
2297072,Stella,M.B. Forester-Smythe,,5.0,2011.0
2119055,The Puppet Makers #1,Molly Crabapple,21.0,3.0,
100245,Diary of a Conflicted Wither [An Unofficial Minecraft Book] (Crafty Tales Book 45),Crafty Nichole,52.0,3.5,2015.0
2519556,Bayou Haunted House (Miss Fortune World: Bayou Cozy Romantic Thrills Book 11),Riley   Blake,81.0,4.5,
1283373,A Rich Thug Snatched My Heart 2: An African American Romance,Siren,166.0,5.0,
1609346,Moartea și busola. Proză completă #1,Jorge Luis Borges,520.0,3.75,1974.0
1182422,Almond Mint & Murder (Oceanside Cozy #69),Susan Gillard,219.0,5.0,
2479400,"Texas Christmas Baby Bargain (Texas True, #6)",Eve Gaddy,248.0,4.0,
601614,Forever & Ever (The Sterlings Book 3),Z.L. Arkadie,272.0,5.0,
698338,Evidence-Based Practice Across the Health Professions,Tammy Hoffmann,364.0,2.0,2009.0
1473235,Pantha (2022-) #1,Thomas E. Sniegoski,31.0,4.0,
338671,God's Promises to Bless You and Prosper You,Lilliet Garrison,79.0,5.0,
1602108,The Curse of Sins (Curse of Saints #2),Kate Dramis,640.0,4.0,2024.0
1630621,A Crimson Dawn (Tyneside Sagas #3),Janet MacLeod Trotter,327.0,5.0,2005.0
1796321,The Little Book of Pumpkin Spice: Celebrate the cozy comfort of autumn days (The Little Book of...),Orange Hippo!,192.0,5.0,
1991267,Cruel Nights,Jason Nahrung,172.0,4.0,
1399433,The Lunatic,Anthony C. Winkler,258.0,4.0,1987.0
1687594,Orbitor: aripa stângă,Mircea Cărtărescu,408.0,5.0,1996.0
449764,Tarbiah Sentap #2,Adnin Roslan,181.0,5.0,2015.0
738846,Arnhem 1944: The Human Tragedy of the Bridge Too Far,Dilip Sarkar,392.0,5.0,
2073024,Resilient Leadership,Bob Duggan,428.0,5.0,2009.0
460365,Il narcisismo: L'identità rinnegata,Alexander Lowen,208.0,3.375,1984.0
559375,"Everyday Probability And Statistics: Health, Elections, Gambling And War",Michael Mark Woolfson,234.0,3.0,2008.0
985338,"Dann lassen wir eben die Heizdecke weg!: Sparen mit der Online-Omi (Die Online-Omi, #17)",Renate Bergmann,80.0,3.5,2022.0
1152742,Las claves de la Estrategia del Océano Azul,W. Chan Kim,308.0,5.0,
1801932,Unforgettable (Haven Falls #4),Sheridan Anne,197.0,4.375,2019.0
164421,The Monarch of Key West,David M. Paule,328.0,4.0,2002.0
1351172,Billionaire Boy,David Walliams,279.0,3.66666666666667,2010.0
312126,"God Save The Child (Spenser, #2)",Robert B. Parker,208.0,4.0,1974.0
1990121,Beneath The Stillness: The Fifth Inspector McClennan Mystery (The Inspector McClennan Mysteries Book 5),Alison Greaves,650.0,3.25,
738890,Agency Rules - Never an Easy Day at the Office,Khalid Muhammad,273.0,4.66666666666667,2014.0
191338,"A Seita (Cherub, #5)",Robert Muchamore,394.0,4.33333333333333,2006.0
1799979,How I Helped O.J. Get Away With Murder,Mike Gilbert,320.0,3.0,2008.0
1441776,The Heart of Perseverance: Amish Romance (Amish Hearts Book 3),Grace Lewis,0.0,5.0,
460785,The AM Show,T.B. Markinson,347.0,4.33333333333333,
1726730,Das Talagon,Dietmar Schmidt,100.0,5.0,
726316,Vivian's Call: A Labor of Love,Katie Scheller,176.0,5.0,
721068,An Ethic for Christians and Other Aliens in a Strange Land (William Stringfellow Library),William Stringfellow,164.0,4.0,1976.0
735869,"The Traitor's Kiss (The Traitor's Circle, #1)",Erin Beaty,344.0,5.0,2017.0
1845850,"The Miller's Dance (Poldark, #9)",Winston Graham,485.0,4.125,1982.0
2299257,"Enchanted Fire (Greek Myths, #3)",Roberta Gellis,448.0,2.0,1996.0
1666376,Furry Logic: A Guide to Life's Little Challenges,Jane Seabrook,80.0,4.0,2003.0
217912,No Friend but the Mountains: The True Story of an Illegally Imprisoned Refugee,Behrouz Boochani,398.0,3.75,2018.0
1495332,The Space Between,Lauren Keenan,320.0,3.0,
422039,One Winter's Night,Claire Freedman,26.0,4.0,2009.0
1998453,"Anne of Avonlea (Anne of Green Gables, #2)",L.M. Montgomery,400.0,5.0,1909.0
750067,"Touch of Light (Reed Hollow Chronicles, #1)",April Aasheim,236.0,4.0,
1852632,Thank You for My Service,Mat Best,213.0,4.26732673267327,2019.0
19344,"Thoughtless (Thoughtless, #1)",S.C. Stephens,644.0,4.66666666666667,2010.0
1522899,eBay - The Ultimate Guide to Buying and Selling on eBay - 2013 edition,William P. Carney,42.0,2.0,2013.0
1230914,Reaper (Reckoning MC Seer #1),B.E. Kelly,224.0,5.0,2020.0
2032384,Pirates and Underwear,Paul Swofford,116.0,5.0,
1968266,காளி,Paul Heyse,61.0,1.0,1853.0
1871739,The Pink Palace,Marlon Mccaulsky,288.0,4.0,2008.0
2495068,"When Opposites Attract... (The Barrington Trilogy, #1)",Jules Bennett,192.0,5.0,2014.0
225831,"Faked (Ward Sisters, #2)",Karla Sorensen,259.0,4.21276595744681,2020.0
2558868,Robinson Crusoe,Daniel Defoe,168.0,5.0,1719.0
1967274,Sound the Alarm,Mike Adams,,5.0,
2511349,Variations on Painting a Room: Poems 2000-2010,Alan Baker,210.0,5.0,2011.0
2531657,Los Hollister en Italia,Jerry  West,,4.0,1964.0
709372,"2001: A Space Odyssey (Space Odyssey, #1)",Arthur C. Clarke,252.0,4.4,1968.0
837120,The Scholomance Series: Books 1-3,Naomi Novik,1000.0,4.4,
181514,"The First Battle (Warriors: Dawn of the Clans, #3)",Erin Hunter,291.0,4.68421052631579,2014.0
1408237,Return to the Isle of the Lost (Descendants #2),Melissa de la Cruz,336.0,3.5,2016.0
2262432,The Branches of Time,Luca  Rossi,148.0,4.0,2014.0
882433,"The Song of the Gladiator (Ancient Rome Mysteries, Book 2): A dramatic novel of turbulent times in Ancient Rome (Ancient Roman Mysteries 3)",Paul  Doherty,416.0,4.0,2004.0
1564185,"Du sollst nicht morden (Der Rabbi und der Kommissar, #1)",Michel Bergmann,288.0,3.5,
2590635,"Horror in the Pines: Unexplainable True Stories, Volume 2",Autumn Barnes,127.0,4.4,
2493007,Miss Julia Speaks Her Mind,Ann B. Ross,288.0,4.5,1990.0
1117944,"Traveling Mandalas Adult Coloring Book - Features 30 Original Hand Drawn Designs Printed on Artist Quality Paper, Hardback Covers, Spiral Binding, Perforated Pages, Bonus Blotter",ColorIt,30.0,5.0,
406791,Lys og skygge er det samme,Asger Schnack,92.0,5.0,
1177260,Dziewczyna z Paryża,Kristy Cambron,416.0,2.0,2021.0
404148,"Jonah Lomu, A Giant Among Men: The Story of a Rugby Hero",Niall Edworthy,49.0,4.0,
1699178,How am I Smart?: A Parent's Guide to Multiple Intelligences,Kathy Koch,208.0,3.5,2007.0
2434962,"Blood Feud (Drake Chronicles, #2)",Alyxandra Harvey,258.0,5.0,2010.0
2400760,"Skeleton Key (Todd & Georgine Mystery, #1)",Lenore Glen Offord,240.0,5.0,1943.0
1415522,Magia sprzątania. Japońska sztuka porządkowania i organizacji,Marie Kondō,222.0,3.36363636363636,2010.0
221384,"Terre, planète impériale (Science-Fiction) (French Edition)",Arthur C. Clarke,410.0,5.0,1975.0
573871,Royal Creed,T.K. Leigh,,4.5,
1302194,"I Saw Her Standing There (Green Mountain, #3)",Marie Force,393.0,4.5,2014.0
879939,Rusted Halo,Jade Alyse,57.0,3.0,2012.0
825661,Start Your Own Gift Basket Business (StartUp Series),Cheryl Kimball,220.0,3.0,2008.0
1294903,"The Year of the Garden (An Anna Wang novel, 5)",Andrea Cheng,128.0,4.0,2017.0
653577,Strangers with Known Faces,Gautam Dutta,0.0,4.2,
974376,سفر المنظومات,عبد الله المعمري,110.0,5.0,2009.0
2435888,Thud (Catnip Assassins #7.5),Skye MacKinnon,,4.0,
685646,Riding So High: The Beatles and Drugs,Joe Goodden,366.0,3.5,2017.0
284912,"You Say Tomato, I Say Shut Up: A Love Story",Annabelle Gurwitch,272.0,2.0,2010.0
464453,Якби він був зі мною,Laura Nowlin,392.0,3.66666666666667,2013.0
650437,"Mattias (Royal Elite, #1)",Danielle Bourdon,336.0,4.4,
157756,Cocky Soldier (Cocker Brothers of Atlanta #6),Faleena Hopkins,,3.0,2017.0
2558269,Poetry: A Pocket Anthology (Penguin Academics),R.S. Gwynn,480.0,3.0,1993.0
953204,Un perfecto caballero (Autores Españoles e Iberoamericanos) (Spanish Edition),Pilar Eyre,322.0,5.0,
962718,Vivir es un asunto urgente / Living Is an Urgent Matter (Spanish Edition),Mario Alfonso Dr Puig,208.0,5.0,
2474220,Social and Emotional Learning for Picture Book Readers (Aasl Standards-Based Learning),Maureen Schlosser,160.0,4.0,
1133404,Finding Christmas: Stories of Startling Joy and Perfect Peace,James Calvin Schaap,160.0,4.5,2005.0
2303751,"Με το γρασίδι για προσκέφαλο (Tales of the Otori, #2)",Lian Hearn,409.0,4.5,2003.0
351610,Cowboy Seasons Series: Four Book Boxed Set,Kathleen Ball,671.0,4.11764705882353,
384823,Le dernier salaire (Hors collection) (French Edition),Margaux Gilquin,221.0,4.0,
1680441,The Deer Stalker,Zane Grey,261.0,2.0,1925.0
1186608,The Ghost's Call (Afterlife Calls #1),K.C. Adams,204.0,3.95,2021.0
2247323,Sila odozgor,Josip Lončar,261.0,5.0,2010.0
67168,Ο Τελευταίος Κρίκος,Ευαγγελία Ευσταθίου,640.0,3.0,
583802,Amaleigha Makes a New Friend,Janice Pratt,104.0,5.0,
1933737,Transported,Keith   McConnell,363.0,5.0,
1465095,Hilda and the Troll: Hilda Book 1 (Hildafolk),Luke Pearson,40.0,4.6,2010.0
2213094,Royal Flush,Alexa Hart,117.0,3.0,2019.0
503454,Ultimii martori. Solo pentru un glas de copil,Svetlana Alexievich,336.0,4.5,1985.0
1774651,Cyber Force #3,Matt Hawkins,32.0,4.0,
1641401,"[Prodigy] [By: Lu, Marie] [January, 2013]",Marie Lu,0.0,4.5,2013.0
1452790,"Azure Bonds (Forgotten Realms: Finder's Stone, #1)",Kate Novak,380.0,3.8695652173913,1988.0
177449,FRAGMENTOS DE UN CORAZÓN ROTO (Spanish Edition),Tania Sanchez,228.0,4.5,
1982714,Classic Art,Heinrich Wölfflin,294.0,4.0,1899.0
2473190,"In Too Deep (Roommates Trilogy, #1)",Mara Jacobs,236.0,3.30379746835443,2014.0
1881677,Vendesi tutto tranne l'amore (Italian Edition),Gwendolen Hope,195.0,2.0,
1925837,"De los medios a las mediaciones: Comunicación, cultura y hegemonía",Jesús Martín-Barbero,302.0,4.0,1993.0
1238926,Essential Bicycle Maintenance & Repair,Daimeon Shanks,224.0,4.0,2012.0
1696836,"Montana Rogue (Big Sky Mavericks, #7)",Debra Salonen,200.0,3.85714285714286,2015.0
1599623,Conversations With God for Teens (hs) Too Mature for Clubs-do Not Use,Neale Donald Walsch,368.0,4.0,1998.0
1919213,Sejarah Hidup Muhammad: Sirah Nabawiyah (SAW),Safiur Rahman Mubarakpuri,747.0,4.0,1976.0
1137609,Notre si chère vieille dame auteur (French Edition),Anne Serre,120.0,3.0,
2118829,Buzzard to Lunch (Valley of Dreams book 4),gordon-channer,368.0,4.0,2000.0
422720,Unlocking Freedom's Door,K.P. Fox,288.0,5.0,
2054278,Asesinato en el Orient Express,Agatha Christie,240.0,3.5,1934.0
1461817,Utopia of Usurers and Other Essays,G.K. Chesterton,88.0,4.5,1917.0
583272,Sold (Slave of the New Confederacy Book 4),Lena White,90.0,3.5,
1959356,Social Psychology,Elliot Aronson,624.0,4.0,2015.0
1106236,"Historia de la CNT: Utopía, Pragmatismo y Revolución",Julián Vadillo Muñoz,,5.0,2019.0
1442800,First In: An Insider's Account of How the CIA Spearheaded the War on Terror in Afghanistan,Gary Schroen,379.0,3.90322580645161,2005.0
149468,"Winning the Legend (Blue Eyes Trilogy, #3)",B. Kristin McMichael,256.0,3.25,2013.0
1266920,"The Gray Ghost (Sam and Remi Fargo Adventures, #10)",Clive Cussler,,4.0,2018.0
496111,De zéro à millionnaire : Investir en bourse sans souffrir,Nicolas Bérubé,256.0,4.66666666666667,
2329289,Lo que el dinero sí puede comprar (Spanish Edition),Carlos Peña,407.0,4.0,
158352,Dead of Night: The edge-of-your seat Berlin wartime thriller from the master storyteller (CI Schenke),Simon Scarrow,422.0,4.5,2023.0
2205617,Ja tev būtu vēl viena iespēja dzīvei,Nika Todavčiča,176.0,4.0,2023.0
2094599,Wicked Wolf (Redwood Pack #7; Talon Pack #0.5),Carrie Ann Ryan,,5.0,2015.0
1799676,Експедиции в обратна посока,Josef Nesvadba,416.0,4.0,1976.0
1311563,3-CD set for use with The World of Music,David Willoughby,0.0,5.0,1998.0
1003252,Love for the Spinster (Women of Worth #2),Kasey Stockton,234.0,4.5,2019.0
1648825,Shadow Slave: Book11,Guiltythree,243.0,5.0,
164637,"Grandmother Spider (Charlie Moon, #6)",James D. Doss,384.0,4.16666666666667,2001.0
2236738,Lujuria,Eva Muñoz,1177.0,5.0,2020.0
1633384,The Wonder of It All: When Literature and Literacy Intersect,Nancy J. Johnson,224.0,5.0,2007.0
1231238,"Infectious Madness: The Surprising Science of How We ""Catch"" Mental Illness",Harriet A. Washington,304.0,3.85714285714286,2015.0
103718,Sydney (The City Series),Delia Falconer,304.0,4.0,2010.0
937642,Barefoot Dogs: Stories,Antonio Ruiz-Camacho,192.0,3.0,2014.0
1446479,New York Times Early Edition Crosswords,The New York Times,95.0,5.0,
235031,The Chitlin' Circuit: And the Road to Rock 'n' Roll,Preston Lauterbach,368.0,4.0,2011.0
1820421,"Dog Training: How to Overcome the 15 Most Common Obedience Issues of Your Dog (puppy training, housebreaking dog, housetraining puppy, obedient dog, obedient puppy)",Catherine Lewis,66.0,4.0,
148314,Building the Better Guitar Scale,Michael Pillitiere,11.0,4.8,2010.0
19619,"The Mushroom Tree Mystery (Crown Colony, #6)",Ovidia Yu,352.0,4.4,2022.0
820141,Sh*t I Say to Myself: 40 Ways to Ditch the Negative Self-Talk That’s Dragging You Down,Katie Krimer,192.0,3.6,
828708,"Invencible, Vol. 1: Cosas de casa 1 de 2 (Invencible, #1)",Robert Kirkman,52.0,4.57142857142857,2003.0
548723,Bishop's Song (Holding Their Own Book 6),Joe  Nobody,268.0,3.83333333333333,2013.0
1045055,E-Learning and the Science of Instruction: Proven Guidelines for Consumers and Designers of Multimedia Learning,Ruth Colvin Clark,510.0,5.0,2002.0
516907,The Sands of Time,Sidney Sheldon,368.0,4.57142857142857,1985.0
1092309,"Death and the Brewery Queen (Kate Shackleton, #12)",Frances Brody,342.0,4.0,2020.0
899541,The Magic of Christmas to Cross Stitch: French Charm for Your Stitchwork,Véronique Enginger,96.0,4.0,
806159,"City of Time and Magic (Found Things, #4)",Paula Brackston,309.0,4.21818181818182,2021.0
1902153,Vinetu 1-3,Karl May,,3.0,1978.0
1144718,The Millennium Trilogy Box Set,Stieg Larsson,0.0,5.0,2005.0
1082402,Frank's World,George Mangels,240.0,3.0,1995.0
1519705,The Third Constellation,raven_maiden,,4.0,
2460760,"The Breaker New Waves, Vol 20",Jeon Geuk-Jin,,5.0,
1748858,Duchamp,Calvin Tomkins,560.0,4.0,1996.0
645165,L'Empreinte de l'ange,Nancy Huston,119.0,2.5,1998.0
1020657,"Match Made in Wyoming (Wyoming Wildflowers, #2)",Patricia McLinn,254.0,3.0,2001.0
1110139,Old Man Logan #33,Ed Brisson,23.0,2.0,
225487,"Something is Killing the Children, Vol. 3",James Tynion IV,144.0,4.33088235294118,2021.0
1583797,Adrift,Lisa Brideau,352.0,3.60714285714286,2023.0
1025493,Vad hjärtat aldrig glömmer,Kelly Rimmer,0.0,4.3,2019.0
906693,How I Met My Soulmate Vol. 3,Anashin,196.0,4.33333333333333,2023.0
2092528,Il presidente è scomparso,Bill Clinton,496.0,5.0,2018.0
115914,The Sculptor (The Hands of the Potters),Kristy  Marie,297.0,4.7,
981332,Reporting is Murder: A (Ghostly) Paranormal Cozy Mystery (Evangeline Moon Reporting Book 1),K.J. Emrick,183.0,5.0,
1329988,"Dead of the Day (Annie Seymour Mystery, #3)",Karen E. Olson,309.0,5.0,2007.0
291782,Relæ: A Book of Ideas,Christian F. Puglisi,656.0,4.0,2014.0
2561000,Gunsmoke Legend,Ben Bridges,127.0,5.0,2012.0
1504057,KAMPUS,Syafiq Aizat,254.0,4.22222222222222,
443159,Golden Treasury,Francis Turner Palgrave,720.0,4.5,1861.0
1714847,The Gospel According to Jesus Christ (Harvest/H B J Book),José Saramago,396.0,4.0,1991.0
215070,On Our Best Behaviour: The Price Women Pay to Be Good,Elise Loehnen,0.0,4.0,2023.0
1226056,L'Esprit du Tao,Jean Grenier,222.0,4.0,1973.0
1142386,The Long Trail: My Life in the West,Ian Tyson,207.0,5.0,2010.0
789424,"Treaties, Trenches, Mud, and Blood (Nathan Hale's Hazardous Tales #4): A World War I Tale",Nathan Hale,128.0,4.27272727272727,2014.0
392778,Parthenogenesis,Stephen Graham Jones,23.0,3.75,2024.0
1206433,En toen waren er nog maar,Agatha Christie,224.0,4.0,1939.0
2222863,Trust No One,Keri Beevis,416.0,4.5,2020.0
1338957,Fatality,Caroline B. Cooney,198.0,4.14285714285714,2001.0
1058800,مبانی عرفانی هنر و معماری اسلامی: کیمیای خیال,حسن بلخاری,640.0,4.0,2005.0
1048839,Winners: And How They Succeed,Alastair Campbell,350.0,4.0,2015.0
1425926,Instant English 2,John Peter Sloan,395.0,4.0,2011.0
2485891,"Horse Gaits, Balance and Movement",Susan E. Harris,178.0,3.0,1993.0
77623,"Top Secret Files: The Wild West: Secrets, Strange Tales, and Hidden Facts about the Wild West",Stephanie Bearce,125.0,5.0,2015.0
386728,The [Secret] Baby,Leddy Harper,287.0,4.07142857142857,2019.0
2383774,أحمد بن حنبل,عبد الغني الدقر,336.0,5.0,1999.0
900771,"Never Judge a Lady by Her Cover (The Rules of Scoundrels, #4)",Sarah MacLean,384.0,5.0,2014.0
876700,Life Is a Marathon: A Memoir of Love and Endurance,Matt Fitzgerald,288.0,4.66666666666667,
608907,American Pandemic: The Lost Worlds of the 1918 Influenza Epidemic,Nancy K. Bristow,305.0,4.0,2012.0
1317217,Такая добровольная каторга,Александр Александрович Любищев,,5.0,
691783,"Meet You in Hell: Andrew Carnegie, Henry Clay Frick, and the Bitter Partnership That Transformed America",Les Standiford,336.0,4.16666666666667,2005.0
1028696,"The Great Influenza Spanish Flu 1918: Real Story of the Deadliest Pandemic, Its Arrival, Its Effect to the World, and What we learn from it (Full Story)",Charlotte Angela,,5.0,
519309,The Decoys: A Tim and Mary Ann Hall Mystery (3),Jeffrey Mechling,342.0,4.5,
1041394,The Maze,Jordon Greene,68.0,3.0,2017.0
2284492,Az do chmur!,Emma Carroll,352.0,3.0,2018.0
2475145,Novela de Ajedrez,Stefan Zweig,94.0,3.5,1942.0
111052,The Emotionally Healthy Woman: Eight Things You Have to Quit to Change Your Life,Geri Scazzero,225.0,4.16666666666667,2012.0
1420400,GameTek,Geoffrey Engelstein,272.0,4.33333333333333,
196643,Graham Taylor In His Own Words: The autobiography,Graham  Taylor,336.0,4.0,
1809646,The Kolchak Papers: The Original Novels,Jeff Rice,285.0,4.25,2007.0
1352351,"Kissing a Fool (I'm Your Man, #1)",Felix Brooks,68.0,3.0,2017.0
1399572,A Cats Love: A lonely cat finding a friend in urban London,Morgan  Brand,22.0,5.0,
1173818,Eilėje prie laimės,Dalia Kirkutienė,350.0,5.0,
1915481,Cold Blood: A Yamabuki Story,Katherine M. Lawrence,116.0,2.0,2014.0
155565,Dark Charity,Bill Riddell,15.0,5.0,2011.0
1619509,Cherokee Gold,Daniel  Burke,380.0,5.0,2013.0
228737,Samurai deeper Kyo 9 (Spanish Edition),Akimine Kamijyo,192.0,4.0,2001.0
2041331,"Successful Difficult Conversations in School: Improve your team's performance, behaviour and attitude with kindness and success",Sonia Gill,157.0,5.0,
637877,A Reason to Be Noble (The Horses Know Prequels #3),Lynn  Mann,312.0,4.0,
1340256,The Fortunes of Philippa ,Angela Brazil,106.0,5.0,1906.0
1140286,"Wife (Mistress, #2)",Nia Forrester,,5.0,2014.0
581867,"The Burning Wire (Lincoln Rhyme, #9)",Jeffery Deaver,433.0,4.83333333333333,2010.0
323296,Les perruches sont cuites,BOLDUC CHARLES,118.0,2.66666666666667,2006.0
719284,Shylock is My Name,Howard Jacobson,279.0,5.0,2016.0
878708,Una selva de sinapsis: Lo que escondes en tu cerebro (Contextos) (Spanish Edition),Ignacio Crespo,233.0,4.5,
2065240,"Winter Grave (Embla Nyström, #2)",Helene Tursten,337.0,4.57142857142857,2016.0
39958,Evrak Kürek: Sektörden Arkadaşlara Giriş 101,Selçuk Aydemir,224.0,4.53846153846154,2019.0
2235710,Abhimanyu,Anuja Chandramouli,382.0,5.0,
1588476,"The Loft Generation: From the de Koonings to Twombly: Portraits and Sketches, 1942-2011",Edith Schloss,336.0,5.0,
199044,A Small Indiscretion,Jan Ellison,323.0,3.81818181818182,2015.0
173732,Vida Mortal e Imortal da Rapariga de Milão,Domenico Starnone,160.0,4.0,2021.0
2298278,Next Door Savior,Max Lucado,0.0,3.0,2000.0
256249,Was am Ende wichtig ist: Geschichten vom Sterben,Petra Anwar,240.0,5.0,2013.0
1526898,"The Complete Collection of the Books of Enoch (Annotated): All 3 Enochian Bible (The Ethiopian, Slavonic Secrets, and The Hebrew Book)",Anonymous,120.0,4.0,
974199,Den lille piken med fyrstikkene = The Little Match Girl,Hans Christian Andersen,20.0,5.0,1845.0
969421,The Everything Saints Book: The Inspiring Lives of Martyrs and Miracle Workers Throughout History,Jenny Schroedel,304.0,4.0,2007.0
1049612,Frankenstein,Rick Walton,0.0,2.0,2012.0
373934,As I Lay Me Down to Sleep,Eileen Munro,272.0,4.25,2008.0
1783205,LOVE AFTER LOVE,Alex Hourston,0.0,2.75,
380641,Brain Death,John    Benedict,352.0,4.33333333333333,
2118779,Disidencias (Biblioteca breve ; 426 : Ensayo) (Spanish Edition),Juan Goytisolo,350.0,5.0,1978.0
1632746,Putting Wales First: The Political Thought of Plaid Cymru (Volume 1) (Volume 1),Richard Wyn Jones,304.0,4.0,
2149179,A Long Walk Home,Judith Tebbutt,344.0,5.0,2013.0
396996,Every Light In The House Burnin',Andrea Levy,260.0,3.5,1994.0
2286759,Dwight Yoakam: A Thousand Miles from Nowhere (American Music Series),Don McLeese,233.0,4.0,2012.0
1393734,Les Clans de la lune alphane,Philip K. Dick,252.0,5.0,1964.0
2374690,শুভ্র সমগ্র,Humayun Ahmed,624.0,4.0,
358487,Buncărul de origami,Ioana Vintilă,94.0,4.0,
1256675,"Pray, Hope, and Don't Worry: True Stories of Padre Pio Book 1",Diane  Allen,378.0,5.0,2009.0
361976,Det store sviket,B.A. Paris,371.0,3.5,2017.0
1225614,Bulgarian Cuisine: The Best Traditional Recipes,Dimitar Mantov,104.0,4.0,2002.0
152574,Ancient Blood of the Vampire & Wolf,W.J. May,770.0,5.0,2015.0
2490621,القوانين الروحية السبعة لليوغا : دليل عملي لشفاء الجسد و العقل و الروح,Deepak Chopra,240.0,5.0,
2362363,Une fille dans la foule,Charlotte Bousquet,240.0,3.0,
225682,The Secret Daughter,Shilpi Somaya Gowda,400.0,3.875,2010.0
1348182,"Flour and Chocolate (Flour and Chocolate, #1)",teaandtumblr,328.0,4.0,
1454441,Malcolm Gladwell Prosopography: Understanding the Revenge of the Tipping Point. Insights and Inspirations,Norman Bell,143.0,5.0,
2153654,Autopsy of a Boring Wife,Marie-Renée Lavoie,6.0,3.0,2017.0
1929207,Корея без вранья (Russian Edition),О. Кирьянов,341.0,1.0,
910201,The Winter Room,Gary Paulsen,112.0,3.35483870967742,1989.0
1350497,Showdown with a Ruthless Rival,Austin Grayson,248.0,3.66666666666667,
1118381,A Little SPOT's Peaceful Hands: A Story About Anger Management (Inspire to Create A Better You!),Diane Alber,0.0,4.66666666666667,
332637,Free the Animals: The Amazing True Story of the Animal Liberation Front,Ingrid Newkirk,400.0,4.66666666666667,1992.0
133495,The Siege Of Warwan,G.D. Bakshi,292.0,4.0,2011.0
2289874,If You Plant a Seed Board Book: An Easter And Springtime Book For Kids,Kadir Nelson,32.0,5.0,2015.0
1444055,BISEXUAL BRAZILIAN BABYSITTER,AMY BRANT,90.0,2.0,
1228200,The Lodger,Marie Belloc Lowndes,148.0,3.0,1913.0
1595983,Case Studies: Applying Educational Psychology,Jeanne Ellis Ormrod,176.0,3.0,2006.0
1290025,"Двір крил і руїн (A Court of Thorns and Roses, #3)",Sarah J. Maas,768.0,4.48387096774194,2017.0
1158,East of Eden,John Steinbeck,602.0,4.47058823529412,1952.0
2126474,"Convergence (The Blending, #1)",Sharon Green,452.0,3.0,1996.0
1294989,Hibernaculum,Anthony Doyle,248.0,5.0,
82825,The Heart Does Not Bend,Makeda Silvera,272.0,5.0,2002.0
1325532,Os Historiadores,Ricardo   Dias,,4.0,
1546179,Kamen na cesti 1,Marija Jurić Zagorka,263.0,5.0,1937.0
1238326,"A Kiss of Treason (The Kingmakers' War, #3)",Kate Avery Ellison,344.0,4.4,2017.0
2346791,Cain Braswell: A Story of Love & Murder in the Old West,Joseph L. Gavett,302.0,5.0,2013.0
2477849,Youth,Tove Ditlevsen,132.0,4.31147540983607,1967.0
12101,Mind Platter,Najwa Zebian,224.0,3.71428571428571,
230610,"The Art of Natural Cheesemaking: Using Traditional, Non-Industrial Methods and Raw Ingredients to Make the World's Best Cheeses",David Asher,512.0,4.66666666666667,2015.0
2103912,Beyond the Wall: Essays from the Outside,Edward Abbey,224.0,4.66666666666667,1971.0
2546617,"This Time (Moments, #3)",Marie Hall,257.0,4.5,2014.0
2320548,"Star of the Morning (Nine Kingdoms, #1)",Lynn Kurland,340.0,4.25,2006.0
269989,"Washington, D.C. (The Crime Beat #2)",A.C. Fuller,166.0,3.8,2019.0
41227,Echoes of the Past (The Madrona Heroes Register #4),Hillel Cooperman,346.0,4.0,
933501,アリバイ崩し承ります (Japanese Edition),大山 誠一郎,252.0,4.0,2018.0
1742888,En aguas más profundas (Spanish Edition),F.T. Lukens,298.0,2.0,2021.0
1956990,Mauvaise herbe,Thibaut Rassat,40.0,4.0,
2483941,The Silk House,Kayte Nunn,374.0,5.0,2020.0
2459730,Les soeurs Corbi,Corbasson,78.0,5.0,2009.0
2543142,Rogue Wolf (Shifter Squad #4),J.C. Diem,319.0,4.66666666666667,2015.0
662845,"Legacy of the Diamond (Black Diamond, #1)",Andrea Kane,400.0,4.75,1997.0
1702355,"The 39 Cupcakes (Movie Club Mysteries, #4)",Zara Keane,364.0,4.5,2017.0
580092,"Skinny Chicks Eat Real Food: Kick Your Fake Food Habit, Kickstart Your Weight Loss",Christine Avanti,303.0,4.66666666666667,2011.0
608162,"The Oracle (The Arcadian, #2)",T.L. Coulter,310.0,5.0,2014.0
379671,Mafia Lion's Plus Size Obsession: Paranormal Lion Shifter Romance (Company 417 Shifters Series Book 43),Amelia Wilson,63.0,5.0,
1680646,"A Safe Place: The True Story of a Father, a Son, a Murder",Lorenzo Carcaterra,320.0,4.0,1993.0
655890,Let's be bold (Be-Wild-Serie #2),Nicole Böhm,400.0,4.1,2023.0
1002852,Interlopers (Ace Science Fiction),Alan Dean Foster,313.0,4.16666666666667,2001.0
1510638,The Fight For Everest 1924,E.F. Norton,372.0,4.0,1924.0
35923,Sense and Sensibility,Jane Austen,381.0,4.12,1811.0
536219,Ολική έκλειψη καρδιάς,Μαρία Παναγοπούλου,368.0,4.33333333333333,
2578348,"Paleo Lunch Recipes: Healthy, Easy To Make Recipes You Can Enjoy At Home Or On The Go. (Quick & Easy Recipes)",Mary-Ann Miller,43.0,5.0,2014.0
948226,"Helen Hardt Books Checklist: Reading Order of Cougar Chronicles Series, Daughters of the Prairie Series, Sex and the Season Series, Steel Brothers Sagaand List of All Helen Hardt Books",Kevin Hanson,18.0,5.0,
2209502,"Lucky Charmer (Pick-up Lines, #2)",Kayt Miller,221.0,3.0,2021.0
880658,"Takeover (Theresa MacLean, #1)",Lisa Black,408.0,4.6,2008.0
461730,How Do I College?: Tips and Advice for a Sucessful (and Fun) Freshman Year,Santiago Azpurua-Borras,240.0,5.0,2012.0
2253722,The Nerdy Dozen,Jeff     Miller,309.0,5.0,2014.0
1689783,"The Book on Estimating Rehab Costs: The Investor's Guide to Defining Your Renovation Plan, Building Your Budget, and Knowing Exactly How Much It All Costs (BiggerPockets Presents...)",J.  Scott,218.0,4.8,2013.0
1868757,The Preemie Primer: A Complete Guide for Parents of Premature Babies--from Birth through the Toddler Years and Beyond,Jen Gunter,352.0,5.0,2010.0
192531,"The Testaments (The Handmaid's Tale, #2)",Margaret Atwood,432.0,2.0,2019.0
36442,"Saml tankerne: Sådan håndterer du kognitive vanskeligheder ved stress,angst og depression",Louise Meldgaard Bruun,91.0,4.0,2014.0
1732576,"Brûler, brûler, brûler",Lisette Lombé,80.0,5.0,
130848,L'isola del tesoro,Robert Louis Stevenson,220.0,3.0,1882.0
2108705,Can Fixing Dinner Fix the Planet? (Johns Hopkins Wavelengths),Jessica Fanzo,240.0,3.0,
894924,"Theirs to Claim (Beautiful Destruction, #1)",Aurelia Collins,,3.0,
1213018,Bad Idea (Itch #1),Damon Suede,350.0,4.07142857142857,2013.0
1163654,The Accidental Lesbian - Book Four: The Lesbian Harem: A Humorous Lesbian Harem Adventure,Eva Brooks,21.0,5.0,
2008131,Apollon et les putains,Carlos Fuentes,94.0,1.0,1993.0
946979,"A Whole New League (Briarwood High, #2)",Maggie Dallen,149.0,3.81818181818182,
875212,Ro’ha: Teil 5 – Heimat (Ro'ha) (German Edition),Katja T. Spreckelsen,544.0,5.0,2015.0
666838,The Icarus Agenda. Part 1 of 2,Robert Ludlum,,3.5,
2320335,Z-Minus 4,Perrin Briar,203.0,4.0,
223142,Os Alemães (Portuguese Edition),Vinícius Liebel,434.0,5.0,
1723682,"The Beginner's Guide to Beekeeping: Everything You Need to Know, Updated & Revised (FFA)",Samantha Johnson,160.0,5.0,2013.0
1094111,Piercing,Ryū Murakami,0.0,5.0,1994.0
636626,Aldous Huxley: Brave New World (Writers and Their Works),Raychel Haugrud Reiff,143.0,5.0,2009.0
1616893,Arta magică a durutului în cot,Sarah Knight,192.0,2.5,2015.0
530530,Искам у дома,Elchin Safarli,248.0,5.0,
719496,Vecāku maģija,Hedvig Montgomery,184.0,3.0,2018.0
2475840,"Yield (Pierced Hearts, #5)",Cari Silverwood,374.0,4.0,2015.0
396462,War of the Druid King (Elvenshore #6),Clark Graham,186.0,4.0,2014.0
1372829,Par-delà les Apparences (Three Sisters #6),Laëtitia Mariller,316.0,5.0,
1282475,"There is no Epic Loot here, Only Puns. Book 1: Of Mushrooms and Goblins: The Dungeon",stewart92,825.0,5.0,
398881,A Most Unusual Demise,Katherine   Black,258.0,3.28571428571429,2023.0
558440,The Ultimate Introduction to NLP: How to Build a Successful Life,Richard Bandler,162.0,3.33333333333333,2013.0
536131,"Ново начало (Again, #1)",Mona Kasten,408.0,4.0,2016.0
883932,"Finale (Caraval, #3)",Stephanie Garber,480.0,4.125,2019.0
827776,The Gunslinger (The Dark Tower #1),Stephen        King,231.0,4.0,1982.0
103840,Declension in the Village of Chung Luong,Bruce Weigl,73.0,4.0,2006.0
2416914,"Vanilla Fiction, Band 4",Megumi Ōsuga,194.0,5.0,2014.0
511021,É o que tem pra hoje,Raphael Salimena,,4.5,
1523627,"Le pouvoir des habitudes, Changer un rien pour tout changer",Charles Duhigg,337.0,2.0,2012.0
1296866,The Hummingbird Prophecy,Lorijane Graham,352.0,1.0,2010.0
2424763,How the Grinch Stole Christmas!,Dr. Seuss,56.0,4.0,1957.0
379199,Obsessed,Susan Andersen,384.0,3.2,1993.0
1708312,"Mój ojciec, mój przyjaciel",André  Stern,184.0,4.0,
219138,"Cultural Intersections in Music Therapy: Music, Health, and the Person",Whitehead-Pleaux,298.0,5.0,
1543823,Blue Smoke,Nora Roberts,466.0,4.76666666666667,2005.0
437977,Формула бессмертия,Сергей Пономаренко,384.0,5.0,
703016,"Blood and Betrayal (The Emperor's Edge, #5)",Lindsay Buroker,432.0,4.38461538461539,2012.0
585794,Wie mit (m)einem Körper leben,Michèle Roten,157.0,4.0,
2141878,Hooked (Wilde Players #3),A.M. Hargrove,226.0,5.0,2016.0
1942744,Enigma,Robert   Harris,0.0,3.5,1995.0
2012527,"The Not So Silent Night (Curves Just Wanna Have Fun, #6)",Megan Wade,87.0,3.0,2020.0
1989245,Seeds of Contemplation,Thomas Merton,201.0,4.0,2015.0
882976,"The Best of You: Break Free from Painful Patterns, Mend Your Past, and Discover Your True Self in God",Alison Cook,240.0,5.0,
837935,Millennium,John Varley,272.0,3.86206896551724,1983.0
17234,Ernest Hemingway: Artifacts From a Life,Michael Katakis,240.0,4.0,2018.0
2403797,"What Women Want When They Test Men: How to Decode Female Behavior, Pass a Woman’s Tests, and Attract Women Through Authenticity",Bruce Bryans,177.0,4.66666666666667,2014.0
2483251,Ábyrgðarkver: Bankahrun og lærdómurinn um ábyrgð,Gunnlaugur Jónsson,144.0,5.0,2012.0
513553,Sad Giraffe Cafe,Richard  Gwyn,71.0,3.0,2010.0
1146236,Never Leaves Me,C.J. Morrow,329.0,4.0,
1855202,Hope and Other Punchlines,Julie Buxbaum,306.0,3.63636363636364,2019.0
157546,Just One Moment,Dena Blake,240.0,4.16666666666667,
63440,"Will You Love Me in September (Daughters of England, #8)",Philippa Carr,324.0,3.0,1981.0
137316,Chasseur au harpon,Markoosie Patsauq,128.0,3.66666666666667,1969.0
1062272,"Løsepenge (Skyggens lærling, #7)",John Flanagan,527.0,4.0,2007.0
1866287,"Damnare (Damnare, #1)",Lauren Kate,344.0,4.4,2009.0
2157506,نومينون,علا عاطف الخالع,300.0,3.0,
978636,نصوص مختارة من تولستوي,Stefan Zweig,181.0,4.0,1939.0
368545,Permission to Mourn: A New Way to Do Grief,Tom Zuba,132.0,3.875,2014.0
603663,This Is Not a Dead Girl Story,Kate    Sweeney,320.0,4.0,2024.0
920557,Gull Island: A Novel,Anna Porter,256.0,3.0,2023.0
378941,A Year of Writing Dangerously: 365 Days of Inspiration and Encouragement,Barbara Abercrombie,408.0,4.33333333333333,2012.0
2252479,"Clash Royale Guide Guide, Tips, Hacks, Cheats Mods, Apk, Download",Josh Abbott,46.0,1.0,
1512496,Ads R Us,Claire Carmichael,,2.2,2007.0
906150,The Mystery at Falconbridge Hall,Maggi Andersen,297.0,4.8,2012.0
2464230,Sinclair Lewis: It Can't Happen Here-Original Classic Edition(Annotated),Sinclair Lewis,468.0,5.0,1935.0
2579906,Baby Penguins Love Their Mama!,Melissa Guion,30.0,4.0,2014.0
2529019,Arlo Finch in the Lake of the Moon,John August,377.0,4.0,2019.0
836440,The Last House Guest,Megan Miranda,345.0,4.0,2019.0
2163158,Johnny Cash,Michael Streissguth,368.0,3.0,2006.0
494570,Calígula,Albert Camus,146.0,5.0,1944.0
535712,Missing Person,Sarah Lotz,468.0,4.0,2019.0
888603,Chance  choice: practical probability and statistics,J.A. D'Arcy,112.0,5.0,1968.0
709515,الليالي البيضاء,Fyodor Dostoevsky,76.0,4.66666666666667,1848.0
2506366,Bound by Duty,Cora Reilly,233.0,5.0,2015.0
359348,The Track in the Forest: The Creation of a Legendary 1968 US Olympic Team,Bob Burns,263.0,4.0,
1919199,"L'Hérésie d'Horus, Tome 2 : Les faux dieux",Graham McNeill,0.0,5.0,2006.0
1564780,Allt á floti,Kajsa Ingemarsson,496.0,3.5,2010.0
2600874,Brændende Skyld 1,Inger Gammelgaard Madsen,74.0,5.0,2016.0
1734076,"Bran's Story (The Slave Breakers, #1)",Maculategiraffe,188.0,4.0,2007.0
2199089,"Untamed Heart: Beauty and the Beast (Cursed Desires of Never After, #1)",A.  Em,412.0,4.0,
1678726,Letters to Auntie Fori : 5000 Years of Jewish History,Martin  Gilbert,480.0,2.0,2002.0
919926,ALFA Investigations: Volume One (#1-3),Chelle Bliss,,5.0,2017.0
2210695,"Cinder & Ella (Cinder & Ella, #1)",Kelly Oram,254.0,4.0,2014.0
774275,Phase 3,Åsa Ericsdotter,480.0,3.0,
1342715,Mica librarie de pe Sena,Nina George,320.0,3.5,2013.0
526353,The Tempest,William Shakespeare,116.0,4.0,1611.0
639224,Flame (Witch School #5),Katrina Kahler,118.0,4.66666666666667,
871017,"Ein Königreich in Gefahr (Land of Stories, #4)",Chris Colfer,448.0,4.0,2015.0
303166,Women & Power: A Manifesto,Mary Beard,126.0,3.78571428571429,2017.0
718332,"Zabójca skavenów (Gotrek & Felix, #2)",William King,320.0,5.0,1999.0
2488148,Tenkys,Rod Lyon,365.0,4.0,2016.0
2004967,PornoXplotación: La explosión de la gran adicción de nuestros tiempos,Mabel Lozano,291.0,4.0,
757623,Milk and Honey,Rupi Kaur,204.0,3.77272727272727,2014.0
1797466,Sexing the Cherry,Jeanette Winterson,144.0,3.71428571428571,1989.0
315209,Отстал от жизни (Russian Edition),Артур Конан Дойл,7.0,5.0,
1657667,The Dollmaker,Morgan Shamy,304.0,4.28571428571429,
206254,Notturno di cuori,Jojo Moyes,371.0,3.66666666666667,2008.0
1192986,Scout by Julie Nye (1987-12-06),Julie Nye,0.0,5.0,
528588,एका स्वप्नपक्ष्याचा मृत्यू,Anil Gujar,256.0,3.0,
81999,Three Simple Steps to Treat Back Pain,Bob Schrupp,65.0,2.66666666666667,2013.0
135241,The Prophethood of All Believers,Roger Stronstad,150.0,4.0,2010.0
20189,Busy Little Dinosaurs: A Back-and-Forth Alphabet Book,Betty Schwartz,22.0,5.0,2015.0
1792429,BattleTech Legends: Tactics of Duty,William H. Keith Jr.,309.0,5.0,1995.0
1368049,Kurt Cobain: The Last Interview and Other Conversations,Melville House,176.0,4.0,
206067,Inside Delta Force: The Story of America's Elite Counterterrorist Unit,Eric L. Haney,324.0,4.25358851674641,2002.0
2378380,"Silenced by the Grave (City of Bones, #2)",Lina Gardiner,224.0,4.0,
2406013,"The King's List (Tom Neave, #3)",Peter Ransley,352.0,4.0,2014.0
1896930,Dwandv:: The Battle for the Gate,Dinkar Goswami,196.0,5.0,
2357212,So Over You,Gwen Hayes,226.0,3.7032967032967,2010.0
824383,Something in the Heir,Suzanne Enoch,354.0,3.0,2022.0
1541849,Chahera Pachhal no Chahero,Kaajal Oza Vaidya,379.0,4.66666666666667,2013.0
80381,All About Applesoft: Enhanced Edition,Bill Martens,284.0,4.0,
1583993,My Homemade Spaceship 4,Douglas Michaels,287.0,4.40909090909091,
1043935,"His First (Chosen #3A)(Unlikely Mates, #1)",Charlene Hartnady,76.0,4.33333333333333,2015.0
651837,B.P.R.D.: 1948,Mike Mignola,144.0,3.66666666666667,2013.0
911550,Blacksad 1 - Un lugar entre las sombras (Spanish Edition),Juan Díaz Canales,48.0,4.0,2000.0
1893092,Pretending,Holly Bourne,416.0,4.0,2020.0
2396180,Essential Psychodynamic Psychotherapy: An Acquired Art,Teri Quatman,202.0,5.0,2015.0
1517381,Northanger Abbey,Jane Austen,422.0,4.0,1817.0
535622,Biscuit and the Lost Teddy Bear (My First I Can Read),Alyssa Satin Capucilli,32.0,5.0,2011.0
1657023,Night of the Beast (One True Mate #8),Lisa Ladew,294.0,5.0,
288458,1248 Southampton Drive: It Happened on a Monday Night,Dr. Jenifer Williams,99.0,4.5,
565929,"Cardcaptor Sakura: Master of the Clow, Vol. 2 (Cardcaptor Sakura, #8)",Clamp,185.0,4.53333333333333,1999.0
8988,"Broken (Broken, #1)",Annie Jocoby,279.0,3.66666666666667,2014.0
1059509,Shades of Pink,Kristin L. Wilson,,3.5,2013.0
920572,"The Forbidden Door (Jane Hawk, #4)",Dean Koontz,,5.0,2018.0
399546,البداية والنهاية - الجزء الرابع عشر,ابن كثير,,4.0,1365.0
2166992,Gradle Beyond the Basics: Customizing Next-Generation Builds,Tim Berglund,80.0,4.0,2011.0
1844516,"The Unexplained Book Two: The Sphinx, Flying Dutchman, Pyramids Of Egypt, Aliens, Ghosts And More",Gregory Branson-Trent,578.0,3.0,2011.0
490809,Bayside Dreams (The Hunters #12),Stacy Claflin,175.0,5.0,
1985966,La mia Bibbia degli oli essenziali. La guida più completa all'aromaterapia,Danièle Festy,606.0,5.0,2007.0
1558648,The Night Before Christmas,Clement Clarke Moore,48.0,5.0,1823.0
1440471,A Rose for Melinda,Lurlene McDaniel,208.0,4.37037037037037,2002.0
1052462,Death of Wolverine,Charles Soule,144.0,2.0,2014.0
880309,"Black as Blood (InCryptid, #2.6)",Seanan McGuire,24.0,3.33333333333333,2014.0
1536111,The Bruiser,Jim Tully,248.0,4.0,1936.0
2005088,Some Observations on the Organization of Personality,Carl R. Rogers,27.0,5.0,2011.0
1259243,Frisked by You (SAPD SWAT #6),Nikki Mays,198.0,4.66666666666667,2019.0
1173988,"Iris Murdoch: The Sea, the Sea, a Severed Head & Something Special: A BBC Radio Collection",Iris Murdoch,,5.0,
1355739,Rachel's Day in the Garden,Giselle Shardlow,34.0,5.0,2014.0
687552,"The Night Watch (Watch, #1)",Sergei Lukyanenko,531.0,3.92307692307692,1998.0
2142655,Even Though I Knew the End,C.L. Polk,144.0,3.0,2022.0
1971097,Sleeping Freshmen Never Lie,David Lubar,279.0,3.55555555555556,2005.0
1716054,West from Singapore: Stories,Louis L'Amour,208.0,3.71428571428571,1987.0
1761256,The Yellow Book,Derek Mahon,57.0,1.0,1997.0
487526,Viagem ao Sonho Americano,Isabel Lucas,381.0,3.75,
2461940,"Crow's Row (Crow's Row, #1)",Julie Hockley,408.0,4.18791946308725,2011.0
1124238,The Slow Road to Tehran: A Revelatory Bike Ride through Europe and the Middle East,Rebecca Lowe,393.0,3.91666666666667,2022.0
2261057,Bursting with Energy: The Breakthrough Method to Renew Youthful Energy and Restore Health,Frank Shallenberger,290.0,4.0,2002.0
739094,The Tenth Harbinger: America's Exact Role in World History and Triple Destiny Revealed,Watchman Bob,216.0,4.5,2013.0
105497,Understanding Postpartum Psychosis: A Temporary Madness,Teresa M. Twomey,200.0,4.0,2009.0
2495599,The Fighting Temeraire: Legend of Trafalgar (Hearts of Oak Trilogy Vol.1),Sam Willis,460.0,5.0,2009.0
1334108,A Time to Remember (Blessings in Disguise Series #3) (Love Inspired #256),Lois Richer,256.0,4.0,2004.0
678199,Sisters in Love (Snow Sisters #1),Melissa Foster,308.0,3.62222222222222,2013.0
21007,The Festival,Sarah J. Naughton,282.0,4.1,2021.0
1536053,Eric Clapton Autobiography,Jame Oliver,347.0,4.0,
2363562,"Slashed (Oil Apocalypse, #1)",Lou Cadle,253.0,4.0,
58200,Words We Cannot Say,Sita Romero,280.0,4.33333333333333,
1007205,Mirusiųjų inspektorius (Thomas De Quincey #2),David Morrell,328.0,2.0,2015.0
474432,"First Steps: Letters, Numbers, Colors, Opposites",John Burningham,48.0,3.0,1994.0
22760,The Honorable Choice (The Ashbrooks #4; Generations of Love #6),M.A. Nichols,,5.0,2020.0
677724,Walk About,Aaron Fletcher,480.0,2.5,1992.0
2372577,The official Sloane Ranger handbook: How the British upper class prepares its offspring for life,Ann Barr,159.0,3.0,1982.0
395085,Plant Them Deep,Aimée Thurlo,336.0,5.0,2003.0
1987954,"The Book of Mormon: Another Testament of Jesus Christ, Maxwell Institute Study Edition",Grant Hardy,648.0,5.0,
1991491,I'm Afraid of Men,Vivek Shraya,85.0,3.0,2018.0
1732005,Zeb (Rescued: Diamond Ridge Mountain Men #1),Brynn Hale,68.0,3.0,
1410090,Your Second Life Begins When You Realise You Only Have One,Raphaëlle Giordano,,4.5,2015.0
663833,La paranza dei bambini,Roberto Saviano,350.0,3.66666666666667,2016.0
1238134,Las Aventuras de Alicia,Lewis Carroll,238.0,3.0,1871.0
921049,"6 Book Value Pack - Restart, Slacker, Whatshisface, Schooled, Ungifted, The Unteachables",Gordon Korman,0.0,4.0,
412597,Amber Brown Is on the Move,Bruce Coville,176.0,5.0,2013.0
870329,"The Mystery on the Train (The Boxcar Children, #51)",Gertrude Chandler Warner,122.0,3.66666666666667,1996.0
987643,"Somersetas (Rožės, #1)",Leila Meacham,608.0,5.0,2013.0
1006049,The Lost Letters of William Woolf,Helen Cullen,0.0,3.0,2018.0
599466,A False Report: A True Story of Rape in America,T. Christian Miller,304.0,4.0,2018.0
910614,Street Chronicles: Girls in the Game,Nikki Turner,286.0,4.55555555555556,2007.0
1654711,Straordinari misteri della storia,Massimo Polidoro,189.0,3.0,2015.0
514777,"Begehre uns nicht (Knightstone Academy, #1)",Christina Rain,413.0,4.04347826086957,
1215532,Vlak sirôt,Pam Jenoff,360.0,4.0,2017.0
1013696,Countdown in Korea: Der gefährlichste Konflikt der Welt und seine Hintergründe (Beck Paperback 6307) (German Edition),Matthias Naß,192.0,2.0,
1405164,Drageskjoldene (Magiens alfabeter #1),Nicole Boyle Rødtnes,429.0,4.0,2024.0
266759,"Shingaling (Wonder, #1.7)",R.J. Palacio,127.0,4.32978723404255,2016.0
1177732,The House of Unexpected Sisters (No. 1 Ladies' Detective Agency #18),Alexander McCall Smith,,5.0,2017.0
1363982,The Cats of Cthulhu,Chris W. Sears,68.0,4.0,
1473453,"Stars in Their Courses (The Appomattox Saga, #8)",Gilbert Morris,350.0,3.0,
403110,I'll Mature When I'm Dead: Dave Barry's Amazing Tales of Adulthood,Dave Barry,290.0,4.0,2010.0
1854333,سرخ سفید,مهدی یزدانی خرم,266.0,4.0,
276954,No Quarter (The Matty Graves Novels #1),Broos Campbell,271.0,2.5,2006.0
1114259,"Anthropologies and Histories: Essays in Culture, History, and Political Economy (Hegemony and Experience)",William Roseberry,296.0,4.0,1989.0
1077746,Crossroads (Chance City #3),Robin Deeter,229.0,5.0,
140936,Cárdeno adorno,Katharina Winkler,256.0,4.66666666666667,2016.0
2592380,Barbed Wire: A Political History,Olivier Razac,144.0,5.0,2000.0
1784403,Not Like Normal (Ilse Beck #7),Ava Strong,235.0,4.0,2022.0
335998,King Haidar,Anjell,823.0,4.34285714285714,2022.0
2547875,"Le Front national entre extrémisme, populisme et démocratie",Michel Wieviorka,,4.0,2013.0
1614778,"The Bishop and the Beggar Girl of St. Germain (Blackie Ryan, #12)",Andrew M. Greeley,276.0,5.0,2001.0
379210,Iseseisvuspäev,Kaur Kender,143.0,2.66666666666667,1998.0
487868,"Promesse (À contre-sens, #5)",Mercedes Ron,334.0,4.11111111111111,
2169996,A Chance for Change: Head Start and Mississippi's Black Freedom Struggle (The John Hope Franklin Series in African American History and Culture),Crystal Sanders,266.0,5.0,2016.0
597741,Viens no mums,Maria Ernestam,406.0,3.0,2007.0
1548898,The Wisdom of Stability: Rooting Faith in a Mobile Culture,Jonathan Wilson-Hartgrove,164.0,3.33333333333333,2010.0
964809,A Regency Christmas,Lyn Stone,288.0,3.5,2009.0
1383804,Winterglitzern (Das kleine Bücherdorf #1),Katharina Herzog,352.0,3.85714285714286,2022.0
950155,Игорь Гром. Книга 2. Голодные духи,Алексей Замский,114.0,4.5,2018.0
717802,"Lion of Senet (Second Sons, #1)",Jennifer Fallon,561.0,3.94444444444444,2004.0
1508199,Kou van jou,Herman Brusselmans,725.0,3.0,
627252,I Do Not Come to You by Chance,Adaobi Tricia Nwaubani,402.0,3.76086956521739,2009.0
1679336,Wiring 1-2-3,Home Depot,192.0,4.2,2001.0
281342,The Little Prince,Antoine de Saint-Exupéry,61.0,4.2,1943.0
2377573,"Blow Fly (Kay Scarpetta, #12)",Patricia Cornwell,465.0,4.0,2003.0
1114241,Hades Academy: Fifth Semester (Book 5),Abbie Lyons,157.0,4.0,
2453187,Northanger Abbey,Jane Austen,286.0,4.0,1817.0
211806,Starting Something: An Entrepreneur's Tale of Corporate Culture,Wayne McVicker,483.0,4.0,2010.0
1241060,Saxon Max 3: Empires,JG Jerome,604.0,4.33333333333333,
236280,"Blue Seoul Nights (Seoul-Duett, #1)",Kara Atkin,457.0,3.73170731707317,2022.0
784389,Steven Tyler,Laura Jackson,232.0,3.0,2008.0
822257,Przerwana lekcja muzyki,Susanna Kaysen,160.0,3.83333333333333,1993.0
1274068,Il fattore umano,Graham Greene,315.0,3.0,1978.0
2017291,"Cancer Witch: Unlock the Magic of Your Sun Sign (The Witch's Sun Sign Series, 4)",Ivo Dominguez Jr.,248.0,5.0,
518865,Die Zeichen des Todes,Michael Tsokos,352.0,5.0,2017.0
1522717,Serial killer. Storie di ossessione omicida,Carlo Lucarelli,0.0,4.25,2003.0
1745420,What Is Color?: 50 Questions and Answers on the Science of Color,Arielle Eckstut,144.0,4.66666666666667,
229478,Perfume & Pain,Anna  Dorn,352.0,3.77931034482759,2024.0
222924,"Wojna (Saga wołyńska, #2)",Joanna Jax,384.0,1.0,2022.0
45057,"King of Sloth (Kings of Sin, #4)",Ana Huang,13.0,4.0,2024.0
2579869,Priče iz Zemljomorja,Ursula K. Le Guin,298.0,5.0,2001.0
109598,A Lady's Slave (Inclusive),Grace Vilmont,149.0,5.0,2015.0
468792,The Story of Miss Moppet,Beatrix Potter,0.0,2.0,1906.0
2334863,Mia,B.E. Belle,,5.0,
452193,Voices of Jordan,Rana F. Sweis,280.0,3.5,2018.0
1886862,Sophie Under Pressure (Sophie #3),Nancy N. Rue,129.0,4.0,2005.0
1053706,"A Knight in Paris (The Eternal Collection, #300)",Barbara Cartland,171.0,5.0,
861995,Mercy Rising: The Prophecy,D.C. Little,291.0,4.0,
923617,Learn to Count: A Ready to Read Story for 3-5 Year Olds,Jessy Hays,14.0,1.0,
738682,"Insomniacs After School, vol. 7",Makoto Ojiro,192.0,4.44444444444444,2021.0
1225327,"When Dreams Come True - Erwählt (Dreams, #1)",Charlotte Macallan,462.0,5.0,
2022955,The Letters of Jonathan Netanyahu,Jonathan Netanyahu,324.0,5.0,1980.0
2482011,The Bytes Brothers Record a Wrongdoing (Solve-It-Yourself Computer Mystery),Floyd McCoy,112.0,3.0,1984.0
688495,"Perfect Chemistry (Perfect Chemistry, #1)",Simone Elkeles,368.0,4.07149853085211,2008.0
351212,Self-helpless: A Cynic's Search for Sanity,Rebecca Davis,196.0,4.75,
1964914,Hidden Power,Judith Cutler,384.0,5.0,2002.0
1905320,Evolusi: Dari Teori Ke Fakta,Ernst W. Mayr,433.0,5.0,2001.0
754865,"The Ripley Effect (The Hounds of Zeus MC, #7)",Faith  Gibson,336.0,4.5,2023.0
2175503,Sadvertising,Ennis Ćehić,304.0,4.0,2022.0
1035236,Crashing into Love (The Bradens #12; Love in Bloom #21),Melissa Foster,354.0,5.0,2015.0
1218969,Le Jardin de cristal,Mohsen Makhmalbaf,,4.0,1986.0
34990,Sen Değişirşen Her Şey Değişir,Başak Sayan,264.0,4.4,2019.0
55979,Black Sea Terror (SEAL Strike #1),Eric Meyer,40.0,3.88888888888889,
2490428,Stanley Kubrick’s Napoleon: The Greatest Movie Never Made,Alison Castle,2626.0,5.0,2009.0
1918503,Welcome to Glorious Tuga: A Novel (The Tuga Trilogy),Francesca Segal,,5.0,2024.0
542616,Murder Strikes at Midnight (Rooftop Garden Cozy Mysteries Book 6),Thea Cambert,170.0,4.0,
2118062,"Dakota Dreamin' (South Dakota,  Americana, #41)",Janet Dailey,197.0,4.5,1981.0
232755,A Heart for Christmas: My Advent Novel,Sophie Jomain,388.0,3.0,
984657,The Amalgam Age of Comics: The DC Comics Collection,John Byrne,157.0,2.0,1996.0
2048628,Step Wager (Step Taboo Erotic Romance),Fiona Layne,31.0,5.0,2014.0
929095,The Other Side of Cancer: Living Life with My Dying Sister,Annette Guardino,193.0,5.0,
1589389,The Foxe & the Hound,R.S. Grey,330.0,4.02409638554217,2017.0
1021570,Reisen Reisen: Wie wir die Welt entdecken wollen,Michael Dietz,208.0,5.0,2023.0
552258,"A Wanted Man (Jack Reacher, #17)",Lee Child,432.0,4.2,2012.0
2435597,Tattoo Culture Magazine #1,Nicki Kasper,128.0,1.0,2013.0
19951,"Oh, qué espléndida música",Dorothy Evelyn Smith,377.0,4.66666666666667,1943.0
2127549,Tan torpe que me enamoré,Mar  Rodríguez,,4.0,
1336814,Tanker Pilot: Lessons from the Cockpit,Mark Hasara,320.0,3.5,
1183507,The Lords of Salem,Rob Zombie,316.0,3.0,2012.0
1458202,Once Upon a Boyband,Jenny Proctor,358.0,4.34210526315789,2024.0
90653,Sapiens: Stručné dějiny lidstva,Yuval Noah Harari,532.0,4.4,2011.0
2173759,Menace Under the Texas Sun,Ethan Westfield,220.0,5.0,
623675,Turning Pro,Steven Pressfield,148.0,4.32699619771863,2012.0
1514761,The Return of the Soldier,Rebecca West,68.0,5.0,1918.0
1496906,Mille anni di preghiere: Racconti,Yiyun Li,208.0,5.0,2005.0
665707,Les Diners de Gala,Salvador Dal�,321.0,4.25,1973.0
2126522,Ascetic Piety and Women's Faith: Essays on Late Ancient Christianity (Studies in Women and Religion),Elizabeth A. Clark,,5.0,
2463047,El gran libro de los niños malos,David Walliams,277.0,5.0,
2466416,Maimy Angel Vol. 3,Yumiko Igarashi,195.0,5.0,1995.0
2542574,"Twelve Mile Limit (Doc Ford, #9)",Randy Wayne White,322.0,5.0,2002.0
1855,A Veiled Antiquity (Torie O'Shea #2),Rett MacPherson,224.0,3.0,1998.0
559441,De laatste Belgen: Een geschiedenis van de Oostkantons,Selm Wenselaers,197.0,4.0,2008.0
2396769,Greek Sculpture: The Classical Period: A Handbook (World of Art),John Boardman,252.0,4.0,1985.0
2036499,Playdate,Maryann Macdonald,24.0,3.0,
245837,The Holocaust,Laurence Rees,512.0,4.62068965517241,2017.0
574495,And Mother Earth Wept,J.A. Schrader,358.0,5.0,1999.0
642284,La nuit est mon royaume,Mary Higgins Clark,445.0,4.0,2004.0
398679,Killing Sacred Cows: Overcoming the Financial Myths That Are Destroying Your Prosperity,Garrett B. Gunderson,372.0,3.0,2007.0
1288986,Flanders Point,Jacquie Gordon,336.0,4.2,1997.0
289177,"Patience, My Dear (The Lochmoor Glen Series, #1)",Arianna Snow,,4.0,
1289320,"SEALed With a Kiss (Black Ops Inc., #6.5)",Cindy Gerard,38.0,4.5,2014.0
1839823,Delilah la romantique (La Saison des débutantes #3),Marion Chesney,234.0,4.25,1989.0
1632917,Pokemon Gold Version and Silver Version - Official Trainer's Guide,Phillip Marcus,176.0,5.0,2000.0
477632,Jangan Kata Apa Orang Tak Kata!,Muhamad Rozaimi Ramle,192.0,5.0,2017.0
84199,Age of X-Man: X-Tremists,Leah Williams,113.0,5.0,2019.0
233896,Thinking Like a Lawyer: A New Introduction to Legal Reasoning,Frederick Schauer,256.0,3.5,2009.0
1622649,"O, Africa!",Andrew Lewis Conn,384.0,4.0,2014.0
512853,Imepoiss Leon,Jukka Behm,368.0,4.0,2023.0
1021788,"Stormblade (Dragonlance: Heroes, #2)",Nancy Varian Berberick,347.0,4.0,1988.0
1988774,Bonegrinder,John Lutz,0.0,2.0,1977.0
145020,Abaddon (In the Valley Book 3),Stephen A. Kennedy,265.0,4.0,
2358231,Only the Ball Was White: A History of Legendary Black Players and All-Black Professional Teams,Robert W.  Peterson,406.0,4.77777777777778,1970.0
811461,Jinxie's Orchids,Maren Smith,177.0,5.0,2012.0
2577476,Bipolar Disorder - Understanding and Help for Extremem Mood Swings,Edward T. Welch,24.0,4.0,1905.0
38780,London Large: Blood on the Streets,Roy  Robson,288.0,2.0,
2473486,"Last Stand at Majuba Hill (Simon Fonthill, #4)",John  Wilcox,448.0,5.0,2007.0
2168985,All Quiet On The Western Front,Erich Maria Remarque,162.0,4.33333333333333,1928.0
1017635,2BR02B,Kurt Vonnegut Jr.,,2.0,1968.0
2504137,"Baltimore Blues  (Tess Monaghan, #1)",Laura Lippman,304.0,3.83870967741935,1997.0
1211341,Snow Crash,Neal Stephenson,551.0,4.0,1992.0
974029,Moana Amazing Quiz With Answer: Discover Funny Things and Facts About the Series: Moana Trivia Game Book,Carrie  Jones,40.0,5.0,
2256981,Gargantua and Pantagruel [with Biographical Introduction],François Rabelais,502.0,5.0,1532.0
270234,Formichità,Charlie Kaufman,721.0,5.0,2020.0
458108,പതിനെട്ടു കവിതകൾ | Pathinettu Kavithakal,Balachandran Chullikkad,72.0,5.0,1980.0
153168,Agile Project Management For Dummies,Mark C. Layton,360.0,3.66666666666667,2011.0
422909,"White Noise (Unexpected, #2)",Ann Grech,147.0,4.0,2016.0
91900,"The significance of reading in the English class. A lesson plan with Khaled Hosseini's ""A Thousand Splendid Suns""",Ayse Gökce,22.0,4.23076923076923,2011.0
118287,"Mouvar's Magic (Kelvin of Rud, #5)",Piers Anthony,320.0,4.25,1992.0
2542896,Constant Gardener,John Le Carré,549.0,3.66666666666667,2001.0
564776,Yellowstone Investigations: The Complete 5-Books Series,Clara Kendrick,1760.0,4.5,
1257547,"Es gibt keinen Weg zum Frieden, denn Frieden ist der Weg",Mahatma Gandhi,176.0,4.0,
1376886,L'intelligence émotionnelle: Intégrale,Daniel Goleman,924.0,4.0,1995.0
1357738,Die kurze Geschichte der deutschen Literatur,Heinz Schlaffer,0.0,4.0,2003.0
2469072,"Dark Heir (Dark Rise, #2)",C.S. Pacat,496.0,4.57190635451505,2023.0
2041817,The Kingdom Strikes Back,John Holzmann,28.0,2.0,2000.0
113534,"The Cowboy’s Sweetheart (Courage County Brides, #6)",Mia Brody,89.0,4.5,
1515913,Le ali della Sfinge - La pista di sabbia,Andrea Camilleri,434.0,2.0,
1114697,The Zum Zum Girls,Lynn Wachtel,375.0,4.0,2015.0
2269810,"Miekkamyrsky 2 (Tulen ja Jään Laulu, #3 osa 2/2)",George R.R. Martin,550.0,4.0,2000.0
975698,"Cities of Commerce: The Institutional Foundations of International Trade in the Low Countries, 1250-1650 (The Princeton Economic History of the Western World)",Oscar Gelderblom,312.0,3.0,2013.0
344682,"Art, Enterprise and Ethics: Essays on the Life and Work of William Morris",Charles Harvey,262.0,4.0,1996.0
1634528,Northanger Abbey: An Audible Original Drama,Anna Lea,7.0,4.8,2017.0
577797,Inside the FDA: The Business and Politics Behind the Drugs We Take and the Food We Eat,Fran Hawthorne,357.0,4.0,2005.0
391470,Santa's Magical Green Suit,Jason Hinchliffe,21.0,1.0,
310041,Biggles In Spain,W.E. Johns,208.0,4.33333333333333,1939.0
2386740,Lego Ninjago Sons of Garmadon Activity Book,Scholastic Inc.,0.0,1.0,
1809893,It's a Long Story: My Life,Willie Nelson,400.0,4.12727272727273,2015.0
724847,The Water Room (Peculiar Crimes Unit #2),Christopher Fowler,368.0,2.75,2004.0
2255548,World War Mars 3,Rick Partlow,395.0,4.6,
2246426,Batgirl (2000-2006) #21,Kelley Puckett,23.0,5.0,
699636,Dr. Seuss's How the Grinch Lost Christmas! (Classic Seuss),Alastair Heim,40.0,3.0,2023.0
2029046,History’s Greatest Artists: The Life and Legacy of Claude Monet,Charles River Editors,78.0,5.0,2015.0
1501125,التوربيني,محمد مهدي,,3.0,
1454368,O Programador Apaixonado: Construindo uma carreira notável em desenvolvimento de software,Chad Fowler,235.0,4.0,2009.0
2305714,Be Silent and Know,Osho,204.0,5.0,1979.0
2447098,Storie delle Terre Unite Il risveglio della Fenice (Italian Edition),Andrea Riccardo Gasparoni,302.0,4.0,
2176524,The Duke's Decision (The Reluctant Duke Book 2),Fenella J. Miller,193.0,5.0,2020.0
1538232,Forever Christmas - The Second Season,Joanne Jaytanie,244.0,5.0,
1966704,30 Days to Discovering Personal Victory through Holiness,Bruce H. Wilkinson,264.0,4.0,2003.0
1349032,کاخ کاغذی,Miranda Cowley Heller,465.0,4.0,2021.0
2075607,Teach Me Tonight (Love Lessons #1),Susan    Coventry,326.0,5.0,
2600226,Wyspa doktora Moreau,H.G. Wells,184.0,3.0,1896.0
579476,Show No Fear: a bouncer's diary,Bill Carson,134.0,2.5,
1273602,Father Seraphim Rose: His Life and Works,Hieromonk Damascene,1160.0,4.57142857142857,1993.0
2364811,"Just a Bit Wrecked (Straight Guys, #11)",Alessandra Hazard,200.0,4.47619047619048,2020.0
1238936,The Folded World,Amity Gaige,300.0,3.0,2007.0
2259714,Ah l'amore l'amore,Antonio Manzini,352.0,3.8,2020.0
520697,A Small Book of Unicorns,Josephine Bradley,96.0,5.0,1995.0
1989885,Buffy the Vampire Slayer: Season 8 #30,Jane Espenson,25.0,5.0,2009.0
1070504,la joie de l'echec,Faysal Hafidi,,2.0,
2563995,Jack and Andrew: Pain (A Southern Thing Book 2),Samuel York,267.0,4.66666666666667,2014.0
529042,"Markham Street: The Haunting Truth Behind the Murder of My Brother, Marvin Leonard Williams",Ronnie Williams,346.0,5.0,
1588922,Secrets of the Crown,Adam Jay Epstein,178.0,5.0,2011.0
2115545,Gerald's Game Stephen King 1st edition 1st print !,Stephen        King,0.0,5.0,1992.0
617888,"What I Remember, What I Know: The Life of a High Arctic Exile",Larry Audlaluk,300.0,3.0,
783112,The Silent Takeover: Global Capitalism and the Death of Democracy,Noreena Hertz,304.0,4.14285714285714,2001.0
978307,The Spy Who Stayed Out in the Cold: The Secret Life of FBI Double Agent Robert Hanssen,Adrian Havill,352.0,3.0,2001.0
630117,The Complete Art Of War: Sun Tzu/Sun Pin (History & Warfare),Sun-Tzu,320.0,5.0,2002.0
351224,A Short History of Man: Progress and Decline,Hans-Hermann Hoppe,144.0,4.26666666666667,2015.0
2586380,The Cool Kids,Jason Pellegrini,104.0,2.0,2017.0
773831,Sin and Lightning,K.F. Breene,442.0,5.0,2020.0
394460,The Pure Gold Baby,Margaret Drabble,291.0,3.0,2013.0
1145279,स्वत:विषयी [Swatavishayi],Anil Awachat,153.0,4.5,1990.0
183668,Envy,Yury Olesha,152.0,3.734375,1927.0
2347724,City of Dreams: A Novel of Nieuw Amsterdam and Early Manhattan,Beverly Swerling,592.0,5.0,2001.0
1656041,"L'Entre-Monde (Les ombres d'Edimbourg, #1)",Anna Lyra,356.0,4.0,
1689925,The Long Earth,Terry Pratchett,379.0,3.8,2012.0
2213191,The Haunted Mansion: From the Magic Kingdom to the Movies,Jason Surrell,132.0,4.15789473684211,2003.0
739396,Welsh Legends and Fairy Lore,D. Parry-Jones,192.0,4.5,1953.0
1110107,Pygmalion in the Classroom: Teacher Expectation and Pupils' Intellectual Development,Robert Rosenthal,266.0,4.0,1968.0
2304229,Tracks,Louise Erdrich,226.0,2.0,1988.0
692932,25. Madde,Michael           Palmer,,4.0,2008.0
1827369,The Last Wolf,Michael Morpurgo,96.0,4.57142857142857,2002.0
769626,Tinkle Double Digest 5,Anant Pai,177.0,4.52631578947368,
1637032,El Ala Oeste,Edward Gorey,64.0,4.0,1963.0
2268428,Selected Writings,Paul Valéry,256.0,4.83333333333333,1950.0
970951,The Song of Roland,Unknown,219.0,3.33333333333333,1115.0
1643844,Lessons of Spain,L Trot︠s︡kiĭ,24.0,5.0,1980.0
1374321,Nikita,Carlo Lucarelli,60.0,5.0,1997.0
1354637,"The Bet (Insatiable, #3)",J.D. Hawkins,232.0,4.5,2016.0
638174,I Invited Her In,Adele Parks,498.0,3.74248927038627,2019.0
571411,"Mending Scars (Others of Edenton, #5)",Brandy L. Rivers,308.0,3.33333333333333,2014.0
909711,The Housekeeper's Diary: Charles and Diana Before the Breakup,Wendy Berry,194.0,4.125,1995.0
831255,Ancestral Whispers: A Guide to Building Ancestral Veneration Practices,Ben Stimpson,272.0,5.0,
1499937,"VISIBLE MUSLIM, INVISIBLE CITIZEN: Understanding Islam in Indian Democracy",Salman Khurshid,280.0,4.0,
2038771,"Girl Meets Ghost (Girl Meets Ghost, #1)",Lauren Barnholdt,224.0,3.6,2013.0
836443,"Room at the Inn (Jeff Resnick Mystery, #3)",L.L. Bartlett,280.0,3.90909090909091,2012.0
252856,Karmayogi: A Biography of E. Sreedharan,M.S. Ashokan,273.0,5.0,
2588626,"Stone Cross (Arliss Cutter, #2)",Marc Cameron,,5.0,2020.0
1632218,"Tesla's Secret (The Andarius Legacy, #2)",T.H. Munsey,282.0,5.0,
779457,How To Make Candles At Home: Simple Candle Making For Beginners - Amaze Your Friends With These 23 Candlemaking Recipes (DIY Beauty Collection),Leanna Lockhart,53.0,4.0,2015.0
815465,Shogun,James Clavell,1014.0,5.0,1975.0
1858955,"Mother, Mother",Koren Zailckas,366.0,3.66071428571429,2013.0
851356,"Jujutsu Kaisen, Tome 7 : Instinct grégaire",Gege Akutami,192.0,4.33333333333333,2019.0
135530,"Wake, Siren: Ovid Resung",Nina MacLaughlin,329.0,2.75,2019.0
760715,"Speechless: Controlling Words, Controlling Minds",Michael J. Knowles,383.0,4.39130434782609,2021.0
1865155,"The Shattered Crown (The Beast Charmer, #3)",Maxym M. Martineau,480.0,3.33333333333333,2021.0
1798590,De kortste nacht,René Appel,270.0,3.0,2014.0
390785,"Behind the Net (Vancouver Storm, #1)",Stephanie  Archer,426.0,3.8695652173913,2023.0
442794,O Bom Stalin (Em Portugues do Brasil),Víktor Eroféiev,0.0,5.0,
229150,Worthy of Love,Carly Phillips,,3.0,
1584887,Ostatni śnieg,Rafał Pacześ,384.0,4.1,2022.0
817822,Добри съпруги,Louisa May Alcott,368.0,3.5,1869.0
1374510,Jacob's Room,Virginia Woolf,193.0,5.0,1922.0
116417,Your Name. Another Side : Earthbound T01,Junya Nakamura,178.0,3.0,2018.0
549309,Мышь,Иван Филиппов,356.0,3.71428571428571,
1013141,Quantum Mechanics,Jim Al-Khalili,56.0,3.75,2017.0
1940316,Projections 5: Film-makers on Film-making,John Boorman,320.0,4.0,1996.0
255206,We Are All Whalers: The Plight of Whales and Our Responsibility,Michael J.   Moore,224.0,4.75,
1097099,"Daughter of Twin Oaks (A Secret Refuge, #1)",Lauraine Snelling,292.0,4.55,2000.0
391175,Part of Your World,Liz Braswell,487.0,3.0,2018.0
1218554,"The Case of the Snack Snatcher (West Meadows Detectives, #1)",Liam O'Donnell,128.0,5.0,2015.0
1669803,Restless,William  Boyd,336.0,3.8,2006.0
2515763,Gouden geheim (Lust & Luxe Book 1) (Dutch Edition),Wouter Rozema,265.0,4.0,
2363249,Atmosféry,Peter Zumthor,76.0,5.0,2006.0
1116285,Return to Freedom: The War Memoirs of Colonel Samuel C. Grashio U.S.A.F.,Samuel C. Grashio,166.0,5.0,1982.0
656907,Party Girl,Rachel Hollis,364.0,4.19444444444444,2014.0
238507,Kahire'de Kayıp (Bir Makana Vakası),Parker Bilal,336.0,5.0,2012.0
1272535,A Short History of Film,Wheeler Winston Dixon,439.0,4.66666666666667,2008.0
917387,The Loathsome Couple,Edward Gorey,60.0,3.0,1999.0
870129,Gli occhi della luna: Le memorie di Akhenaton,Roberto Zacco,310.0,2.0,2006.0
968773,重生八零：媳妇有点辣,Bao Zhuang Cheng,,4.0,
442918,"Team Players (Mendell Hawks, #2)",Deanna Grey,323.0,4.0,2022.0
2020652,"Vampire Miyu, Band 01",Narumi Kakinouchi,194.0,4.0,1989.0
1216897,Naismystisismi: Naisen voiman lähde,Maetreyii Ma Nolan,251.0,5.0,2011.0
291981,הסוד המשותף,Georges Simenon,273.0,5.0,1955.0
2101045,"The Beauty Detox Solution: Eat Your Way to Radiant Skin, Renewed Energy and the Body You've Always Wanted",Kimberly Snyder,403.0,3.5,2011.0
1548111,Memory Scents,Gayle Eileen Curtis,304.0,2.0,2012.0
1489011,Braiding Sweet Grass,Umes Santilal,323.0,3.9,
1068784,Očaj od nane,Svetislav Basara,312.0,3.0,2016.0
1114876,Any Known Blood: A Novel,Lawrence Hill,560.0,3.0,1997.0
1254796,The Darkest Child,Delores Phillips,1.0,4.0,2004.0
1521294,"Das Lied der Dämonen (Die drei Prophezeiungen, #1)",Wolfgang Thon,702.0,5.0,2014.0
682132,Bieguni,Olga Tokarczuk,456.0,3.75,2007.0
174659,"Flight (Irene Kelly, #8)",Jan Burke,560.0,4.41666666666667,2001.0
2263836,"A Deeper Love (Ghosts of the Shadow Market, #5)",Cassandra Clare,52.0,3.75,2018.0
2359269,Searching the Scriptures: Find the Nourishment Your Soul Needs,Charles R. Swindoll,264.0,4.0,2016.0
244985,All We Ever Wanted,Emily Giffin,353.0,3.88468361916026,2018.0
564465,Painting Kisses,Melanie Jacobson,246.0,4.25,2014.0
742882,Grammar matters,The Open University,92.0,4.0,
603763,Off-Limits Silver Fox Billionaire,Lisa Ryan,225.0,4.0,
2066056,Auksinė žuvelė,J.M.G. Le Clézio,208.0,4.0,1997.0
612668,Malayali Memorial | മലയാളി മെമ്മോറിയല്‍,Unni R,120.0,3.0,2022.0
808508,7 Grams of Lead,Keith Thomson,464.0,4.0,2014.0
8085,Redux: The Lost Patrol: A SciFi Time Travel Novel (Redux Cycle Book 1),Gregg Cunningham,264.0,3.0,
1339783,"Into Exile (Kevin and Sadie, #3)",Joan Lingard,190.0,5.0,1973.0
1733888,De tatoeëerder van Auschwitz,Heather   Morris,320.0,3.5,2018.0
726200,Soulkiss (Soulmate #1),J.  Thompson,164.0,5.0,2015.0
2587064,"Valkyrie Burning (Hayden War Cycle,#3)",Evan Currie,249.0,5.0,2012.0
943769,Los bebés sorpresa del multimillonario,Ciara Cole,433.0,5.0,
158125,Ravensbrück: Life and Death in Hitler's Concentration Camp for Women,Sarah Helm,746.0,4.8,2015.0
264729,The Violins of Saint-Jacques,Patrick Leigh Fermor,139.0,3.5,1953.0
843664,"Claim Me (Capture Me, #3)",Anna Zaires,390.0,4.71428571428571,2015.0
543719,Three Dog Tales: Old Yeller / Sounder / Savage Sam,Fred Gipson,403.0,4.66666666666667,1995.0
2092830,The Male Nude,David Leddick,576.0,5.0,1998.0
2178449,¡No pienses más!: Cómo parar la rueda del hámster que hay en tu cabeza,Serge Marquis,160.0,5.0,2011.0
2282782,Hoş Geldin Hüzün,Françoise Sagan,120.0,2.5,1954.0
797505,Mother of Learning,Domagoj Kurmaić,2882.0,5.0,2011.0
2415909,"The Thunder Warrior: The de Shera Brotherhood (Lords of Thunder: The de Shera Brotherhood, #2)",Kathryn Le Veque,311.0,4.57142857142857,2015.0
1412674,"The Consigliere (The Revelation Duet, #1; The Valentini Family, #3)",Serena Akeroyd,427.0,4.64285714285714,2022.0
1689102,"Cracking the SAT French Subject Test, 2013-2014 Edition (College Test Preparation)",The Princeton Review,256.0,4.0,1996.0
1463424,The Loves of Theodore Roosevelt: The Women Who Created a President,Edward F. O'Keefe,464.0,4.25,2024.0
2574606,"Eternal Ever After (Ever After, #1)",A.C. James,269.0,3.33333333333333,2013.0
43844,What That Mouth Do?,Eros,0.0,4.0,
1015770,Film as Art,Rudolf Arnheim,238.0,4.0,1932.0
1654675,Barca Velha: histórias de um vinho,Ana Sofia Fonseca,193.0,5.0,2004.0
1522792,Grabenwelt (German Edition),Dirk van den Boom,336.0,3.0,
79156,"Money, Power, Sex (Family Code Series)",Rod Platinum,22.0,5.0,2012.0
2328841,"The Everything Pug Book: A Complete Guide To Raising, Training, And Caring For Your Pug (Everything® Series)",Kim Campbell Thornton,304.0,5.0,2005.0
809780,"The Castle on Sunset: Life, Death, Love, Art, and Scandal at Hollywood's Chateau Marmont",Shawn Levy,384.0,3.82142857142857,2019.0
658553,Graham,Logan Chance,98.0,4.5,2018.0
9798,Book of Mormon Reader,The Church of Jesus Christ of Latter-day Saints,110.0,4.71428571428571,1978.0
878222,"At the Dark End of the Street: Black Women, Rape, and Resistance--A New History of the Civil Rights Movement from Rosa Parks to the Rise of Black Power",Danielle L. McGuire,392.0,4.75,2010.0
2095938,The Gifts of Reading,Jennie Orchard,352.0,3.57142857142857,2020.0
2216184,A Rookie's Guide to Financial Freedom,Atharv Joshi,51.0,5.0,
1275770,The Terraformers,Annalee Newitz,352.0,3.91891891891892,2023.0
2258158,"The Best of Pugad Baboy (Pugad Baboy, #2)",Pol Medina Jr.,78.0,4.625,1991.0
2244211,Biker's Librarian (Lords of Mayhem #1),Shyla Colt,177.0,4.2,2015.0
1461667,"Im Bann Der Karten (Magic Circle, #4)",Isobel Bird,253.0,3.0,2001.0
415299,Veklocks (Pyreans #4),S.H. Jucha,428.0,4.64285714285714,2019.0
1553244,Teaching a Stone to Talk: Expeditions and Encounters (Canons Book 57),Annie Dillard,209.0,5.0,1982.0
699357,"Tea for Two, Vol. 4",Yaya Sakuragi,194.0,3.66666666666667,2006.0
1980741,"I Love You, Baby (Snuggletime Touchy-Feely Board Books)",Fiona Watt,10.0,5.0,2008.0
111715,الأدب المفرد,محمد بن إسماعيل البخاري,804.0,5.0,1990.0
1400700,Kapitein Zeiksnor & de Twee Culturen,Ramsey Nasr,125.0,5.0,2001.0
2517009,Danebury Hillfort,Barry Cunliffe,176.0,4.0,2003.0
2397869,In a Glass Darkly,J. Sheridan Le Fanu,384.0,4.25,1872.0
2502303,The Fixes,Owen  Matthews,528.0,3.42857142857143,2016.0
1338949,The Falconer - Sneak Preview (The Falconer Trilogy #1),Elizabeth        May,,3.66666666666667,2013.0
1971559,"Magic & Mercy (Starry Hollow Witches, #5)",Annabel Chase,212.0,4.38461538461539,2018.0
704949,Как здорово с ребенком от 1 до 3 лет: генератор полезных советов,Лариса Суркова,224.0,4.0,2015.0
1910460,In His Woods: A First Time Shifter Tale,Anna Voo,41.0,5.0,2015.0
524514,The Hard Way Out,Sandra Fletcher,160.0,4.44444444444444,
1930580,Street Art Uncut (NEW ART SERIES),Lunn,144.0,4.0,2006.0
2392054,Almodovar Teoremi,Antoni Casas Ros,112.0,4.0,2007.0
2605047,"The Hunt for Red October (Jack Ryan, #3)",Tom Clancy,480.0,3.5,1984.0
965490,"Rikki (Hart University, #1)",Abigail Strom,212.0,3.42857142857143,2015.0
141281,The Tanners,Robert Walser,350.0,4.0,1907.0
2438984,Wicca: What's the Real Deal?: Breaking Through the Misconceptions,Dayna Winters,173.0,4.0,2011.0
2179833,An Unexpected Bride for the Betrayed Duke,Emma Linfield,351.0,4.6,2020.0
2365219,Lost Scriptures: Books that Did Not Make It into the New Testament,Bart D. Ehrman,352.0,4.36363636363636,2003.0
495306,Take It To The Limit (Once Upon A Set Of Wheels #2),L.M. Steel,,5.0,2012.0
325269,Rumpole and the Penge Bungalow Murders,John Mortimer,215.0,4.5,2004.0
1009005,"Lou. pour les intimes (La vie compliquée de Léa Olivier, #0.4)",Catherine Girard-Audet,257.0,4.5,2016.0
114879,Chagall und die Bühne,Beate Reifenscheid,223.0,5.0,1996.0
1721628,Błękitne niebo i czarne oliwki,John Humphrys,320.0,4.0,2009.0
2405209,Zeke: A Christian Romantic Suspense (Oath of Honor Book 7),Laura     Scott,227.0,5.0,
523489,"March Story, Vol. 4 (March Story #4)",Kim Hyung-Min,192.0,4.6,2012.0
392089,"Londres (Peter Pan, #1)",Régis Loisel,54.0,4.22727272727273,1990.0
1657774,A Christmas Celebration,Heidi Swain,480.0,3.76470588235294,2022.0
53915,Daily Bread: January–March 2021,Tricia  Williams,217.0,3.0,2020.0
610653,Training Guide: Programming in HTML5 with JavaScript and CSS3 (Microsoft Press Training Guide),Glenn Johnson,682.0,3.0,2013.0
1522080,Lovely Mari-Chan 2,Kimiko Uehara,,4.5,2008.0
1995823,How High We Go in the Dark,Sequoia Nagamatsu,304.0,4.0,2022.0
219271,Nickel Boys,Colson Whitehead,264.0,4.5,2019.0
643127,Unseduced and Unshaken: The Place of Dignity in a Woman's Choices,Rosalie De Rosset,240.0,5.0,2012.0
1517376,"The 8th Confession (A Women's Murder Club Thriller, 8)",James Patterson,384.0,4.0,2009.0
1640790,Julia en de Haai,Kiran Millwood Hargrave,224.0,4.25,2021.0
2380749,Overgrown with Love,Scott Ely,168.0,4.0,1993.0
1774989,Tuletunnistaja,Lars Kepler,470.0,4.33333333333333,2011.0
2533576,Вдале полювання. Історія головного шпигуна Америки,Jack Devine,320.0,5.0,2013.0
839657,"Diuna (Kroniki Diuny, #1)",Frank Herbert,672.0,3.5,1965.0
292231,Rebound with the Cowboy: Western Romance Novel,Jennie Hammond,148.0,3.0,
703103,"A Long Time Coming (Cane Brothers, #3)",Meghan Quinn,450.0,4.32900432900433,2023.0
629424,Fully Loaded Thrillers: The Complete and Collected Stories of Blake Crouch,Blake Crouch,230.0,4.0,2011.0
38602,I Am Not Ashamed,Barbara Payton,233.0,3.5,1962.0
427918,Sacred Waters: A Pilgrimage up the Ganges River to the Source of Hindu Culture,Stephen Alter,384.0,4.5,2001.0
701800,"Why We Love Dogs, Eat Pigs, and Wear Cows",Melanie Joy,224.0,3.97674418604651,2009.0
2131388,Use Your Planets Wisely: Master Your Ultimate Cosmic Potential with Psychological Astrology,Jennifer Freed,304.0,5.0,
1070719,مطر فى الليل,Hans Christian Branner,,4.5,
476176,"Forever (The Wolves of Mercy Falls, #3)",Maggie Stiefvater,392.0,4.0,2011.0
1208967,"Nessa's Two Shifters (Wolf's Pass Shifters, #1)",Marla Monroe,161.0,4.66666666666667,2013.0
757541,Buck: A Memoir,M.K. Asante,272.0,4.23404255319149,2013.0
693830,Walking Toward Freedom (The Bregdan Chronicles #19),Ginny Dye,524.0,4.72368421052632,
1759015,Fourth Victim (Writers Retreat Mystery #4),Kathi Daley,172.0,4.33333333333333,2017.0
341682,"The Boys Omnibus, Vol. 1",Darick Robertson Garth Ennis,508.0,4.4,2006.0
742895,"Stage Fright (Nancy Drew: Girl Detective and the Hardy Boys: Undercover Brothers Super Mystery, #6)",Carolyn Keene,164.0,5.0,
2271191,Great Business Teams: Cracking the Code for Standout Performance,Howard M. Guttman,256.0,5.0,2008.0
818750,"Sanctuary (After It Happened, #5)",Devon C. Ford,252.0,4.41666666666667,2016.0
121665,"Wings of Fire (Inspector Ian Rutledge, #2)",Charles Todd,,4.0,1998.0
2175845,Max Abaddon and The Dark Carnival: A Max Abaddon Urban Fantasy Novel,Justin Leslie,335.0,5.0,
2530675,The PIC Microcontroller: Your Personal Introductory Course,John   Morton,238.0,3.0,1998.0
2376944,Russian Grammar QuickStudy Laminated Reference Guide (QuickStudy Academic),Mark Kiken,6.0,2.5,2002.0
1003518,Writing Short Films: Structure and Content for Screenwriters,Linda J. Cowgill,272.0,3.66666666666667,1997.0
1313522,První kniha krve (Kniha krve #1),Clive Barker,214.0,4.0,1984.0
1550706,Ever,Gabby Tye,242.0,4.0,
1551125,Lizzie Flying Solo,Nanci Turner Steveson,336.0,5.0,2019.0
2008543,Corrupting April,Arnica Butler,0.0,4.0,
1026190,Negocios inmortales (Spanish Edition),David Gomez,356.0,4.0,
1401812,All Together Now: How a Group of Football Fans Righted a Wrong and Brought Their Football Club Home,Erik Samuelson,416.0,4.0,
723684,Weird Things Customers Say in Bookshops,Jen Campbell,119.0,3.89592760180995,2012.0
1678440,"Last Bets: A True Story of Gambling, Morality and the Law",Michaela McGuire,192.0,4.0,2014.0
1699168,"Double Whammy (Davis Way Crime Caper, #1)",Gretchen Archer,306.0,3.42857142857143,2013.0
2263097,Lost Houston,William Dylan Powell,144.0,5.0,2015.0
878744,Close to Home,Pamela Evans,414.0,3.0,2001.0
905381,Księżniczka Popiołu,Sebastian Laura,424.0,4.0,
1227008,Vild i varmen,L. Sherman,344.0,4.0,2023.0
2091520,The Best American Poetry 2014 (The Best American Poetry series),Terrance Hayes,240.0,4.5,2014.0
1549315,Oliver's Safari Adventure (The Travelers Series Book 1),Joni McCoy,33.0,5.0,
1347166,Improper Longings (Improper #2),Dawn Ryder,107.0,4.0,2006.0
2242209,Second Chance at Love (The Big Bad Braddock Brothers #3),Lydia Hall,229.0,4.0,
1345913,Sans ciel ni terre (French Edition),Hélène Dumas,348.0,5.0,
599052,"Patmos: Three Days, Two Men, One Extraordinary Conversation",C. Baxter Kruger,308.0,3.75,
1696747,Kuşlar Yasına Gider,Hasan Ali Toptaş,250.0,4.23076923076923,2016.0
618144,Kicks & Stones: An Addictive Cozy Mystery (Kate Albertson Mysteries Book 1),Karl Fields,344.0,5.0,
1637743,The Stomach that Chewed Hunger and other stories,Bama,152.0,4.0,
1673672,Raja Ravi Varma: Jivacharitra Novel,Ranjit Desai,372.0,4.0,1993.0
1111125,Should I Share My Toys?,Michael Gordon,24.0,5.0,
2020889,The Art of Being Dead,Stephen Clayton,,1.0,2008.0
2361245,Captain for Life: And Other Temporary Assignments,John Harkes,228.0,4.0,1999.0
2561262,"The Three Doors Trilogy, #1-3 (The Three Doors Trilogy, #1-3)",Emily Rodda,656.0,5.0,2013.0
2007569,"Unbroken: A World War II Story of Survival, Resilience, and Redemption (100 Page Summaries)",Nicole Rivett Howeson,105.0,4.0,2014.0
420529,The Pirate of Kindergarten,George Ella Lyon,40.0,4.15789473684211,2010.0
297811,"America's Hidden History: Untold Tales of the First Pilgrims, Fighting Women, and Forgotten Founders Who Shaped a Nation",Kenneth C. Davis,288.0,4.0,2008.0
2482383,"Undeniable (Unlikely Lovers, #3)",Cheryl Brooks,303.0,3.0,2013.0
907782,"Enemies of the Cross (Warrior, #3)",T.R. Graves,400.0,5.0,2012.0
702334,"S.W.O.R.D., Vol. 1",Al Ewing,152.0,3.625,2021.0
1522818,Plumbers (Community Helpers),Cari Meister,,4.0,2014.0
243674,"Pokemon Go: Diary of a Mega Pikachu (Pokemon Go Series, Book 4 of 10)",Tagashi Takashima,68.0,5.0,
940156,Even this Page is White,Vivek Shraya,117.0,2.33333333333333,2016.0
2317459,"Son of Ereubus (Guardians of Legend, #1)",J.S. Chancellor,292.0,4.33333333333333,2010.0
1379496,Redes cerebrales y plasticidad funcional,Jorge Sepulcre,,4.0,
2070345,Riso nero (Scrittori tradotti da scrittori),Sherwood Anderson,295.0,3.0,1925.0
1677699,"Hellboy, Vol. 3: The Chained Coffin and Others",Mike Mignola,117.0,5.0,1998.0
192657,Нестерпна легкість буття,Milan Kundera,320.0,4.0,1984.0
568915,Fiona's Fate (Black Lace),Fredrica Alleyn,256.0,5.0,1994.0
1860722,Introducción a la lingüística cognitiva,María Josep Cuenca,252.0,3.0,
888524,خفايا التوراة وأسرار شعب إسرائيل,Kamal Salibi,303.0,2.5,1988.0
1317616,Malaluna,José Ignacio Valenzuela,320.0,3.5,
1356497,"The Survivor From Block 19: A Gripping and Emotional World War II Historical Novel, Based on a Holocaust Survivor’s True Story",Arie Blumenfeld,,4.5,
993215,"Keeping His Promise (Year of the Billionaire, #3)",K.C. Falls,172.0,4.57142857142857,2013.0
1695094,Happenstance: Two Novels in One About a Marriage in Transition,Carol Shields,416.0,4.14285714285714,1980.0
1799353,The Random House handbook,Frederick C. Crews,630.0,3.0,1987.0
1921522,Skräckslottet (Spökhunden Buster #6),Tobias Söderlund,108.0,4.0,
1864096,One More Thing: Stories and Other Stories (Vintage Contemporaries),B.J. Novak,288.0,4.0,2014.0
2135356,Learn The Nikon D70 Camera For 5 Bucks!: The Book For People Who Hate Reading The Manual,Stephen  Gregory,58.0,3.0,2004.0
478885,"The Sweet Life (Girlfriend Fiction, #7)",Rebecca Lim,193.0,4.5,2008.0
1075382,Orpheus: The Song of Life,Ann Wroe,256.0,5.0,2011.0
81144,Play Your Best Golf Now: Discover VISION54's 8 Essential Playing Skills,Lynn Marriott,219.0,5.0,2011.0
1587489,"Animal Senses: How Animals See, Hear, Taste, Smell and Feel (Animal Behavior)",Pamela Hickman,40.0,3.0,1998.0
1827776,Nathan's Friends 3: The School Ghosts A ghostly children's book,Mark Gadsdon,128.0,5.0,
2267444,Pták Štěstí,Viktoriya Tokareva,229.0,4.0,2007.0
2128954,El cálculo de Dios,Robert J. Sawyer,431.0,4.0,2000.0
368136,The Enjoyment of Music,Kristine Forney,528.0,5.0,
823949,"Not Just an Echo (Piper Anderson Legacy Mystery, #3)",Danielle Stewart,188.0,4.0,2017.0
1736547,Bounce Back: Overcoming Setbacks to Succeed in Business and in Life,John Calipari,320.0,5.0,2009.0
800790,Dollars and Sense: How We Misthink Money and How to Spend Smarter,Dan Ariely,288.0,4.66666666666667,2017.0
2482872,The Intellectual Life of the British Working Classes,Jonathan Rose,544.0,5.0,2001.0
818255,Curation: The Power of Selection in a World of Excess,Michael Bhaskar,368.0,3.5,2016.0
886297,Divine Secrets of the Ya-Ya Sisterhood,Rebecca Wells,368.0,3.5,1996.0
1487209,История Люси Голт,William Trevor,368.0,4.0,2002.0
520700,Trail Revenge (The Westward Tide #2),Jack Tyree,178.0,5.0,2014.0
2354371,What The Heart Wants,Mallory Funk,216.0,3.0,
1355921,Vampire's Queen (Guardians #7),Valerie Twombly,192.0,5.0,
1667893,"Huge Steps (Huge, #6)",Stephanie Brother,137.0,3.8,
1885048,Misterios masculinos (Spanish Edition),Sergio Sinay,0.0,2.0,
2478612,"Ghost Ship (NUMA Files, #12)",Clive Cussler,384.0,4.77777777777778,2014.0
767816,في شباك العصافير (سلسلة أدب السجون #14),وليد الهودلي,143.0,3.0,
976411,Drømmen om nord,Tonje Blomseth,141.0,4.0,
2380910,"Wear, Repair, Repurpose: A Maker's Guide to Mending and Upcycling Clothes",Lily Fulop,160.0,4.5,
2318568,My Hero Academy 1,Kohei Horikoshi,196.0,5.0,2014.0
1733612,A Romance of Two Worlds,Marie Corelli,266.0,3.5,1886.0
2027033,A Cold Case Froze (Ice Witch Mysteries #2),J.L.     Collins,178.0,5.0,
860707,The Glass Harmonica: A Lexicon of the Fantastical,Barbara Ninde Byfield,160.0,3.0,1967.0
310069,ALDÉBARAN DIVISÉE: Space Opera & Aventure - MALLORY SAJEAN 2,Philippe Mercurio,375.0,4.0,
391586,The Duel and Other Stories (Dover Thrift Editions: Short Stories),Anton Chekhov,142.0,5.0,1891.0
2576457,Quantitative Trading Systems,Howard B. Bandy,366.0,3.0,2007.0
627034,Empress and Aniya,Candice Carty-Williams,144.0,3.27272727272727,2021.0
2309684,The Butter Thief,"""Pota Sonali""",8.0,5.0,
1333182,Shesh Lekha: The Last Poems of Rabindranath Tagore,Rabindranath Tagore,,5.0,
283732,"Das Imperium (Die Saga der Sieben Sonnen, #1)",Kevin J. Anderson,545.0,3.0,2002.0
283744,Pregnancy For Men: The whole nine months,Mark Woods,288.0,3.625,2010.0
862937,"Magical Wonderland (Chronicles of Blood, #2)",Crea Reitan,338.0,5.0,2020.0
845530,The Drop,Dennis Lehane,243.0,3.81818181818182,2014.0
1092265,Strictly Friends,Jo Cotterill,288.0,5.0,2010.0
2276134,Street Commerce: Creating Vibrant Urban Sidewalks,Andres Sevtsuk,296.0,5.0,
2147104,Vsiljivka,Madeleine Wickham,295.0,4.0,1998.0
405458,Pogled ispod obrva,Sarah Pinborough,286.0,4.0,2017.0
1713528,Switched-On Bach,Roshanak Kheshti,118.0,3.5,2019.0
2253483,Dark Fae Extinction 2,Quinn Blackbird,365.0,3.75,
1350280,The Eucharist: A Bible Study Guide for Catholics,Fr Mitch Pacwa S J,112.0,5.0,2013.0
799603,Les meubles anciens du Canada francais,Jean Palardy,409.0,5.0,1971.0
2422846,Uciekaj Króliku,John Updike,440.0,4.0,1960.0
1906000,Pleasure World,Cole Browning,178.0,5.0,2013.0
677996,Pinot Noir (A Louise Moscow Novel Book 2),Lorraine Evanoff,314.0,3.5,
1052078,Grand Canyon: Solving Earth's Grandest Puzzle,James Lawrence Powell,320.0,3.0,2005.0
1376315,"His Royal Secret (His Royal Secret, #1)",Lilah Pace,185.0,3.54545454545455,2016.0
2013165,Brandon (A LeFlore High Short Story Book 3),Sherman T. Cooley,51.0,3.0,
81500,Grumpy Cat,Britta Teckentrup,32.0,4.0,2008.0
374232,The Pull of the Moon,Elizabeth Berg,212.0,3.71428571428571,1996.0
1654379,Godzilla: Monster Island Summer Camp,Rosie Knight,112.0,2.0,
2154692,Money: The Unauthorised Biography,Felix Martin,338.0,4.0,2013.0
1220634,Minecraft: Guide to Exploration,Stephanie Milton,95.0,5.0,2017.0
991457,XII: Of Magic and Muses: Volume 1: Monsters,K. Kiomall-Evans,344.0,4.0,
1777144,"Blood and Ruin (Blood and Ruin, #1)",Rumer Hale,322.0,3.76811594202899,2021.0
1903013,"Nightwing, Vol. 6 Standing at the Edge",Tom    Taylor,192.0,3.0,2024.0
2060904,Roman Collar Crime: Violated: The Transgressions of a Small-Town Priest,Charles A Utter,0.0,4.0,
2194210,Biblia Sacra Vulgata,Jerome,2030.0,5.0,328.0
1564260,The New Rules of Menopause: A Mayo Clinic guide to perimenopause and beyond,Stephanie Faubion,400.0,4.0,
2454847,Impara a raggiungere i tuoi obiettivi con l'impegno e l'autodisciplina,Claudio Belotti,34.0,3.0,
1539463,Killerbyte (byte Series Book 1),Cat Connor,417.0,5.0,2009.0
499457,Belisarius: The Last Roman General,Ian Hughes,487.0,4.25,2009.0
1122259,Heroes of the Fallen (Heroes of the Fallen Saga),David J. West,385.0,5.0,2014.0
1048313,Secure in the Arms of a Thug (Dark Reign Dynasty Book 1),Tatum James,263.0,4.625,
2159462,"Well Kept Secrets (The Adventures of Xavier & Vic, #4)",Liza O'Connor,412.0,5.0,2015.0
2244886,Only Human,Mike Mehalek,207.0,5.0,2013.0
1347620,"MEMES: Ultimate Memes, Funny Memes & NSFW (MEME BOOK 5)",Memes,134.0,5.0,
2327306,"Was für ein Mensch ist mein Pferd?: Diva, Macho, Teufelsbraten: 15 starke Charaktere – und was sie uns lehren (German Edition)",Isabell Werth,226.0,4.0,
927644,Incoscienza artificiale: Come fanno le macchine a prevedere per noi (Italian Edition),Massimo Chiriatti,180.0,5.0,
952176,"BattleTech Legends: The Price of Glory: The Gray Death Legion Saga, Book 3",William H. Keith Jr.,280.0,3.0,1987.0
265998,"Grzech Śmiertelny (Saga o Ludziach Lodu, #5)",Margit Sandemo,233.0,4.0,1982.0
2265424,Den siste festen,Liane Moriarty,503.0,5.0,2006.0
801780,Alegria Hygge,Pia Edberg,139.0,5.0,
826880,How to FRANCHISE YOUR BUSINESS: The plain-speaking guide to franchising (Business Books),Clive Sawyer,291.0,2.0,2013.0
1814177,Y del cielo cayeron tres manzanas,Narine Abgaryan,248.0,3.82352941176471,2015.0
1290219,Lives of the Saints,Nino Ricci,238.0,3.5,1990.0
830765,"Der Monstrumologe und der Fluch des Wendigo (Der Monstrumologe, #2)",Rick Yancey,397.0,4.33333333333333,2010.0
1988078,Research Methods in Psychology,Rajiv Jhangiani,432.0,4.0,
268835,Circus of the Dead,Seth Blackburn,32.0,3.75,2011.0
2604942,AN IDIOT'S GUIDE TO A HAPPY MARRIAGE,tagteamme,583.0,4.0,
1137728,Synkkä metsä (Muistoja planeetta Maasta #2),Liu Cixin,693.0,4.41666666666667,2008.0
51464,Secrets in a Small Town,Nicole Stiling,240.0,4.0,
1545935,Pancho Bandito and the Amarillo Armadillo,Mike Sundy,38.0,3.5,2015.0
1270586,"Meridian (Fenestra, #1)",Amber Kizer,307.0,4.0,2009.0
1171570,Pabellón de reposo,Camilo José Cela,184.0,2.0,1943.0
1139148,Cavalier's Masque (Women of Chivalry),Pauline Bentley,210.0,3.0,1988.0
1287854,The Three Musketeers (Puffin Classics),Alexandre Dumas,544.0,4.0,1844.0
886273,"7Seeds, Buku 9",Yumi Tamura,191.0,5.0,2006.0
627379,1919,أحمد مراد,446.0,3.56896551724138,2014.0
1798170,Side Effects,Jennifer M. Barry,349.0,5.0,2011.0
2587348,الاسواق المالية و البورصات,عمر أ.حسين,,3.0,
2321545,An Untraditional Fairy Tale,Cori Zahara,,4.0,
2116645,"Diddy's Dubious Deeds: What You Never Knew About Sean Combs, His Soulmate Kim Porter, & The Words She Left Behind",Jamie Wilson S.,74.0,1.0,
2094080,Feeling Is The Secret,Neville Goddard,58.0,5.0,2004.0
991690,Worth the Risk (Watertown University #1),Clara Mott,254.0,4.66666666666667,
1820965,Leçons d'un siècle de vie (French Edition),Edgar Morin,143.0,3.0,
455171,"Amor ciego (Las Wharton, #1)",Jana Westwood,392.0,4.53333333333333,2022.0
2042586,An Incurable Romantic: The Musical Journey of Lalgudi Jayaraman,Lakshmi Devnath,465.0,3.0,2013.0
524166,So We Can Glow: Stories,Leesa Cross-Smith,208.0,4.0,2020.0
673059,Blue Girl: Nursing Beyond the Ward (Blue Girl Nursing Book 1),Emma Gracie,195.0,4.5,2020.0
767915,Het boek Job in vorm: een literaire vertaling met toelichtingen,Jan P. Fokkelman,274.0,4.0,2012.0
1662290,"Nuremburg Raid, The: 30-31 March 1944",Martin Middlebrook,384.0,5.0,1973.0
2488436,Now She Is Witch,Kirsty Logan,,2.0,2023.0
1297534,Menons. Dzīres,Plato,114.0,3.0,-386.0
1380755,One Game at a Time: Why Sports Matter,Matt Hern,176.0,4.0,2013.0
2269054,Scales,Pauline Creeden,92.0,3.0,2015.0
3096,"How to Manifest Anything: Unlock your superpower and live your best life: Featuring Contributions and stories by Brett King, Matt Murray, Amber Heard, and Steve Wozniak and Wesley Snipes.",Nitish Kannan,95.0,4.0,
495583,Страдающее Средневековье. Парадоксы христианской иконографии,Сергей Зотов,416.0,4.625,
185800,Cien sonetos de amor,Pablo Neruda,144.0,3.0,1959.0
1381032,Was She Mine...,Bajrang Sultania,319.0,4.5,
692180,Weekend Surrender (Surrender #1),Lori King,168.0,3.91666666666667,2013.0
2504089,"Lonely Hearts (Love Lessons, #3)",Heidi Cullinan,355.0,4.57142857142857,2015.0
1140975,How to Make a Mummy Talk,James M. Deem,192.0,4.0,1992.0
966278,Addiction,Brie Paisley,159.0,5.0,
117166,Homestuck Book Three,Andrew Hussie,262.0,4.83333333333333,2013.0
507322,The Gentleman on Pennyfield Street (Dory Sparks Mysteries #3),C.G. Oster,333.0,4.5,
2579746,"Lancelot and Guinevere (The Adventures of Merlin 2, #4)",Martin Day,178.0,4.0,2010.0
158573,Forces of Nature: The Women who Changed Science,Anna Reser,272.0,3.0,
1311613,"Killing Stalking. Season 1, vol. 3",Koogi,192.0,5.0,2018.0
2438956,Utena la fillette révolutionnaire: After the revolution,Chiho Saitō,192.0,3.0,2018.0
1083890,Afgeschreven,Angelique Haak,354.0,4.0,2023.0
425540,"Priestess of the White - Sang Pendeta Putih (Age of the Five, #1)",Trudi Canavan,936.0,2.5,2005.0
124337,All Roads Lead Home: A Friend or Two / Reflections of Yesterday,Debbie Macomber,442.0,5.0,2023.0
1666637,"Sex, Diet, and Debility in Jacksonian America: Sylvester Graham and Health Reform",Stephen Nissenbaum,198.0,5.0,1980.0
1617930,The Soloist,Nicholas Christopher,316.0,3.0,1986.0
1095042,Corps étranger,Didier van Cauwelaert,318.0,3.5,1998.0
381798,Devil's Conquistadors. A Behemoth Biography,Lukas Dunaj,490.0,5.0,2014.0
1552363,반드시 해피엔딩 [Bandeusi Happy Ending] (There Must Be Happy Endings),Peulada,819.0,4.33333333333333,2018.0
631137,"Ofrenda a la tormenta (Trilogía del Baztán, #3)",Dolores Redondo,544.0,4.33333333333333,2014.0
1571550,"Rosemary's Ghosts (Tess Schafer-Medium, #4)",Deborah J. Hughes,251.0,5.0,2013.0
2117349,Cut-Throat Celts,Terry Deary,144.0,5.0,1997.0
416239,God's Generals: The Revivalists (Volume 3),Roberts Liardon,496.0,3.66666666666667,2008.0
1344417,எமோஷனல் இன்டெலிஜென்ஸ் 2.0 / Emotional Intelligence 2.0 (Tamil Edition),Soma. Valliappan,264.0,4.0,
2004847,Canh Bạc Tình Yêu,Kim Bính,647.0,2.0,2015.0
2110873,The Italian Teacher: A Novel,Tom Rachman,368.0,5.0,2018.0
1481462,Burrunjor,John Rust,215.0,3.8,
1858084,A Matter of Rats: A Short Biography of Patna,Amitava Kumar,144.0,4.0,2013.0
1335469,"Time Lottery (Time Lottery, #1)",Nancy Moser,384.0,4.8,2002.0
1350706,Contemporary English Version Poverty & Justice Bible (American Edition),American Bible Society,1552.0,4.0,2009.0
801768,Poesia com Rapadura,Bráulio Bessa,152.0,4.0,
2195858,The Road Taken,Rona Jaffe,512.0,4.0,2000.0
1470854,"Mastering Private Equity: Transformation via Venture Capital, Minority Investments and Buyouts",Claudia Zeisberger,695.0,4.0,
283745,Turkish Food Vegan and Vegetarian Recipes,Senem Gumussoy,0.0,4.0,
1586217,Amazing Harry Potter Facts: Fact and Trivia Book for and Witches and Wizards,Jack Hart,42.0,4.25,
152084,Brown Bread Fred: The Autobiography of the Godfather of British Crime,Freddie Foreman,320.0,4.0,2007.0
1828652,Revenant: La storia vera di Hugh Glass e della sua vendetta,Michael Punke,304.0,3.0,2002.0
1810353,Side Wife,Chevone,97.0,4.0,2014.0
1455266,The Last Jew of Treblinka,Chil Rajchman,120.0,5.0,1997.0
249503,The Shortest History of War: From Hunter-Gatherers to Nuclear Superpowers―A Retelling for Our Times (The Shortest History Series),Gwynne Dyer,256.0,4.33333333333333,
171626,"I, Sniper (Bob Lee Swagger, #6)",Stephen Hunter,418.0,4.08108108108108,2009.0
61303,Veiled in Murder (Ryli Sinclair Mystery #5),Jenna St. James,158.0,5.0,
2201424,"The Fall of V (Navesink Bank Henchmen MC, #13)",Jessica Gadziala,193.0,4.83333333333333,2018.0
333921,Pahua and the Soul Stealer (Pahua Moua #1),Lori M. Lee,432.0,4.0,2021.0
2314752,Yazarlarevi Cinayeti,Oya Baydar,360.0,3.5,
249497,Le Survenant,Germaine Guèvremont,232.0,4.0,1945.0
1337691,English Conversation Practice,Grant Taylor,300.0,4.5,2001.0
1999947,Party of One: A Memoir in 21 Songs,Dave  Holmes,288.0,4.0,2016.0
878099,"Pamiętaj, że nie jesteś mężczyzną",Etaf Rum,320.0,3.71428571428571,2019.0
1992471,Fate／Zero（4）散りゆく者たち [Chiriyukumonotachi],Gen Urobuchi,232.0,4.0,2011.0
1869217,L'Archipel du rêve,Christopher Priest,416.0,3.0,1999.0
2148194,Queen of Shadows,Sarah J. Maas,672.0,4.75,2015.0
623052,"Vampire Knight, Vol. 1 (Vampire Knight, #1)",Matsuri Hino,192.0,4.05272727272727,2005.0
2457411,Dancing to the Precipice: Lucie de la Tour du Pin and the French Revolution,Caroline Moorehead,480.0,4.14285714285714,2009.0
2177437,Post mortem,Karine Giébel,54.0,4.5,2013.0
358248,"Hollow City (Miss Peregrine's Home for Peculiar Children, #2)",Ransom Riggs,,5.0,2014.0
210631,Maybe This Christmas?,Jill Steeples,254.0,4.48484848484848,2018.0
2193817,La littérature de jeunesse - 3e éd. (Hors Collection) (French Edition),Nathalie Prince,463.0,5.0,
1884977,"The Bear's Arranged Mate (Star Bears, #2)",Amy Star,260.0,4.0,2015.0
486849,The Three Little Javelinas (Reading Rainbow Book),Susan Lowell,32.0,4.375,1992.0
1634652,Stone Cold: The Camel Club Book 3,David Baldacci,412.0,4.33333333333333,2007.0
2343154,The Notebooks for A Raw Youth,Fyodor Dostoevsky,576.0,4.0,
82048,Miss Rambo: The True Story of Spree Killer Sylvia Seegrist,Pamela Song,28.0,1.0,
2363495,Mía en Navidad: Una Novela corta de Simon y Kara: La Obsesión del Multimillonario,J.S. Scott,87.0,4.0,2014.0
1644997,Mountain: Go On a Grand Tour of the Highest Places on Earth (Earth's Incredible Habitats),D.K. Publishing,160.0,5.0,
98808,The Broken Road (Thorndike Press Large Print Basic),Richard Paul Evans,373.0,5.0,2017.0
1033399,"Peace, War, and Politics: An Eyewitness Account",Jack     Anderson,432.0,3.0,1999.0
1645927,The Twilight Hour,Nicci Gerrard,274.0,4.0,2013.0
339585,"The Forge of God (Forge of God, #1)",Greg Bear,336.0,2.5,1987.0
932878,Задънена улица,Joy Fielding,320.0,4.0,2021.0
275936,La femme du photographe (French Edition),Nick Alexander,540.0,4.0,2014.0
2049304,"Létezz önmagadként, és megváltozik a világ (Hungarian) (Hungarian Edition)",Dain Heer,358.0,5.0,
2372366,Northanger Abbey,Jane Austen,224.0,3.0,1817.0
818280,Twilight of Empire: Memoirs of Clement Attlee,Clement Attlee,274.0,5.0,1978.0
1388842,3-Minute Devotions for the Workplace: 180 Inspiring Readings,Pamela L. McQuade,192.0,5.0,
1761930,Rainfall,Melissa Delport,263.0,4.5,2013.0
456640,The Master of the World,Jules Verne,208.0,3.0,1904.0
222909,Die Tote von Higher Barton,Rebecca Michéle,354.0,3.66666666666667,2011.0
1706411,Sorry Knot Sorry (Pack Alphas of Misty Pines Book 1),L.L. Frost,424.0,4.0,
366532,"Savage Surrender (The Devil's Dires, #1)",Ellis Leigh,214.0,3.8,2016.0
1145496,El caso Christie,Nina de Gramont,356.0,5.0,2022.0
2339546,"North Of Normal: A Memoir of My Wilderness Childhood, My Counterculture Family, and How I Survived Both",Cea Sunrise Person,312.0,5.0,2014.0
307092,A Raposa Azul,Sjón,112.0,4.0,2003.0
2206563,Brzoskwinie dla księdza proboszcza,Joanne Harris,,5.0,2012.0
2210887,"Le sang de la déchirure (L'Epée de vérité, #3)",Terry Goodkind,545.0,4.33333333333333,1996.0
74738,Run Baby Run: Life-Changing Testimony Of A New York Gang Leader,Nicky Cruz,352.0,3.0,1969.0
1767768,The Foundations of Social Research: Meaning and Perspective in the Research Process,Michael J. Crotty,256.0,3.0,1998.0
2336634,"What the Bears Know: How I Found Truth and Magic in America's Most Misunderstood Creatures―A Memoir by Animal Planet's ""The Bear Whisperer""",Steve Searles,272.0,4.5,2023.0
1905308,Making Designer Mixed-Media and Memory Jewelry,Tammy Powley,128.0,5.0,2007.0
1032227,Heartbroken Hero: Falling for a Cancer,Lauren Runow,235.0,4.0,
1025773,Publish on Amazon Kindle with Kindle Direct Publishing ,Kindle Direct Publishing,38.0,4.26666666666667,2010.0
1198612,Global Warming: The Complete Briefing,John Theodore Houghton,382.0,5.0,2009.0
20403,"Center Center: A Funny, Sexy, Sad Almost-Memoir of a Boy in Ballet",James Whiteside,256.0,2.91666666666667,2021.0
348914,Bee: A Peek-Through Picture Book,Britta Teckentrup,32.0,4.5,2017.0
1008306,VenCo,Cherie Dimaline,386.0,4.0,2023.0
745117,London,Edward Rutherfurd,1319.0,4.46153846153846,1997.0
1722880,A Rose in Time,Laura M. Baird,64.0,5.0,
641014,ACT on Life Not on Anger: The New Acceptance and Commitment Therapy Guide to Problem Anger,Georg H. Eifert,198.0,4.0,2006.0
1329556,To Save Sinners: A Critical Evaluation of the Multiple Intentions View of the Atonement,Michael Riccardi,402.0,5.0,
2086461,The Captive (Griffin Force #1),Julie Coulter Bellon,262.0,4.0,
302391,அவனி சுந்தரி [Avani Sundari],Sandilyan,158.0,4.0,1987.0
1859040,Max the Miracle Dog: The Heart-warming Tale of a Life-saving Friendship,Kerry Irving,246.0,4.53846153846154,2020.0
123457,"Protecting Sam (Sanctuary, #1)",Abbie Zanders,,4.33333333333333,2017.0
452968,Emanon Volume 4: Emanon Wanderer Part Three,Shinji Kajio,240.0,4.0,2018.0
1523454,العدد الثاني - Science Shop مجلة,Saad Lotfey,,4.0,
2448101,Cotoco: O diário (perversamente) engraçado de um garoto de 13 anos,John van de Ruit,392.0,5.0,2005.0
2163113,Conspiracy in Death,J.D. Robb,0.0,5.0,1999.0
2455049,"That's the Way I Think: Dyslexia, Dyspraxia and ADHD Explained",David Grant,176.0,5.0,2005.0
155869,"The Horror at Camp Jellyjam (Goosebumps, #33)",R.L. Stine,128.0,3.0,1995.0
2043268,The Diamond Approach: An Introduction to the Teachings of A. H. Almaas,John V. Davis,224.0,5.0,1999.0
508321,Reducing Earthquake Hazards: Lessons Learned from the 1985 Mexico Earthquake,V. Bertero,190.0,5.0,1989.0
195397,The Lady or the Tiger?: And Other Logic Puzzles (Oxford Paperbacks),Raymond M. Smullyan,235.0,4.0,1982.0
1881198,The Hidden Women,Kerry  Barrett,384.0,4.0,2019.0
432719,The Agent (The Transcended Chronicles Book 2),Brock E. Deskins,0.0,5.0,2015.0
1306872,Feel the Fear and Do it Anyway (Quick Reads 2017),Susan  Jeffers,101.0,3.72727272727273,1987.0
1448753,Fire and Fury (Ruins of the Earth #6),Christopher Hopper,439.0,4.69230769230769,2021.0
2446440,Love Rekindled (Corn Hollow #1),Katie Mettner,273.0,5.0,
1134278,A Step Past Darkness,Vera Kurian,448.0,4.2,2024.0
1837600,Drama Queen (Dork Diaries),Rachel Renée Russell,308.0,4.6,2015.0
759108,Abgetaucht,Susanne Fröhlich,262.0,3.0,2021.0
123526,Die Spur ins Schattenland,Jonathan Stroud,320.0,1.0,2001.0
909170,The Theta Prophecy,Chris Dietzel,265.0,3.0,2015.0
1258369,"Liturgy of the Hours : Ordinary Time, Weeks 1-17(Vol.3)",International Commission on English in the Liturgy,2016.0,5.0,
1358254,Sherlock Holmes and the Whitechapel Vampire,Dean P. Turnbloom,272.0,5.0,2012.0
1135270,In the Shadow of the Raven (Thomas Shepherd #7),Dan Padavona,336.0,4.33333333333333,2023.0
537153,Siuzanos dienoraštis Nikolui,James Patterson,252.0,4.0,2001.0
1538258,THE LION KING Book for Kids,ZIOUCH Red,45.0,1.0,
1314942,Défaire le discours sexiste dans les médias,Rose Lamy,304.0,4.33333333333333,
1970766,A Tap on the Window: An electrifying and unputdownable thriller from the international bestselling author,Linwood Barclay,504.0,4.4,2013.0
316163,"Everything Is Wrong with Me: A Memoir of an American Childhood Gone, Well, Wrong",Jason Mulgrew,214.0,3.42857142857143,2010.0
2268886,Nine-Tenths of the Law,L.A. Witt,232.0,4.0,2010.0
720675,Den underjordiska järnvägen,Colson Whitehead,319.0,3.3125,2016.0
410822,"Das geheime leben der Bäume: Was sie fühlen, wie sie kommunizieren – die Entdeckung einer verborgenen Welt",Peter Wohlleben,0.0,5.0,2015.0
1816135,Blind Dating,Kerry   Taylor,138.0,3.0,2013.0
388715,The Black Hawk War of 1832 (Campaigns And Commanders),Patrick J. Jung,275.0,3.0,2007.0
2581593,"The Chase (Sarah Roberts, #19)",Jonas Saul,567.0,5.0,
1512601,Shattered Wings (Feathers and Thorne #3),Ivy Black,337.0,4.0,
211353,"The Descent of Man, and Selection in Relation to Sex (Annotated)",Charles Darwin,510.0,4.0,1871.0
1955058,The Taking of Persephone Series: Hades,Ambrosia R Harris,483.0,5.0,
1085403,Dark Torment,Cassie Hargrove,,3.6,2022.0
1588819,The Gay Spectrum Project: A Collaboration Novel,Various,230.0,4.0,2013.0
584366,"Regrowth: Seven Tales of Jewish Life Before, During, and After Nazi Occupation (Northwestern World Classics)",Der Nister,308.0,5.0,2011.0
1798933,A Russian Doll  and Other Stories,Adolfo Bioy Casares,131.0,3.8,1991.0
137930,Horse Stories (Everyman's Library Pocket Classics Series),Diana Secker Tesdell,368.0,3.66666666666667,2012.0
1387295,"Ascendance of a Bookworm (Light Novel), Part 2 Volume 2",Miya Kazuki,325.0,4.7741935483871,2015.0
2135361,The Secret of the Brownie Lady,Denisa Hanania,,5.0,
647252,Deja Vu,Sosie Frost,368.0,4.75,2016.0
510163,Angel (Made Men #5),Sarah Brianne,237.0,4.33333333333333,2018.0
497674,Adrift,Swati M.H.,420.0,4.1875,
1443409,"Defiance of the Fall 2 (Defiance of the Fall, #2)",TheFirstDefier,638.0,4.5364238410596,2021.0
1054548,"Medal of Honor: Jack Montgomery, World War II, Gallantry at Anzio",Michael P. Spradlin,0.0,4.0,2019.0
1475490,Infinity,Hannah Moscovitch,96.0,5.0,2017.0
701956,Wine,Hugh Johnson,416.0,5.0,
103816,Lie Still,Julia Heaberlin,384.0,3.38095238095238,2013.0
939438,The Reluctant Bride: One Woman's Journey (Kicking and Screaming) Down the Aisle,Lucy Mangan,385.0,3.0,2010.0
1327318,No Fingerprints: The Mysterious Destruction of Iran's Nuclear Capacity,Mark S. Garbin,304.0,5.0,2013.0
1019683,Hidden Truths,Tess Gerritsen,450.0,3.8,2021.0
2363699,"The Harder You Fall (Rixon Raiders, #3)",L.A. Cotton,247.0,4.0,2020.0
2193783,시맨틱 에러 (Semantic Error [Webtoon]),NOT A BOOK,,4.0,
1075798,"Read 4 Today, Grade 5",Frank Schaffer Publications,112.0,1.0,2005.0
311365,The Prestige,Christopher Priest,,5.0,1995.0
2259198,The Jungle,Upton Sinclair,200.0,3.0,1906.0
220518,Hunting Spirits,Ophelia Julien,29.0,5.0,2009.0
133722,"Мъртви води (Дейвид Хънтър, #5)",Simon Beckett,416.0,4.14285714285714,2016.0
109441,His Highland Temptation,Maddie MacKenna,422.0,4.28571428571429,
548655,New Successful Large Account Management,Robert B. Miller,192.0,5.0,1899.0
2307593,German Alphabet Flash Cards (Amazing Flash Cards Book 8),Hooelz,63.0,1.0,2013.0
246897,The Bookseller,Cynthia Swanson,352.0,3.33333333333333,2015.0
321425,The Executioner's Daughter,Laura E. Williams,144.0,2.0,2000.0
2602859,Adachi and Shimamura (Light Novel) Vol. 9,Hitoma Iruma,120.0,5.0,2020.0
488406,Murder in Reproach,Anne Cleeland,220.0,4.0,
2463292,العباسة أخت الرشيد,جرجي زيدان,310.0,3.6,1906.0
1562026,Psychopathology: A Competency-Based Assessment Model for Social Workers,Susan W. Gray,448.0,3.0,2000.0
1313833,Encounter ADVENT: A 25-Day Interactive Guide to Celebrate the Christmas Arrival of Jesus,Candace Payne,208.0,5.0,
2206447,Summary of Carmilla (Smart Summaries) Based on the Book by Joseph Sheridan le Fanu: Detailed Summary read 15 minutes,David Newman,46.0,1.0,
2016452,فانيليا,الطاهر شرقاوي,81.0,4.0,2008.0
1777842,Warspite: Warships of the Royal Navy,Iain Ballantyne,404.0,3.33333333333333,2001.0
816121,"Bloodhound (Beka Cooper, #2)",Tamora Pierce,562.0,4.0,2009.0
1273258,"Radiant Red, Vol. 1: Crime and Punishment",Cherish Chen,160.0,3.75,
2341764,Poems for the People,Carl Sandburg,192.0,4.0,1999.0
906495,The Tainted Communion,Sinchita Ganguly,325.0,3.0,
1676225,Blockade Billy,Stephen        King,132.0,3.5,2010.0
111982,The Wondrous Power of a Mother,Gordon B. Hinckley,16.0,5.0,1989.0
1449877,Trust the Process: An Artist's Guide to Letting Go,Shaun McNiff,210.0,3.82352941176471,1998.0
1289330,Parliament of Rooks: Haunting Brontë Country (Yorkshire Ghost Stories),Karen Perkins,322.0,3.5,
684647,قواعد الحب,Richard Templar,229.0,4.0,2008.0
900566,Black Butler IX,Yana Toboso,178.0,4.54166666666667,2010.0
247409,The Culture Clash: A Revolutionary New Way to Understanding the Relationship Between Humans and Domestic Dogs,Jean Donaldson,222.0,4.57894736842105,1997.0
989487,Pre-Slavery Christianity: It Was Never The White Man’s Religion,Dante Fortson,22.0,4.0,
804774,Fugitive Atlas: Poems,Khaled Mattawa,112.0,3.66666666666667,2020.0
2019652,O princípio 80/20: Os segredos para conseguir mais com menos nos negócios e na vida (Portuguese Edition),Richard Koch,356.0,3.0,1997.0
1063725,"Dead Man's Mirror (Hercule Poirot, #16)",Agatha Christie,233.0,4.0,1937.0
2131700,Alicia en el país de las maravillas (Spanish Edition),Lewis Carroll,107.0,4.0,1865.0
382139,Letter to the world from a naive mind,Potterhead Aanya,6.0,5.0,
1090164,Redshift (Singularity #1),R.M. Olson,414.0,4.5,2021.0
49531,The Samuel Branch Omnibus,Eric Dontigney,765.0,5.0,
1957625,世界重启：大灾变后，如何快速再造人类文明,Lewis Dartnell,288.0,4.0,2014.0
635517,"A Very Grumpy New Year (Wolf Valley: A Very Grumpy Holiday, #5)",Shaw Hart,71.0,5.0,
253211,Poklad ve stříbrném jezeře,Karl May,,5.0,1891.0
1835350,While The Cat's Away,David Robert Bastable,238.0,5.0,
307330,"Fully Booked (The Once in a Blue Moon Guesthouse, #2)",Cressida McLaughlin,94.0,4.5,
562227,Mga gunita ng himagsikan,Emilio Aguinaldo,340.0,5.0,
310814,"Karma (Happiness in Your Life, #1)",Doe Zantamata,120.0,3.0,2012.0
1914358,Whispers of the Walker (The Gateway Trackers #1),E.E. Holmes,335.0,4.59677419354839,
547350,"Os Cem Mil Reinos (Trilogia Legado, #1)",N.K. Jemisin,378.0,3.5,2010.0
2146324,NOT A BOOK,Ransom Riggs,24.0,5.0,
947711,Teacup in a Storm,Lucy M. George,24.0,3.0,2009.0
867109,"The Betel Nut Tree Mystery (Crown Colony, #2)",Ovidia Yu,266.0,3.58333333333333,2018.0
1468963,Moonstone,Laura  Purcell,400.0,3.5625,2024.0
993008,De naakte waarheid: Body bullshit ont(k)leed,Jozefien Daelemans,239.0,5.0,2019.0
1588327,"Night Falls (Night Falls, #1)",Joseph Eastwood,,5.0,2013.0
1987066,La Petite Mort,Olivie Blake,216.0,5.0,2019.0
1231739,Unraveled (Too Old To Die Book 8),John Walker,270.0,3.625,
1560034,Kærókeppnin,Embla Bachmann,189.0,2.0,
2011018,ฮัสกี้หน้าโง่กับอาจารย์เหมียวขาวของเขา เล่ม 5,Rou Bao Bu Chi Rou,367.0,4.66666666666667,
938378,Slave to Orc,Carrie Hines,21.0,5.0,
2517369,Haunting the CEO,John D.  Hughes,196.0,1.0,2010.0
2246587,What If You Had Animal Ears (What If You Had... ),Sandra Markle,32.0,4.0,2016.0
2342678,Queen Mother: The Selected Letters of Queen Elizabeth the Queen Mother: Part 4 (Counting One's Blessings),William Shawcross,261.0,3.0,2009.0
1553669,Nattens magi,Maria Von Rummelhoff,456.0,1.0,2022.0
2280640,Crimson Dawn,Tanya Hartgers,414.0,3.5,
996988,Le mythe d'Hiram et l'initiation de Maître Maçon: L'histoire de la reine du matin et de Soliman prince des génies,Gérard de Nerval,143.0,5.0,1996.0
1130932,The Life and Times of the Thunderbolt Kid: A Memoir,Bill Bryson,268.0,4.0,2006.0
2281835,Nayra and the Djinn,Iasmin Omar Ata,256.0,3.0,2023.0
2147696,This Adventure Ends,Emma   Mills,288.0,4.0,2016.0
2367243,"Big Red (Big Red, #1)",Jim Kjelgaard,224.0,4.06834532374101,1945.0
1582182,ایستاده استوار در ۲۴ سالگی,Yixing Zhang,167.0,4.33333333333333,2015.0
1271717,Una dama inesperada (Herederos del Diablo nº 5) (Spanish Edition),Hilda Rojas Correa,328.0,5.0,
1526349,Wir sitzen im Dickicht und weinen,Felicitas Prokopetz,209.0,4.0,
1320893,عازفة الكمان,أسامة غريب,262.0,2.66666666666667,2018.0
109317,"Climbing the Broken Stairs, a memoir",Frieda Annette Adkins,364.0,3.92307692307692,2008.0
724104,The King (King's Security #1),A. Rivers,250.0,4.26923076923077,2022.0
2092509,The Arrangement,Sarah Dunn,368.0,4.5,2017.0
2509931,Elegi Anjing,Aminati,91.0,2.5,2012.0
947221,Battle of Leyte Gulf: 23-26 October 1944 (Bluejacket Books),Thomas J. Cutler,343.0,4.4,1994.0
1980419,Millennial Dreams and Apocalyptic Nightmares: The Cold War Origins of Political Evangelicalism,Angela M. Lahr,281.0,5.0,2007.0
1612093,Poetry Unbound,Pádraig Ó. Tuama,367.0,5.0,2022.0
1337262,رسالة يوسف‎,ابراهيم محمد,173.0,4.0,
1844606,"Der Teufel von Eguisheim (Kreydenweiss & Bato ermitteln, #2)",Jules Vitrac,368.0,4.0,2018.0
1869781,"Primeros Casos De Poirot (Hercule Poirot, #43)",Agatha Christie,248.0,3.0,1974.0
632046,Teacher Man / Angela's Ashes / 'Tis,Frank McCourt,0.0,5.0,2005.0
1388926,Free Air,Sinclair Lewis,250.0,3.75,1919.0
1175651,Das Muskelalphabet,Peter Verhelst,191.0,2.0,1995.0
2108873,Christmas in Barefoot Key: a Barefoot Key novella,Amie Denman,90.0,4.0,
1594878,Blind Love,Ashley Farley,240.0,4.18181818181818,
1854448,A.J. Smith,C.J. Petit,349.0,4.47826086956522,
2208759,Ruth (Women of the Covenant),H.B. Moore,232.0,5.0,2017.0
1752941,Prieres Techniques Pour Disgracier Les Goliaths Locaux (French Edition),D.K. Olukoya,62.0,4.0,2005.0
858873,Allt som var mitt,Cissi Wallin,298.0,3.875,
1854460,The Old Ticket Office Darling Island: Gorgeous escapist contemporary romance.,Polly  Babbington,320.0,4.5,
786523,Nimona,N.D. Stevenson,272.0,3.5,2015.0
1565656,Remaindered Life,Neferti Xina M. Tadiar,456.0,4.0,
1211296,"The Search for Magic (Dragonlance: Tales from the War of Souls, #1)",Margaret Weis,340.0,5.0,2001.0
649097,Mutluluk,Zülfü Livaneli,392.0,3.6,2002.0
1914493,Five Sons and a 100 Muri of Rice: The story of a five year old bride in rural Nepal,Sharyn Steel,286.0,4.76,2014.0
1853620,Another Now: Dispatches from an Alternative Present,Yanis Varoufakis,235.0,3.84615384615385,2020.0
2006366,Miriam's Early Years (Miriam's Life Book 1),Molly Cutpurse,311.0,3.0,2013.0
1752692,Genestealer Cults,Peter Fehervari,256.0,4.0,
112845,How To Garden When You're New To Gardening: The Basics For Absolute Beginners,Royal Horticultural Society,0.0,4.5,
952628,Text and Time: The Providential Preservation of Holy Scripture,Edward F Hills,406.0,3.0,
1693536,See Me With Love,Malay Reneé,163.0,5.0,
1043131,Mera Mehram | Urdu Edittion: A Novel written by Umme Hania,Umme Hania,411.0,5.0,
329637,American Maharajah,Mark Stephen Levy,216.0,5.0,
289947,"A Smoking Bun: A Bakeshop Mystery (A Bakeshop Mystery, 18)",Ellie Alexander,320.0,5.0,2024.0
2089985,"Quiet Country (Satan's Sinners MC, #2)",Colbie Kay,210.0,4.5,2015.0
1023048,"Simple Gifts (Cornwall Novellas, #2)",L.B. Gregg,47.0,5.0,2011.0
1241645,Little White Duck: A Childhood in China,Na Liu,108.0,2.5,2012.0
10589,Imprisonment,Rikako Akiyoshi,276.0,4.0,2021.0
2124500,O Céu e o Inferno,Allan Kardec,429.0,4.66666666666667,1865.0
2291440,The Omega Command (The Blaine McCracken Novels),Jon Land,425.0,4.0,1986.0
834826,Billy,Whitley Strieber,312.0,4.33333333333333,
1739143,Nomar: Fenway's Favorite,Boston Herald,128.0,3.0,2002.0
1232613,The Idiot,Fyodor Dostoevsky,672.0,4.33333333333333,1869.0
2276044,Shade: Planting Solutions for Shady Gardens,Keith Wiley,176.0,4.0,2006.0
2060977,To Die in California,Newton Thornburg,334.0,4.0,1973.0
1464180,Eye For An Eye,M.J. Arlidge,484.0,3.86666666666667,2023.0
1424792,Season to Kill (A Mystery for D.I. Costello #4),Elizabeth  Flynn,288.0,3.0,
666746,Ibunda Para Ulama,Sufyan bin Fuad Baswedan,,4.0,2008.0
1787995,Frozen Tears: The World Is Flesh,John Russell,800.0,5.0,2003.0
462016,Jen's First Time Used by the Doctor: A Taboo Alpha Male Medical Exam,Laetitia Lyke,25.0,3.0,2015.0
2496075,Parar la pelota,Rodolfo D'Onofrio,82.0,3.0,
1022670,La Tempête,William Shakespeare,104.0,2.0,1611.0
203143,Hinterher ist man immer tot (Daniel McEvoy #2),Eoin Colfer,352.0,4.0,2013.0
173533,Another Side of Paradise,Sally Koslow,352.0,3.5,2018.0
335466,Management-intensive Grazing: The Grassroots of Grass Farming,Jim Gerrish,320.0,4.5,2004.0
2008748,"Silent Water (A Jagiellon Mystery, #1)",P.K.  Adams,276.0,4.0,2019.0
1054148,მძიმეა დღის ბოლო,Lucas Rijneveld,304.0,3.0,2018.0
74568,Claws and Feathers,Jennifer Hartmann,221.0,3.66666666666667,
334073,Trop vite (French Edition),Nabilla BENATTIA,274.0,2.0,
1446592,Stolen,Elizabeth Keimach,208.0,3.0,
675965,Kid Artists: True Tales of Childhood from Creative Legends (Kid Legends),David Stabler,208.0,4.66666666666667,2016.0
1707330,"Dune: Red Plague (Schools of Dune, #2.5)",Brian Herbert,22.0,3.08333333333333,2016.0
239859,"Wrath (Soul Savers, #5)",Kristie Cook,0.0,4.27272727272727,2013.0
2578783,Inquiry Into the Origin and Course of Political Parties in the United States.,Martin Van Buren,162.0,3.0,2012.0
1089323,Alle Hunde sterben,Cemile Sahin,237.0,4.33333333333333,
23511,"Loch Garman (The Norsemen Saga, #7)",James L. Nelson,357.0,4.64285714285714,2017.0
1660471,"Ai Yori Aoshi, Vol. 13",Kou Fumizuki,208.0,4.66666666666667,2004.0
1133694,A Foxy Little Christmas (MC Daddies),Laylah Roberts,132.0,4.6,
2583525,Ihmeotukset ja niiden olinpaikat,Newt Scamander,64.0,4.0,2001.0
263615,"BORUTO―ボルト― 9 ―NARUTO NEXT GENERATIONS― (Boruto: Naruto Next Generations, #9)",Masashi Kishimoto,176.0,4.2,2019.0
368185,Rudolf Steiner. Stichter van een nieuwe cultuur.,Hans Stolp,160.0,4.0,
836754,The Power of Your Subconscious Mind,Joseph Murphy,272.0,2.0,1963.0
1788232,A Violent Heart (DI Grace Archer),David Fennell,346.0,4.66666666666667,
1806517,Ponniyin Selvan (2 vol Set Pack )- Tamil,Kalki,0.0,5.0,1954.0
1957098,313,Amr Algendy,383.0,2.0,2013.0
575172,Within the Darkness,L.  Rose,392.0,4.57142857142857,
1409596,Jane Eyre,Charlotte Brontë,623.0,4.0,1847.0
1161595,Crimson,Niviaq Korneliussen,208.0,3.5,2014.0
2430100,Fuoco al cielo,Viola Di Grado,233.0,4.0,
1842121,Globalizing Capital: A History of the International Monetary System,Barry Eichengreen,240.0,3.0,1996.0
632632,Unreliable Sources,John Simpson,356.0,3.0,2010.0
1084619,Co-creating at Its Best,Wayne W. Dyer,192.0,4.6,2014.0
1101011,Concrete Island,J.G. Ballard,176.0,4.0,1974.0
2348840,Dans la gorge du dragon,Eliot Pattison,0.0,4.0,1999.0
1405293,Die Schuld jenes Sommers,Katherine Webb,465.0,5.0,2019.0
473644,Dannato tacco dodici! (Italian Edition),Alice Lovallo,175.0,5.0,
1649515,De bende van Nijvel,Guy Bouten,552.0,4.0,2008.0
1488826,Kitab At-Tawhid – The Book of Monotheism,محمد بن عبد الوهاب,229.0,4.75,1996.0
2522232,Writing & Rhetoric Book 1: Fable (Student Edition),Paul F. Kortepeter,176.0,5.0,2013.0
157022,Profil D'une Oeuvre: Zola: Au Bonheur Des Dames,P Litt 0077,,4.81818181818182,1984.0
185923,Knot My Fated Mate,Krystal Clark,82.0,3.0,
1066167,The Parallel Apartments,Bill Cotter,500.0,3.5,2014.0
970751,Najsłynniejsze opowiadania,Hermann Hesse,448.0,5.0,2001.0
2098896,Gift of the Magpie,Zoe M. McCarthy,171.0,5.0,
1442571,Uncovering Happiness: Overcoming Depression with Mindfulness and Self-Compassion,Elisha Goldstein,320.0,4.57142857142857,2015.0
1108340,Küçük Kara Balık,Samad Behrangi,56.0,4.25,1969.0
1684225,The Hitwoman and the Sitting Duck (Confessions of a Slightly Neurotic Hitwoman #39),J.B. Lynn,200.0,4.57142857142857,
1436009,Paris-Briançon,Philippe Besson,208.0,3.8,2022.0
1298848,Painting Boats & Harbours in Watercolour,Terry Harrison,128.0,3.0,2014.0
1985773,Venice & the East: The Impact of the Islamic World on Venetian Architecture 1100-1500,Deborah  Howard,300.0,5.0,2000.0
1885482,Candles for Elizabeth,Caitlín R. Kiernan,61.0,4.0,1998.0
2254610,"De Verdwenen Zeekrijgers (Stormwachter, #2)",Catherine Doyle,296.0,4.0,2019.0
2025063,Chicken Soup for the Teenage Soul 25th Anniversary Edition: An Update of the 1997 Classic,Amy Newmark,333.0,3.0,
412211,The General of Caracas,Lachlan Page,290.0,3.5,
885032,Philosophy of Antifascism: Punching Nazis and Fighting White Supremacy (Living Existentialism),Devin Zane Shaw,206.0,5.0,
1835214,Seventeenth century North America,Carl O. Sauer,295.0,3.0,1977.0
1558592,"Digital Marketing Cho Nha Quan Ly, Profit-Driven Digital Marketing",Quan Vo,251.0,5.0,
2421364,All Unquiet Things,Anna Jarzab,337.0,4.1,2009.0
2543382,Changing Winds (Katelyn Landers Series #2),Veronica Mixon,366.0,4.0,
2126193,High-Rise,J.G. Ballard,173.0,5.0,1975.0
73284,"Anita (Cobayes, #1)",Marilou Addison,252.0,4.5,2014.0
2489375,When Breath Becomes Air: by Paul Kalanithi and Abraham Verghese | Summary & Highlights with BONUS Critics Corner,Summary Reads,24.0,4.33333333333333,
1120362,"Wicca: Charms, Potions and Lore",Nixie Vale,128.0,3.0,
2552623,An Academic Question,Barbara Pym,224.0,3.75,1986.0
2437283,Uma Disputa Irresistível: O Inimigo Dorme ao Lado (Portuguese Edition),Priscilla Averati,387.0,1.0,
1793481,"I Won't Play With You, Bae",Reese.,146.0,5.0,
2327446,I Power Up With Every Monster Girl I Defeat (Monster Girl Tamer Book 1),Edie Skye,462.0,3.0,
274955,Een kerst om te kussen,Alison Cochrun,389.0,4.0,2022.0
1307131,Dan Deadman Space Detective - The Complete Adventures: A Space Team Universe Saga,Barry J. Hutchison,826.0,5.0,
203936,Ayurveda For Dummies,Angela Hope-Murray,288.0,4.0,2012.0
499898,Memes: The Ultimate Book of Optical Illusion Memes,Anthony Snow,107.0,5.0,
1098187,"Mask or Raid (Kiki Lowenstein Mystery, #17)",Joanna Campbell Slan,314.0,4.33333333333333,
1620382,送你一颗子弹,刘瑜,299.0,4.0,2010.0
761343,Manacled,SenLinYu,1458.0,4.63842975206612,2000.0
1351754,Thirteen Lessons that Saved Thirteen Lives: The Inside Story of the Thai Cave Rescue,John Volanthen,304.0,4.0,
1225501,The Soviet Woman: Selected Essays,Alexandra Kollontai,183.0,4.5,
427022,"Figlio Scelto (Gli Occhi del Re, #1)",Giulia Nurchis,560.0,4.5,
2388605,Paradise Alley: A Novel,Kevin Baker,699.0,4.5,2002.0
1169258,CASAC Study Guide 2018-2019,Casac Exam Prep Team,198.0,5.0,
993877,Kaden (The Recherché #2),L.P. Lovell,,1.0,2016.0
1859086,"For Her Safety (The Knight Brothers, #2)",Dria Andersen,166.0,4.84615384615385,
596714,The White Knights,W.E. Cule,185.0,4.0,1919.0
17676,"With Every Breath (MacLeod, #7; de Piaget/MacLeod, #14)",Lynn Kurland,386.0,4.66666666666667,2008.0
1162004,The Girl She Was Before,Jess Kitching,343.0,3.95238095238095,2021.0
2309828,"Keto Snacks: Sweet and Savory Snacks Recipes for Your Low-Carb, Ketogenic Diet (keto diet books Book 2)",Kaitlyn Donnelly,139.0,5.0,
1233684,Immune: A Journey Into the Mysterious System That Keeps You Alive,Philipp Dettmer,368.0,4.69230769230769,2021.0
449280,Pletenica,Laetitia Colombani,224.0,4.2,2017.0
228316,Bazıları Isırgan Sever,Jun'ichirō Tanizaki,224.0,3.0,1928.0
1585449,"Skull-face Bookseller Honda-san, Vol. 1",Honda,160.0,5.0,2016.0
2300325,"Bajo un mismo árbol: Doce relatos, doce formas de disfrutar la Navidad (Spanish Edition)",Various,238.0,5.0,
71680,Giovanni (Benedetti Brothers Book 5),Natasha Knight,298.0,4.33333333333333,2018.0
60134,Ringolevio: A Life Played for Keeps (Citadel Underground),Emmett Grogan,532.0,4.5,1972.0
1608418,"A Fork in the Road: Tales of Food, Pleasure and Discovery on the Road",James Oseland,336.0,4.5,2013.0
1248304,Off Key,Rilzy Adams,175.0,4.0,2017.0
559623,A Lovely Obsession: The Complete Debt of Passion Duet,Coralee June,449.0,3.0,
1683834,The Empiricists: Locke: Concerning Human Understanding; Berkeley: Principles of Human Knowledge & 3 Dialogues; Hume: Concerning Human Understanding & Concerning Natural Religion,Richard  Taylor,528.0,4.0,1960.0
1909403,"The Devil's General: The Life of Hyazinth Graf Strachwitz, ""The Panzer Graf""",Raymond Bagdonas,523.0,5.0,2013.0
1978854,"Jessica Jones: Alias, Vol. 1 (Jessica Jones: Alias, #1)",Brian Michael Bendis,216.0,4.07692307692308,2002.0
2537571,The Secret of Moon Castle: Book 4 (Secret Stories),Enid Blyton,225.0,3.0,
1846121,"Rekindling Desire (Sinclair Duet, #2)",Aleatha Romig,318.0,4.0,2023.0
62417,"Once Bitten, Twice Shy (Jaz Parks, #1)",Jennifer Rardin,324.0,4.0,2007.0
852331,Karl Marx (Great Thinkers),William D. Dennison,144.0,5.0,
917291,"Son of a Liche (The Dark Profit Saga, #2)",J. Zachary Pike,618.0,4.46296296296296,2018.0
648092,El auténtico liderazgo. Serie Inteligencia Emocional HBR (Authentic Leadership Spanish Edition),Harvard Business Review,176.0,3.0,
276045,Red Hood: Outlaw (2016-2020) #27,Scott Lobdell,25.0,4.5,
2294742,Daniel (Shelter Christian Fiction Trilogy Book 2),Robin Merrill,142.0,5.0,
2035449,"Port Mortuary (Kay Scarpetta, #18)",Patricia Cornwell,466.0,4.0,2010.0
360955,The Snake Prince and Other Stories: Burmese Folk Tales,Edna Ledgard,256.0,5.0,1999.0
1626533,"APOSIMZ, Vol. 8",Tsutomu Nihei,164.0,5.0,2021.0
2434022,Emma and the Handsome Devil,Marcia Evanick,256.0,4.0,1995.0
2107913,Charles Williams: Collected Works,Charles  Williams,1821.0,3.5,1981.0
2032174,What Goes Up,Wen Baragrey,224.0,5.0,2018.0
400678,Na distância em que eu te encontre,Diedra Roiz,477.0,2.0,
1778263,This is How We Change the Ending,Vikki Wakefield,297.0,4.09090909090909,2019.0
321424,The Fifth of March: A Story of the Boston Massacre,Ann Rinaldi,352.0,4.0,1993.0
777144,The Unwanted Assistant,Evangeline   Kelly,292.0,4.5,2018.0
1259477,Do Muslim Women Need Saving?,Lila Abu-Lughod,336.0,4.38461538461539,2013.0
820478,"Into the Vietnamese Kitchen: Treasured Foodways, Modern Flavors",Andrea Nguyen,352.0,4.0,2006.0
157255,A Song of Home: A Novel of the Swing Era (Pearl Spence #3),Susie Finkbeiner,312.0,4.6,2017.0
1097295,Goodness and Light: Readings for Advent and Christmas,Michael Leach,300.0,4.2,
691415,La señora del perro y otros cuentos,Anton Chekhov,0.0,3.0,1899.0
1607063,Saint Marie Volume 1,Yuh Jin Yang,190.0,4.0,2004.0
1618415,Ocean Speaks: How Marie Tharp Revealed the Ocean's Biggest Secret,Jess Keating,40.0,4.5,2020.0
2326791,"Viking in Love (Viking I, #8)",Sandra Hill,265.0,4.0,2010.0
1147307,The Lonely Planet Guide to Second Chances,1Diamondinthesun,352.0,4.0,
934708,A Story of God's Grace in overcoming addiction,Stacey Flood,17.0,5.0,
2377280,The Murder,Kathlyn Grace,55.0,4.0,
2292000,The Be Happy Attitudes: Eight Positive Attitudes That Can Transform Your Life,Robert H. Schuller,219.0,3.33333333333333,1985.0
1601052,Warrior Speed,Ted Weimann,8.0,5.0,2000.0
1478978,Šinjel,Nikolai Gogol,,4.66666666666667,1842.0
555023,"Building Green: A Complete How-to Guide To Alternative Building Methods - Earth Plaster, Straw Bale, Cordwood, Cob, Living Roofs",Clarke Snell,615.0,4.16666666666667,2005.0
20974,ERAL,Liviu Surugiu,176.0,3.0,
95435,The Waking,Raven Gregory,176.0,3.0,2010.0
230167,The Ice Dragon,George R.R. Martin,112.0,3.62983425414365,1980.0
1472510,Adorable Fat Girl Goes on a Cruise,Bernice Bloom,133.0,5.0,
1233354,Одно лето в аду,Arthur Rimbaud,40.0,3.0,1873.0
1781254,Last Orders,Maria Frankland,,4.0,2023.0
475767,"Let The Universe Help You!: How to Get All The Money That You Want In An Honest And Fulfilling Way (Law of Attraction, Mindfulness & Motivation) (The law of attraction Book 1)",M. Alexander,39.0,4.4,
1751305,Salted Spoon: The First Year of Creating a New Food Legacy,Redd Horrocks,78.0,5.0,2013.0
2218265,Sans famille T04: Neige et Loups,Yann Dégruel,32.0,5.0,2006.0
901937,94 Maidens,Rhonda Fink-Whitman,304.0,4.0,2012.0
2531907,Rifles: Six Years with Wellington's Legendary Sharpshooters,Mark Urban,547.0,5.0,2003.0
1863140,The Secret Of The Rosary,Louis de Montfort,148.0,4.45614035087719,1710.0
2254145,Polycystic Ovary Syndrome: A Woman's Guide to Identifying & Managing PCOS,John Eden,224.0,5.0,2005.0
825426,"When the Owl Cries, Indians Die: Poems of Mexico and the Southwest/Cuando El Tecolote Llore, El Indio Se Muere",J.W. Rivers,105.0,3.0,1986.0
2498600,The Jungle Books (Clothbound Classics) by Rudyard Kipling (3-Apr-2014) Hardcover,Rudyard Kipling,0.0,3.0,1894.0
1560637,Death March Escape: The Remarkable Story of a Man Who Twice Escaped the Nazi Holocaust,Jack J. Hersch,256.0,4.0,2018.0
2094408,الجرثومة وقصص أخرى,نبيل فاروق,284.0,3.5,2000.0
1464206,"Love Under Three Valentinos (Lusty, Texas, #27)",Cara Covington,243.0,4.25,2015.0
1096714,"Vampire Knight, Vol. 5 (Vampire Knight, #5)",Matsuri Hino,195.0,4.44705882352941,2007.0
1038474,Hunted: A Thrilling FBI Romance (Killer Instinct Book 1719),Cynthia Eden,182.0,5.0,2017.0
2510311,Sköldpadda och jag,Marit Törnqvist,64.0,5.0,2022.0
2233783,Eventually One Dreams the Real Thing,Marianne Boruch,108.0,3.5,2016.0
1614165,O Lobo do Mar,Jack London,232.0,3.0,1904.0
1152502,The Woman Who Went for Broke: A Western Adventure Romance,C.K. Crigger,248.0,3.66666666666667,
2289360,Not All Sheep Are Boring!,Bobby Moynihan,32.0,4.0,2022.0
2265466,Regenerado: Trilogia Recomeços - Livro 1 (Portuguese Edition),Natália Tilcailo,678.0,5.0,
1884990,Kuolema: Kaikki mitä olet aina halunnut tietää,Henna Mäkelin,320.0,4.0,
1365322,The Slaughterman's Daughter,Yaniv Iczkovits,525.0,4.5,2015.0
1211283,The Key of Solomon the King (Dover Occult),S.L. MacGregor Mathers,160.0,4.0,1400.0
2321705,The Courier's Tale,Peter    Walker,352.0,3.0,2010.0
2516399,Stargate SG-1 The Illustrated Companion Seasons 3 and 4,Thomasina Gibson,160.0,5.0,2002.0
1175798,The Versions of Us,Laura  Barnett,432.0,4.33333333333333,2015.0
2199007,العيش الطيب,عبدالله الهاشمي,256.0,3.5,
2054267,سوانح فتاة,مي زيادة,130.0,3.0,1989.0
2270231,"A Grave in the Cotswolds (Drew Slocombe, #5; Thea Osborne, #8)",Rebecca Tope,299.0,4.5,2010.0
1147353,KI 2041: Zehn Zukunftsvisionen,Kai-Fu Lee,0.0,4.0,2021.0
2034574,"ADHD Raising an Explosive Child: The Vital Guide to Helping Parents Understand, Discipline & Empower Kids with Attention Deficit Hyperactivity Disorder to reach Success and Fulfillment with No-Drama",Anna Wiley,114.0,3.5,
2108309,Clay in the Potter's Hand,Dorothy Sun,264.0,3.0,2006.0
2509883,Le Ossa di Ardal,Linnea Hartsuyker,576.0,4.0,2017.0
335281,Tanja Nijmeijer: van guerilla naar vredesproces,Tanja Nijmeijer,395.0,3.90909090909091,
1532019,Sonic The Hedgehog – Volume 1: Depois da guerra,Ian Flynn,104.0,4.0,2018.0
777728,In dominanter Liebe - Band 1: Die Probezeit (FemDom - Zyklus) (German Edition),G. Horsam,235.0,5.0,2014.0
1634537,TheraScribe User's Manual,Arthur E. Jongsma Jr.,148.0,3.0,2007.0
2542733,Discovery Discipline: La méthode radicale pour exceller en Product Discovery,Tristan Charvillat,144.0,5.0,
1817527,"My Dog, My Cat, My Mama, and Me!",Nigel Gray,24.0,3.0,1998.0
2312335,Never Stop Fighting For Us,Abella Mynd,393.0,4.0,
619895,akasmika tarasu,kannada r,213.0,4.0,
921914,By Bizarre Hands Rides Again,Joe R. Lansdale,360.0,4.0,
1770663,The Harvard Business Review Manager's Handbook: The 17 Skills Leaders Need to Stand Out,Harvard Business Review,336.0,4.0,2016.0
1374122,Travis (Rugged Skulls MC -Next Generation #3),Amy Davies,241.0,4.75,
2024969,The Legend of Drengo: A Short Story Collection,E. C. Skowronski,222.0,5.0,
996627,"ஃபியூச்சர்ஸ் & ஆப்ஷன்ஸ் (அள்ள அள்ளப் பணம், #3)",Soma. Valliappan,168.0,4.0,2007.0
1250739,"Farscape, Vol. 3: Gone and Back",Rockne S. O'Bannon,112.0,4.0,2010.0
2602328,"Catching Zodiac: A True Crime Memoir With ""Poste"" Script",Dale Julin,439.0,5.0,
2059221,A New War on Cancer: The Unlikely Heroes Revolutionizing Prevention,Kristina Marusic,230.0,5.0,
412756,Il Santo il surfista e l'amministratore delegato,Robin S. Sharma,255.0,3.0,2002.0
131852,El amor en los tiempos del cólera (Edición de regalo) / Love in the Time of Chol era (Gift Edition) (Spanish Edition),Gabriel García Márquez,400.0,5.0,
747457,50 Ideias de Astronomia que Você Precisa Conhecer (Coleção 50 ideias) (Portuguese Edition),Giles Sparrow,431.0,3.0,
1156545,Vamplets: Nightmare Nursery (VAMPLETS NIGHTMARE NURSERY HC),Dave Dwonch,48.0,3.5,2013.0
1156103,Masquerade of the Heart (Garden of the Cursed #2),Katy Rose Pool,368.0,4.5,2024.0
2181645,Dans le coeur gros d'Anouk,Mathou,40.0,5.0,
2307789,MoonRise (MoonFall Series Book 4),A.G. Wyatt,287.0,4.0,2015.0
2351349,The Prodigal Daughter,Jeffrey Archer,496.0,4.0,1982.0
1796801,The Witch's Daughter (The Chronicles of Ynis Aielle #2),R.A. Salvatore,340.0,4.09090909090909,1991.0
1300481,The Little Bitty Bakery,Leslie Muir,32.0,5.0,2011.0
2141809,Die vergessene Geburtsnachtsparty (Amalia von Flatter #3),Laura Ellen Anderson,224.0,5.0,2018.0
2442089,"The Awakening (Bloodmoon Wars, #1)",Sara Snow,,5.0,
2117013,Wave of Infection,Jason M. Hough,32.0,5.0,2013.0
896912,"Always Running (The San Francisco Omegas, #2)",Calliope Stewart,444.0,4.25,2022.0
2392586,How to Live Abroad and Thrive with Passive Income,Pierre Blake,190.0,5.0,
2047263,El viaje a ninguna parte,Fernando Fernán Gómez,318.0,4.5,1985.0
611990,"Junjo Romantica, Volume 09",Shungiku Nakamura,192.0,4.63157894736842,2007.0
1355682,Physics: Why Matter Matters,Simon Basher,128.0,4.0,2008.0
893351,"Do outro lado do rio, entre as árvores (Portuguese Edition)",Ernest Hemingway,330.0,4.0,1950.0
565255,Animals and Psychedelics: The Natural World and the Instinct to Alter Consciousness,Giorgio Samorini,112.0,4.25,2000.0
2299795,อีเลียด,โฮเมอร์,261.0,3.0,
548691,No Reason to Hide: Standing for Christ in a Collapsing Culture,Erwin W. Lutzer,304.0,4.5,
89823,老得好優雅（改版）: The Gift of Years:Growing Older Gracefully (Traditional Chinese Edition),Joan D. Chittister,204.0,1.0,
1132205,En busca del norte,Sergio Morchón,327.0,3.0,
914154,Lorna Doone,Rachel  Jordan,308.0,5.0,
1155377,Chef's Kiss,Jarrett Melendez,160.0,4.33333333333333,2022.0
1701226,The Sam Reilly Collection Volume 6 (Sam Reilly #16-18),Christopher Cartwright,906.0,4.5,
598791,The Way to God,Dwight L. Moody,116.0,4.0,1983.0
1782374,Weather,Jenny Offill,224.0,3.15384615384615,2020.0
216819,"Are You Alice?, Vol. 3",Ikumi Katagiri,192.0,5.0,2011.0
75921,There Is Nothing for You Here: Finding Opportunity in the Twenty-First Century,Fiona  Hill,448.0,4.25,2021.0
2200367,Angel Thieves,Kathi Appelt,336.0,3.66666666666667,2019.0
236206,Gold Digger (Daydreamer #2),Susie Tate,338.0,4.28493150684931,2024.0
514040,The Enjoyment of Music: An Introduction to Perceptive Listening,Joseph Machlis,697.0,4.0,1955.0
2214186,Behind Her Eyes,Sarah Pinborough,,3.25,2017.0
804327,"Stepbrother Wants (His Twisted Game, #8)",Chloe Hawk,31.0,4.66666666666667,2015.0
1666599,Of Dogs and Walls,Yūko Tsushima,55.0,4.33333333333333,2018.0
1156719,Dirty Love,Andre Dubus III,304.0,3.25,2013.0
1140539,d(ark),John Stevenson,74.0,3.0,2014.0
1125968,"The Count of Monte Cristo, Volume II (The Count of Monte Cristo #2 of 5)",Alexandre Dumas,640.0,4.5,
1886446,The Magnificent Ambersons,Booth Tarkington,288.0,3.61870503597122,1918.0
1070347,Un paseo por la vida de Simone de Beauvoir (Spanish Edition),Carmen G. de la Cueva,171.0,4.0,2018.0
2528902,Dulce rendición (Spanish Edition),Kate Carlisle,192.0,3.0,2010.0
953959,Grammaire française et impertinente,Jean-Louis Fournier,228.0,1.0,1992.0
1613012,The SharkPreneur Ebook: with Russell Brunson of ClickFunnels,Seth Greene,20.0,5.0,
1302,Regenerate: Unlocking Your Body's Radical Resilience through the New Biology,Sayer Ji,366.0,4.0,
772291,Idle Hands: The devil is in the details in the haunting novel about the choices we make,Cassondra Windwalker,207.0,2.0,2020.0
1231040,Tiltas į Terabitiją,Katherine Paterson,160.0,4.33333333333333,1977.0
1124380,Reaping Me Softly (The Reaper Series #1),Kate Evangelista,209.0,4.125,2012.0
1042040,Medicina e narrativa. Un viaggio nella letteratura per comprendere il malato (e il suo medico),Antonio Virzi,143.0,5.0,2007.0
1199121,"Donut Disturb (A Bakeshop Mystery, #15)",Ellie Alexander,304.0,3.81818181818182,2022.0
657930,Cat And Mouse (-),M.J. Arlidge,512.0,4.0,2022.0
2274338,The CW Geek's Guide to Having Fun with Morse Code,Dan Romanchik,56.0,4.66666666666667,2015.0
852534,The Girl on the Beach (Borteen Secrets #1),Morton S. Gray,244.0,4.0,2017.0
1507756,The 9th Fortress,J.P.  Jackson,536.0,4.0,2011.0
351890,"Carnelian (Chalcedony Chronicles, #1)",B. Kristin McMichael,236.0,3.4,2014.0
170900,Make Money Online - How I created a six-figure income giving away a dead guy's book,Vic Johnson,106.0,4.0,2008.0
1869370,"The Perfect Afternoon Tea Recipe Book: More than 160 classic recipes for sandwiches, pretty cakes and bakes, biscuits, bars, pastries, cupcakes, ... and glorious gateaux, with 650 photographs",Antony Wild,256.0,5.0,2011.0
344230,Redes Sociales: Del Daño Virtual a la Responsabilidad Legal (Spanish Edition),Felipe Sánchez Iregui,177.0,2.0,
1137620,"Il segno dell'unicorno (Le Cronache di Ambra, #3)",Roger Zelazny,173.0,4.0,1975.0
1240691,"The Conflict Thesaurus: A Writer's Guide to Obstacles, Adversaries, and Inner Struggles Volume 2 (Writers Helping Writers Series Book 9)",Angela Ackerman,316.0,3.0,
1463754,Foreign Intervention & Global Security (Ideas in Conflict Series),Gary E. McCuen,155.0,5.0,
176217,Enquête dans le brouillard,Elizabeth  George,445.0,4.0,1988.0
1826531,The Lyric Journey: Poetic Painting in China and Japan (The Edwin O. Reischauer Lectures),James Cahill,276.0,5.0,1996.0
1350122,Philosophy Before Socrates: An Introduction with Texts and Commentary,Richard D. McKirahan,436.0,4.14285714285714,1994.0
978738,Sand and Ichor (The Hex King),L. Marton,155.0,5.0,
958879,Believe in Fairies,Wayne Gerard Trotman,32.0,5.0,
2238013,Nazis and the Occult: The Dark Forces Unleashed by the Third Reich,Paul Roland,384.0,3.0,2007.0
832021,The Pilgrim's Progress (Illustrated Edition),John Bunyan,352.0,5.0,1678.0
1789000,Eggs,Jerry Spinelli,224.0,3.65972222222222,2007.0
2495547,"Family Values (Lone Star Lovers, #8)",Delilah Devlin,73.0,5.0,2015.0
554703,Alles inklusive: Aus dem Leben mit meiner behinderten Tochter,Mareice Kaiser,288.0,5.0,
1377958,No Howling in the House,Erica Farber,48.0,5.0,1996.0
581533,La città femminista. La lotta per lo spazio in un mondo disegnato da uomini,Leslie Kern,232.0,3.66666666666667,2019.0
422037,Las mil y una noches,Anonymous,2347.0,4.5,800.0
1286549,Cooking Light the Essential Dinner Tonight Cookbook,Cooking Light,416.0,4.0,2007.0
189538,Roak: Galactic Bounty Hunter,Jake Bible,240.0,4.0,2016.0
536766,The Broken Girls,Simone St. James,409.0,4.2,2018.0
1063101,"Cordoue, 1211 - Seconde partie : Al Andalus",Jean d'Aillon,275.0,3.0,
225964,Matched Intensity (Open Wounds #3),Michelle  Frost,148.0,5.0,2018.0
2009300,The Crazy Gang,Dave; Downes Bassett,336.0,4.5,2015.0
1079284,"Detour (Beautiful Biker, #1)",D.D. Prince,406.0,3.33333333333333,2016.0
850929,Tomatoland: How Modern Industrial Agriculture Destroyed Our Most Alluring Fruit,Barry Estabrook,258.0,3.0,2011.0
1982122,"The Perfect Play (Play by Play, #1)",Jaci Burton,336.0,5.0,2011.0
1052549,Au pays de Saint François de Sales,Henry Bordeaux,134.0,4.0,
2298792,Κομμένα Κεφάλια,Pablo Gutiérrez,208.0,4.5,
1195651,"The Fairer Hex (A Witch Among Warlocks, #1)",Lidiya Foxglove,308.0,3.8,2019.0
663613,"Prawdziwe tygrysy (Slough House, #3)",Mick Herron,432.0,3.5,2016.0
1026501,Little Pink Taxi (20180220),Marie Laval,313.0,5.0,2018.0
1416615,Aliens: Earth Hive,Steve Perry,280.0,4.01351351351351,1992.0
112797,Introduction to Scientology Ethics,L. Ron Hubbard,468.0,5.0,1970.0
1980447,Arizona (Wright on Time #1),Lisa M. Cottrell-Bentley,100.0,4.0,2009.0
2474743,Sweeter Than Wine,Michaela August,352.0,4.0,1999.0
1551333,Sir Gawain and the Green Knight,Unknown,192.0,4.21428571428571,1375.0
1540569,"Pulp Vietnam: War and Gender in Cold War Men's Adventure Magazines (Military, War, and Society in Modern American History)",Gregory A. Daddis,358.0,4.0,2020.0
1139957,Vox horrísona (obra poética completa),Luis Hernández Camarero,586.0,4.0,1978.0
623709,"The Alloy of Law (Mistborn, #4)",Brandon Sanderson,325.0,4.22183588317107,2011.0
709794,Prayer for Time: A Memoir,William Montgomery,64.0,5.0,2014.0
872142,Cafe Racer: How to Build Your Own Basic Cafe Racer With Timeless Style,Devin Blast,124.0,2.5,
413503,Fire & Fury: An Endless Winter Novel,Theresa Shaver,283.0,4.4,
1543534,River Mumma,Zalika Reid-Benta,288.0,4.25,2023.0
608340,Human Rights & Gender Violence: Translating International Law into Local Justice (Chicago Series in Law and Society),Sally Engle Merry,277.0,4.0,2005.0
912185,Mastering Penny Deals: Dollar General,Evaline Thrift,,4.0,2014.0
2468681,Saving Ruby King,Catherine Adel West,248.0,4.375,2020.0
2332615,"Almost Perfect (Fool’s Gold, #2)",Susan Mallery,0.0,4.0,2010.0
1500754,Glaskupan,Sylvia Plath,205.0,4.0,1963.0
531388,A Markham Sisters Collection - VWXYZ (Markham Sisters Collections Book 6),Diana Xarissa,490.0,5.0,
2161613,We Redeemed the Rain (Meadowbrook Ranch #1),Ashley Dill,438.0,5.0,
536249,Murfy Finds A Home,Robert Marier,26.0,4.0,2015.0
1882876,United Part 1 (Marked For Love #2),Jayne Kiera,272.0,5.0,
1390178,Commercial Real Estate Investing for Dummies,Peter Conti,358.0,4.5,2008.0
2252577,Candide: The Original Unabridged And Complete Edition (Voltaire Classics),Voltaire,124.0,4.0,1759.0
7731,Wir töten nicht jeden,Carlos Salem,288.0,5.0,2008.0
959563,ผจญพายุดาบ 3.2,George R.R. Martin,724.0,4.5,2000.0
1220266,PewDiePie: The Ultimate Unofficial Fan Guide to The World's Biggest Youtuber,Jo Berry,64.0,5.0,2015.0
33732,"Trilogia di New York. Città di vetro, Fantasmi, La stanza chiusa",Paul Auster,316.0,4.14285714285714,1987.0
1739336,The Witching Hour (Lives of the Mayfair Witches #1),Anne Rice,,3.66666666666667,1990.0
1560458,Overleaf Hong Kong,XI,210.0,5.0,2005.0
2042442,Backwoods Romeo 2,Daniel Elijah Sanderfer,39.0,5.0,
618627,The Blind,Maurice Maeterlinck,,4.0,1890.0
94132,"Where We Fall (The Giannelli Series - Love in Little Italy, #3)",Nicole    Baker,,3.8,
1064830,Pride and Prejudice,Jane Austen,416.0,4.0,1813.0
1023083,Vieras laji : kuinka lohesta tuli miljardibisnes,Simen Sætre,,4.5,2021.0
914476,All Nighter #1 (of 5),David Hahn,35.0,3.0,
833222,The Aftermath of 1976 (The Great Nuclear War of 1975 #2),William Stroock,278.0,4.625,
80071,Adventures of Huckleberry Finn,Mark Twain,400.0,4.0,1884.0
1604148,Secret Corridor: Asylum Horror,Jack M. Lockwood,70.0,2.0,
2450403,The Drowning God,James Kendley,364.0,4.0,2015.0
1248532,Food Chain - Side Stories Chapter 6,임애주,29.0,4.0,
2567828,O Silêncio das Grades,Paulo Barbosa,159.0,3.0,2004.0
599083,"Michelangelo : The Complete Sculpture, Painting, Architecture",William E. Wallace,268.0,4.5,1998.0
966069,Filosofia della resistenza,Simone Weil,128.0,4.0,
1724259,Handbók um hugarfar kúa,Bergsveinn Birgisson,288.0,3.5,2009.0
1774439,Poisoned Pedigree,G.G. Vandagriff,198.0,5.0,2011.0
2020236,The Worry Front,H.C. Gildfind,276.0,5.0,2018.0
1428554,Pražský slabikář,Aleksander Kaczorowski,264.0,5.0,2001.0
269239,My Life Before Me (Secrets),Norah McClintock,264.0,3.6,2015.0
726725,Синя Борода,Kurt Vonnegut Jr.,246.0,4.6,1987.0
902569,جستارهایی درباره‌ی زن,Susan Sontag,104.0,3.0,2023.0
1412847,Rust and Bone: Stories,Craig Davidson,250.0,3.75,2005.0
1474879,The Running Foxes,Joyce Stranger,142.0,4.0,1965.0
583670,Ежевичная зима,Sarah Jio,290.0,4.0,2012.0
1744759,The 7 Graces of Marketing: How to Heal Humanity and the Planet by Changing the Way We Sell,Lynn Serafinn,416.0,4.5,2011.0
2186131,Teenage Mutant Ninja Turtles: Turtles in Time #1,Paul Allor,28.0,3.0,2014.0
1163881,فانينا أو عشق الراهبة,Pierre Sabbagh,368.0,3.0,1965.0
292956,"The Haunting of Winchester Mansion (The Haunting of Winchester Mansion, #1)",Alexandria Clarke,193.0,4.0,
2051421,"Classic Southern Desserts: All-Time Favorite Recipes for Cakes, Cookies, Pies, Puddings, Cobblers, Ice Cream & More",Southern Living Inc.,344.0,4.0,2010.0
1046260,"Empire of Serpents (Dragons of Isentol, #3)",Richard Fierce,169.0,2.0,
1468729,Life Is Strange Vol. 2: Waves,Emma Vieceli,112.0,4.14705882352941,2019.0
298725,Manolito Gafotas,Elvira Lindo,,5.0,1994.0
491922,Harvest Home,Thomas Tryon,415.0,4.0,1973.0
1456501,"The Shift (Red-Line, #1)",J.T. Bishop,328.0,4.0,2014.0
1632460,"Die Betrogenen (Schattenkinder, #3)",Margaret Peterson Haddix,,3.5,2002.0
2104075,Christmas (Love Will Find A Way),Kim Hornsby,1406.0,4.75,
474145,Танхельм. Первісний Дух,Юлія Романюк,400.0,4.33333333333333,2023.0
1326984,Strange Sally Diamond,Liz Nugent,,4.0,2023.0
1004044,Vitória,Joseph Conrad,400.0,4.0,1915.0
1437556,Amagi Brilliant Park: Volume 5,Shouji Gatou,237.0,3.33333333333333,2014.0
1515195,L’Halloween chez les 1000 enfants (French Edition),Valérie Fontaine,,4.0,
1092966,"جريمة في بلاد الرافدين (Hercule Poirot, #14)",Agatha Christie,347.0,4.0,1936.0
630109,Eye of the Hurricane: My Path from Darkness to Freedom,Rubin Carter,320.0,4.33333333333333,2011.0
2362051,Islamic Mysticism: A Secular Perspective,Ibn al-Rawandi,260.0,3.0,2000.0
1552617,The Science of Good Food: The Ultimate Reference on How Cooking Works,David Joachim,576.0,4.0,2008.0
1147229,Un eremo non è un guscio di lumaca,Adriana Zarri,268.0,5.0,2011.0
401191,Red (Black #2),T.L.  Smith,210.0,4.68181818181818,2016.0
1733677,"All the Rage (Repairman Jack, #4)",F. Paul Wilson,512.0,3.0,2000.0
1331879,Dubbelsäng i Danmark,Maria Lang,227.0,4.0,1975.0
1370895,The Billionaire's Maid (Billionaire Shifter #4),Brittany Bloom,46.0,3.0,2015.0
998211,Double Take: A Memoir,Kevin Michael Connolly,240.0,3.75,2009.0
2383250,De Patrick Melrose romans,Edward St. Aubyn,782.0,4.0,2012.0
994564,Quand les animaux et les végétaux nous inspirent (OJ.SC.HUMAINES) (French Edition),Emmanuelle Pouydebat,180.0,3.0,
2137804,رقائم لروح الكون: ترجمات شعرية مختارة,سركون بولص,607.0,3.0,2016.0
2285674,Bodas Para Dummies,Marcy Blum,476.0,3.0,2001.0
2288513,The Unbearable Tedium of Romance,smokybaltic,101.0,5.0,
2110773,"Witch Ways (Witch Ways, #1)",Kristy Tate,280.0,5.0,2015.0
392531,"Delicious in Dungeon, Vol. 9",Ryoko Kui,208.0,4.4375,2020.0
872037,The Vegetarian Bistro: 250 Authentic French Regional Recipes,Marlena Spieler,256.0,4.5,1997.0
2132900,Los apóstatas,Gonzalo Celorio,386.0,5.0,
2118761,"The Case of the Missing Moonstone (The Wollstonecraft Detective Agency, #1)",Jordan Stratford,242.0,5.0,2015.0
199419,"The Strangest Man: The Hidden Life of Paul Dirac, Mystic of the Atom",Graham Farmelo,560.0,4.13138686131387,2009.0
1005765,Herbal Remedies for Diabetes Control: The Ultimate Guide to Reverse Type 2 Diabetes and High Blood Sugar with Tested and Trusted Natural Cure,Charles K. Borrego,50.0,3.0,
487635,Elizabeth: Grand Duchess of Russia,Hugo Mager,418.0,3.66666666666667,1998.0
639906,"Invisible Stanley (Flat Stanley, #4)",Jeff Brown,116.0,4.75,1996.0
356729,2 TG Age Regression Stories Bundle: For The Better!,Courtney Captisa,77.0,3.0,
1350744,The Christmas Cottage (Miramar Bay #9),Davis Bunn,288.0,2.6,2024.0
114220,"Angel (Maximum Ride, #7)",James Patterson,291.0,4.46666666666667,2011.0
678203,The Boys from Biloxi,John Grisham,16.0,4.33333333333333,2022.0
1206173,Jeb's Wife,Patricia Johns,204.0,4.75,
1328466,Manson Girl : The True Story of Susan Atkins,Paula Duncan,15.0,5.0,
892648,The Perfect Edge: The Ultimate Guide to Sharpening for Woodworkers,Ron Hock,224.0,4.0,2009.0
544154,Eleven sons,Franz Kafka,20.0,4.0,1914.0
1066182,Solo para tus ojos. 007 (For Your Eyes Only) (Spanish Edition),Ian Fleming,256.0,3.0,1960.0
583088,Rebecca's Revival: Creating Black Christianity in the Atlantic World,Jon F. Sensbach,302.0,4.0,2005.0
1543926,"古見さんは、コミュ症です。 19 [Komi-san wa Komyushou Desu. 19] (Komi Can't Communicate, #19)",Tomohito Oda,192.0,4.38461538461539,2020.0
737059,"Life in the Fasting Lane: The Essential Guide to Making Intermittent Fasting Simple, Sustainable, and Enjoyable",Jason Fung,256.0,3.94047619047619,
2497844,Greenmantle(Illustrated),John Buchan,252.0,5.0,1916.0
52978,Winter Sun : Escapist sunshine reading for 2024,Melissa Hill,528.0,4.0,
1124398,Ice Capades: A Memoir of Fast Living and Tough Hockey,Sean Avery,323.0,5.0,2017.0
833076,"Awkward Silence, Volume 03",Hinako Takanaga,192.0,3.66666666666667,2010.0
1457478,Permata Hati,Rehan Makhtar,408.0,4.0,2016.0
1778057,Bought And Paid For (Part Five),Paige North,43.0,4.5,
1055700,Selected Poems by Frank O'Hara (2008-02-26),Frank O'Hara,0.0,4.0,1974.0
864422,"Ъгъл на разследване (Harry Bosch, #14.7; Harry Bosch Universe, #23.2)",Michael    Connelly,240.0,4.0,2011.0
1671613,Crossing,Anna Seghers,166.0,4.0,1971.0
1748358,"Tempt (Selfish Myths, #3)",Natalia Jaster,389.0,5.0,
2590980,"The Cuckoo Clock of Doom (Goosebumps, #28)",R.L. Stine,,4.0,1995.0
1627861,"Haiti: Past, Present, Future",Timothy DeTellis,69.0,3.0,2013.0
2135499,La Nuit de la lézarde,Malika Mokeddem,0.0,5.0,1996.0
1818892,Motorcycle Racing (Super Speed),Lori Polydoros,32.0,4.0,2013.0
1455821,"Square Peg, Round Ball: Football, TV and Me: Shortlisted for the Sunday Times Sports Book Awards 2023",Ned Boulting,284.0,4.0,
683752,"Healing Your Lost Inner Child: How to Stop Impulsive Reactions, Set Healthy Boundaries and Embrace an Authentic Life",Robert  Jackman,293.0,4.07142857142857,2020.0
2216194,Rover Red Charlie #4,Garth Ennis,0.0,5.0,2014.0
864916,"Kiss To Defy (Blairwood University, #3)",Anna B. Doe,446.0,4.1,
2046148,Himmerlandshistorier,Johannes V. Jensen,391.0,5.0,1910.0
1972034,The Therapist,Hugh Mackay,256.0,3.0,2023.0
1872353,The Time Machine (Graphic Novel),Terry Davis,,2.5,1895.0
2252269,Irresisitibili tentazioni: Per Una Notte Col Capo / Una Scottante Rivelazione,Lynn Raye Harris,248.0,5.0,2019.0
2147979,Chronicles (Archer of the Heathland #4),J.W. Elliot,150.0,4.2,
705918,Full Flight,Ashley Schumacher,320.0,4.08333333333333,2022.0
1391171,The king is dead,Robert M. Drake,150.0,4.0,
1790577,"Idylles (Lou!, #4)",Julien Neel,48.0,4.6875,2007.0
2542620,"Lo Pasado Pensado: Entrevistas Con La Historia Argentina, 1955-1983 (Spanish Edition)",Felipe Pigna,504.0,4.0,2005.0
1192006,Улитка на склоне,Arkady Strugatsky,304.0,5.0,1966.0
1852459,The Punisher (2000-2001) #12,Garth Ennis,23.0,5.0,2001.0
2051781,The Book of Five Rings from SmarterComics,Miyamoto Musashi,268.0,5.0,2011.0
376284,Julie and Julia Cookbook: Mon Cherry Clafoutis!,Johny Bomer,86.0,1.0,
1000662,The Girl with the Silver Eyes: A Tale of the Continental Op,Dashiell Hammett,58.0,4.0,1924.0
1266347,"Rainshadow Road (Friday Harbor, #2)",Lisa Kleypas,308.0,3.9009900990099,2012.0
1149354,Star Wars: Age of Rebellion - Heroes,Greg Pak,130.0,4.0,2019.0
633507,このあたりの人たち,Hiromi Kawakami,151.0,4.0,2020.0
948099,Cabin on Trouble Creek,Jean Van Leeuwen,224.0,4.0,2004.0
2217458,Um Conto de Natal,Charles Dickens,144.0,4.5,1843.0
912739,Ďáblova slza,Jeffery Deaver,380.0,4.0,1999.0
1618417,Creative You: Using Your Personality Type to Thrive,Otto Kroeger,322.0,4.0,2013.0
1951836,The Worst Year of My Life So Far,Sarah Britten,129.0,5.0,2002.0
975887,Don Revie: Portrait of a Footballing Enigma (Mainstream Sport),Andrew Mourant,240.0,4.0,2003.0
434533,Tempted by the Highland Warrior (The MacKinloch Clan Book 3),Michelle Willingham,285.0,5.0,2012.0
946647,Around the World in 80 Travel Tales,Peter Dev Kurze,336.0,3.0,2004.0
2527962,The Missing Will (The Amish Millionaire),Wanda E. Brunstetter,,4.0,2016.0
959164,"Las estructuras elementales de la violencia: Ensayos sobre género entre la antropología, el psicoanálisis y los derechos humanos",Rita Segato,,4.5,2003.0
1956923,One Rainy Day,Valeri Gorbachev,40.0,5.0,1988.0
1248881,La vie est belle!,Anna,0.0,3.0,
1687095,"Who Made Me a Princess, Season 1",Spoon,0.0,4.5,2019.0
865319,The Most Boring Book Ever,Brandon Sanderson,48.0,2.5,2024.0
820804,Amar de mis mujeres (Spanish Edition),Catalina B.C.Z.,36.0,3.0,
567502,Snakes and Ladders,Andrea Leadsom,336.0,5.0,
580846,Deadly Force: A Police Shooting and My Family's Search for the Truth,Lawrence O'Donnell,476.0,4.0,1983.0
1779782,Maga itt a tánctanár?,Mérő László,200.0,3.66666666666667,2005.0
1287245,بعد الحلم,شيماء الشريف,,4.0,2014.0
2355106,"Erotic Short Sex Stories for Adults: Erotica Spicy Sexy Stories of Extreme Naughty Dirty Rough Adult, Hot Steamy Sex stories collection!",Allison Palma,,1.0,
1885642,"Once Charmed, Twice Cursed: A Standalone Fantasy Romance",Shaylin Gandhi,248.0,5.0,
1781527,How We Began,Sandra Corton,323.0,4.0,
2264399,إعجام,Sinan Antoon,136.0,3.0,2004.0
2540025,No Matter How Much You Promise to Cook or Pay the Rent You Blew It Cauze Bill Bailey Ain't Never Coming Home Again,Edgardo Vega Yunqué,656.0,5.0,2003.0
2151429,The Worthing Chronicle,Orson Scott Card,315.0,2.5,1983.0
656764,My Daughter's Boyfriend (My Daughter's Boyfriend #1),Daniel Hurst,249.0,3.72832369942197,2023.0
2479625,Loki,Mike Vasich,360.0,3.94444444444444,2010.0
858302,"Жуткий король (Jackaby, #4)",William  Ritter,352.0,4.33333333333333,2017.0
1718492,11.22.63,Stephen        King,894.0,4.8,2011.0
1382835,29 sekund,T.M. Logan,336.0,4.5,2018.0
553152,Verliebt in die Nacht 01,Mio Nanao,192.0,2.0,
1407587,Nghệ Thuật Bán Hàng Của Người Do Thái,Yaniv Zaid,184.0,3.0,
199035,"The Work of Art (Somerset Stories, #1)",Mimi Matthews,392.0,4.23008849557522,2019.0
1002448,舞妓さんちのまかないさん 3 [Maiko-san Chi no Makanai-san 3],Aiko Koyama,144.0,3.0,2017.0
1784738,"Maybe One More Time (Vegas Nights, #3)",Christina C. Jones,92.0,4.7,2021.0
452701,Cinquante nuances plus claires - édition film,E.L. James,600.0,4.0,2012.0
1213719,Influence - Science and Practice - The Comic,Robert B. Cialdini,80.0,4.25,2012.0
187217,Billionaire Boy,David Walliams,240.0,4.05985915492958,2010.0
2164502,The Sociologically Examined Life: Pieces of the Conversation,Michael Schwalbe,272.0,4.0,1997.0
1239537,Stone Mattress,Margaret Atwood,288.0,4.25,2014.0
697383,"Reproducing Jews: A Cultural Account of Assisted Conception in Israel (Body, Commodity, Text)",Susan Martha Kahn,240.0,4.0,2000.0
1288498,"Ice Station Nautilus (Trident Deception, #3)",Rick   Campbell,,3.5,2016.0
1833228,Primitive Technology: A Book of Earth Skills,David Wescott,710.0,5.0,2001.0
457889,The Blue Orchard,Jackson Taylor,416.0,3.5,2009.0
303642,The Time It Never Rained,Elmer Kelton,416.0,4.0,1973.0
500112,"Jem and the Holograms, Vol. 1: Showtime",Kelly Thompson,152.0,3.8,2015.0
704231,Omul portocaliu,Doina Cosman,288.0,4.5,2024.0
2302703,"Aya (Aya, #1)",Marguerite Abouet,112.0,4.5,2005.0
2309063,"Rich Dad, Poor Dad for Teens: The Secrets About Money--that You Don't Learn in School! (Miniature Edition)",Robert T. Kiyosaki,128.0,3.0,
966871,The Collected Toppi vol.3: South America,Sergio Toppi,160.0,4.5,2020.0
1773436,"Notre-Dame-des-Lacs (Magasin Général, #9)",Régis Loisel,128.0,4.0,2014.0
846537,Sky Stitcher,A.C. Guess,329.0,5.0,
1648762,Love on the Fly (Crane's Cove #4),Kerry Evelyn,328.0,4.0,
1969836,The File: A Personal History,Timothy Garton Ash,256.0,5.0,1997.0
145261,"Maggots, Murder, and Men: Memories and Reflections of a Forensic Entomologist",Zakaria Erzinçlioğlu,256.0,4.0,2000.0
184400,La mia vita,Alex Ferguson,432.0,3.66666666666667,2013.0
2306512,Potęga podświadomości,Joseph Murphy,286.0,4.0,1963.0
140248,"Padre Rico, Padre Pobre",Robert T. Kiyosaki,416.0,4.33333333333333,1997.0
1938714,When Angels Sing: The Story of Rock Legend Carlos Santana,Michael James Mahin,48.0,5.0,
1879255,Love Unscripted (West Hollywood #1),Kylie Scott,320.0,3.0,2021.0
1405064,The Eloquence of Effort: Beware the Path of Least Resistance,Indar Maharaj,434.0,5.0,
1402572,A Time for Dying A Phil Pfeiffer Thriller Book 2,Oliver F. Chase,,4.0,
357625,Нацисти-мільярдери. Темна історія найбагатших династій Німеччини,David de Jong,400.0,4.33333333333333,2022.0
2199078,İnsan Cinselliğinin Evrimi,Jared Diamond,200.0,5.0,1997.0
1725951,Enemy In Sight: A World War 3 Techno-Thriller Action Event (Nick Ryan's World War 3 Military Fiction Technothrillers),Nick Ryan,180.0,4.53846153846154,
433962,"Mi Amor, Mi Familia",Caleb Alexander,36.0,5.0,2013.0
1224648,Quisling privat,Arve Juritzen,318.0,3.0,2013.0
2142156,"Badass (Bombshells, #1)",Carla R.,278.0,4.0,
951716,"Ein Mord von besserer Qualität (Lizzie Martin, #3)",Ann Granger,365.0,4.0,2010.0
656046,"Twice Upon a Time (Half Upon a Time, #2)",James  Riley,353.0,4.43939393939394,2012.0
592711,Salem Falls,Jodi Picoult,595.0,4.2,2001.0
834111,"The Great Race (Tom Clancy's Net Force Explorers, #5)",Bill McCay,181.0,4.28571428571429,1999.0
1767851,Réquiem ruso,William   Ryan,333.0,3.66666666666667,2010.0
2242504,Mille fili mi legano qui: Vivere la malattia,Silvia Bonino,158.0,3.0,2006.0
2528543,Nothing Special,Nicole Flattery,240.0,4.0,2023.0
814809,Word-Filled Women's Ministry: Loving and Serving the Church (The Gospel Coalition),Gloria Furman,274.0,5.0,2015.0
1092388,"Workbook For How To Do The Work: Recognize Your Patterns, Heal From Your Past, and Create Your Self",Roger Press,,5.0,
1955313,"Phone For the Fish Knives (Tode Hall, #2)",Daisy Waugh,,4.0,
1931498,Lost Gods,Brom,489.0,4.0,2016.0
248844,"Rory's Last Chance (Love in Xxchange, #1)",Bailey Bradford,186.0,5.0,2011.0
2281944,"Um, Dó, Li, Tá (Portuguese Edition)",M.J. Arlidge,354.0,4.0,2014.0
2040893,Втората госпожа Астор,Shana Abe,320.0,4.0,2021.0
687845,Sock Innovation: Knitting Techniques and Patterns for One-of-a-kind Socks,Cookie A.,144.0,4.3,2009.0
1037805,"Crowded, Vol. 2: Glitter Dystopia",Christopher Sebela,168.0,4.4,2020.0
1740309,Windows on Christmas,Bill Crowder,82.0,5.0,2007.0
2002817,Dziewczyna z warkoczami,Anna H. Niemczynow,464.0,5.0,2018.0
1425634,Addressing Brain Injury in Under-Resourced Settings,Ross Balchin,342.0,4.0,
2465834,"House of Shadows (The Medieval Murderers, #3)",The Medieval Murderers,400.0,3.0,2007.0
711906,Pregnant By A Ruthless Billionaire (Freaky Weekend With A Trill Billionaire series Book 2),K. Nicole,161.0,4.09523809523809,
2234884,Arcadian Nights: The Greek Myths Reimagined,John Spurling,320.0,4.0,2016.0
2361317,D.A.R.I.A. BOOK SIX (The D.A.R.I.A. Chronicles 6),Martin E. Silenus,222.0,4.0,
295630,Atlas: The Story of Pa Salt (The Seven Sisters #8),Lucinda Riley,700.0,4.73351648351648,2023.0
1105260,Armageddon Outta Here (Skulduggery Pleasant #8.5),Derek Landy,529.0,5.0,2014.0
898652,Alone And Afraid,Karen Lewis,35.0,4.0,2010.0
2506992,Frommer's EasyGuide to New Orleans 2018 (EasyGuides),Beth D'Addono,288.0,4.0,
662467,Savage Heart (Savage Raiders MC Book 4),Eve  Black,389.0,3.75,
1090229,"The Everything Kids' Science Experiments Book: Boil Ice, Float Water, Measure Gravity-Challenge the World Around You! (Everything® Kids Series)",Tom Robinson,144.0,4.63636363636364,2001.0
563855,LOVE LANGUAGE: K-POP Erotic Romance Collection,Love Journey,499.0,5.0,2017.0
665679,HAVING MY BABY,Jennifer Croy,80.0,5.0,
2397571,"How We Fall Apart (How We Fall Apart, #1)",Katie Zhao,8.0,5.0,2021.0
2094800,Lovers and Newcomers: A Novel,Rosie Thomas,518.0,5.0,2010.0
477396,"Interview with a Ghost in Arizona (Ghost Mysteries of the Southwest, #2)",Angela Pepper,115.0,4.0,2016.0
995198,سرگذشت من,Charlie Chaplin,728.0,4.0,1964.0
147037,"Empire (Empire, 1)",Orson Scott Card,368.0,4.0,2006.0
2248137,Uyirin Ragasiyam,Sujatha,79.0,3.0,2007.0
377177,"Never Never (Never Never, #1)",Colleen Hoover,150.0,4.0,2015.0
1498249,Tomorrow They Won't Dare to Murder Us: A Novel,Joseph Andras,89.0,4.0,2016.0
239262,"Attack on Titan, Vol. 24 (Attack on Titan, #24)",Hajime Isayama,192.0,4.5,2017.0
2513986,Portret Doriana Graya,Oscar Wilde,199.0,4.0,1890.0
1714722,"Die verratene Nacht (Tagebücher der Dunkelheit, #4)",Joss Ware,392.0,5.0,2011.0
2588502,Le Mystère de la fillette de l'ombre (French Edition),Marc Thil,82.0,4.0,2013.0
2246013,The Further Adventures of Sherlock Holmes - The Devil's Promise,David Stuart Davies,246.0,5.0,2014.0
1835724,Where Do We Go from Here: Chaos or Community?,Martin Luther King Jr.,256.0,5.0,1966.0
1487181,Make Me a Legend: For the Dream of a Better Tomorrow,Chuck Balsamo,312.0,5.0,2011.0
2032550,S'aimer malgré tout,Nicole Bordeleau,448.0,2.0,
1755370,Ce que ramènent les vagues (French Edition),Shan Martin,330.0,4.0,
1292621,Differential Calculus,B. Brainerd,,5.0,
1315128,"The Order of Obsession (The Brotherhood of Darkness, #1)",Hilary Storm,200.0,5.0,
2021913,Mimi,Lisl Weil,48.0,3.0,1961.0
2278352,When Life Gives You Mangos,Kereen Getten,208.0,5.0,2020.0
1879533,Snow Blind (A Monkeewrench Novel),P.J. Tracy,384.0,4.0,2006.0
693810,Jason Kidd: Leader on the Court (Sports Leaders),Ken Rappoport,104.0,4.5,2004.0
1052640,"After Putin's Russia: Past Imperfect, Future Uncertain",Stephen K. Wegren,330.0,4.0,2009.0
978803,The Knife,Ross Ritchell,255.0,5.0,2015.0
1955522,Behavior Therapy (Theories of Psychotherapy Series®),Martin M. Antony,180.0,4.0,2011.0
1615245,Battle Earth: The Second Trilogy,Nick S. Thomas,522.0,5.0,2013.0
1341863,Uncanny X-Men Masterworks Vol. 8,Chris Claremont,276.0,5.0,2012.0
1117504,His Finest Hour: A Biography of Winston Churchill,Christopher Catherwood,274.0,4.0,2010.0
458244,Úlfshjarta,Stefán Máni,299.0,2.66666666666667,2012.0
690560,"'Til Death: Volume Two ('Til Death, #2)",Bella Jewel,152.0,4.33333333333333,2015.0
2230389,Oorlog en terpentijn (Dutch Edition),Stefan Hertmans,350.0,4.0,2013.0
278877,Not For Tourists Guide to New York City 2014,Not For Tourists,336.0,3.0,2002.0
1262948,Letters to the Natto Nation,Daniel Erichsen,172.0,5.0,
1980237,Night Thunder's Bride (Blackfoot Warriors Book 3),Karen Kay,381.0,5.0,1999.0
1400205,Secret Arrangement: A Pride and Prejudice Variation,Deborah Ann Kauer,358.0,4.75,
2016729,"Cold Steel (Spiritwalker, #3)",Kate Elliott,625.0,2.0,2013.0
839903,The Owl Service,Alan Garner,,5.0,1967.0
467481,Líheň,Miroslav Žamboch,479.0,3.66666666666667,2009.0
2577256,Confessions of a Backup Dancer,Tucker Shaw,272.0,5.0,2004.0
1706116,Eroe (Ties of Steel #3),M.J. Fields,117.0,4.55555555555556,2015.0
882679,Poezii,Mihai Eminescu,604.0,5.0,
2147238,La piste aux étoiles - L'embaumeur (French Edition),Nicolas Lebel,0.0,4.0,2019.0
2275742,Christmas Redemption,Paty Jager,72.0,2.33333333333333,2011.0
1817489,Hard Cell: A thriller for boys aged 13-15 (Ryan Jacobs Book 5),Paul Orton,204.0,5.0,
216151,Beautiful Monster,J.L. Beck,272.0,5.0,2022.0
1337713,De parte de la princesa muerta,Kenizé Mourad,583.0,4.0,1987.0
2361109,"Out of Time's Abyss (Caspak, #3)",Edgar Rice Burroughs,,3.0,1918.0
2343772,Pattern Sourcebook: Nature: 250 Patterns for Projects and Designs,Shigeki Nakamura,128.0,4.0,2009.0
19397,Il Signore degli Anelli: da J.R.R. Tolkien a Peter Jackson,Emanuele Terzuoli,246.0,4.16666666666667,2004.0
301303,The Food Doctor in the City: Maximum Health for Urban Living,Ian Marber,144.0,4.0,2001.0
1374168,Finding Chaos (The Other Bennetts #2),Kate Allenton,141.0,5.0,2020.0
1023093,رفقای خیالی,Paul Auster,279.0,4.0,2013.0
1169190,"Art Now, Volume 3",Hans Werner Holzwarth,591.0,4.0,2008.0
1086820,Identity Crisis,Eliza Daly,184.0,5.0,2013.0
2292337,Oči zasypané pieskom,Paweł Smoleński,251.0,4.14285714285714,2014.0
1600154,JACE - Einspruch abgelehnt!: Enemies-to-Lovers-Liebesroman (Wild Boys 1) (German Edition),Annie Stone,420.0,3.33333333333333,2015.0
1681744,The Penguin History of Modern Vietnam,Christopher E. Goscha,620.0,4.6,2016.0
1496009,"Цветы на чердаке (Dollanganger, #1)",V.C. Andrews,480.0,3.66666666666667,1979.0
1360324,Please Keep Me (Holiday Heartwarmers #1),Mimi Barbour,105.0,5.0,
2287050,The Wedding At Seagrove (South Carolina Sunsets),Rachel Hanna,276.0,5.0,
1278136,Persuasion (Penguin English Library) by Jane Austen (26-Apr-2012) Paperback,Jane Austen,0.0,5.0,1817.0
2434536,Cries from the Cross: A Journey into the Heart of Jesus,Erwin W. Lutzer,162.0,4.0,2002.0
2550637,Diez maneras de cargarte tu relación de pareja: ...y muchas soluciones para vivir felices juntos,Patricia Ramírez,224.0,4.0,
2535541,The Pharaohs' Code: Creating a Joyful Life and a Lasting Legacy,Mohamed Tohami,146.0,4.0,2008.0
422845,Hero Cats of Skyworld Vol. 6: New Realm,Kyle Puttkammer,76.0,5.0,2017.0
2539628,Climbing the Date Palm: A labor rights love story (Mangoverse),Shira Glassman,256.0,4.0,2014.0
730054,"Beg You to Trust Me (Lindon U, #2)",B. Celeste,448.0,3.70786516853933,
2586914,The Kingfisher Book of Fairy Tales,Vivian French,92.0,5.0,2000.0
1947380,David Copperfield,Charles Dickens,0.0,4.0,1850.0
669256,I Am Not a COW! (Sammy Bird),V. Moua,0.0,4.75,
1226178,فصل الحريق,عمر المير,240.0,4.0,
1871252,La Terre est plate,Thomas L. Friedman,448.0,4.0,2005.0
1347120,366 Historias Del Fútbol Mundial Que Deberías Saber,Alfredo Relaño,812.0,3.0,2010.0
1006285,Três tigres tortas (Portuguese Edition),Tatiana Nascimento,69.0,1.0,
79285,Next of Kin,John Boyne,,4.0,2006.0
1405804,Gorilla Beach,"Nicole ""Snooki"" Polizzi",336.0,5.0,2012.0
1922706,Jan Saudek,Jan Saudek,199.0,5.0,1998.0
2100204,"Winter Chill (Seasons of the Heart, #2)",Susette Williams,81.0,3.0,2012.0
1108827,Plan C: Community Survival Strategies for Peak Oil and Climate Change,Pat     Murphy,304.0,4.0,2008.0
1695211,Scarred Mountain Man : Opposites Attract Damaged Hero Romance (Sweetheart Falls Book 1),Cassi Hart,89.0,4.625,
354586,"Sweetness and Lightning, Vol. 5",Gido Amagakure,192.0,5.0,2015.0
603182,Die Schattenschrift,Dana Chamblee Carpenter,396.0,5.0,2015.0
555602,Beyond Settler Time: Temporal Sovereignty and Indigenous Self-Determination,Mark Rifkin,296.0,3.66666666666667,
1726602,Cathy Goes to Canberra: Doing Politics Differently (Biography),Cathy McGowan,192.0,5.0,
3149,Resource Radicals: From Petro-Nationalism to Post-Extractivism in Ecuador,Thea Riofrancos,272.0,5.0,
1815428,Parties and Elections in America,L. Sandy Maisel,510.0,5.0,
1910280,Gewürzstraße,Maiya Ibrahim,496.0,4.0,2023.0
1342329,"2nd Chance (Women's Murder Club, #2)",James Patterson,0.0,5.0,2002.0
719520,The Dead Boys,Royce Buckingham,201.0,4.33333333333333,2010.0
968385,My Hot Autumn Knight (Hot Knights #2),Zee Irwin,151.0,5.0,
562343,Bir Muhtıranın Son Yaprakları,Halit Ziya Uşaklıgil,214.0,4.0,
2141153,Teamwork Means You Can't Pick the Side That's Right,Scott Adams,128.0,5.0,2012.0
1146065,plygs,Ed Kociela,298.0,4.2,2012.0
73380,Rumo und die Wunder im Dunkeln,Walter Moers,693.0,4.5,2003.0
1511602,Affordable Paradise: The Secrets of an Affordable Life in Hawaii,H. Skip Thomsen,264.0,4.0,2001.0
1810721,Dämonentango: Apokalypse (German Edition),Janco Weiland,254.0,3.0,
2186483,Hell's Paradise T06,Yūji Kaku,211.0,4.0,2019.0
2221899,Linda Evangelista Olsen,Suzanne Brøgger,206.0,3.0,2001.0
2016971,"A Light in the Dusk (Charlie Travesty, #2)",Jessi Elliott,111.0,3.5,2020.0
467040,Vagabunda,Luis Spota,184.0,4.0,
2505986,Le Comte de Monte Cristo II,Alexandre Dumas,896.0,5.0,1844.0
1349645,The Travels of Marco Polo,Edward W. Marsden,629.0,4.0,1987.0
2443946,Ireland's Haunted Women,Christina McKenna,322.0,2.0,2010.0
1550727,Inferno (La Divina Commedia #1),Dante Alighieri,672.0,4.53333333333333,1320.0
2420466,The Sediments of Time: My Lifelong Search for the Past,Meave Leakey,,5.0,2020.0
1728515,"Mama, Mama, Only Mama: An Irreverent Guide for the Newly Single Parent―From Divorce and Dating to Cooking and Crafting, All While Raising the Kids and Maintaining Your Own Sanity (Sort Of)",Lara Lillibridge,320.0,5.0,2019.0
621330,I'm No Angel: From Victoria's Secret Model to Role Model,Kylie Bisutti,304.0,3.54545454545455,2013.0
1814859,"Guitar Lessons: Learn How To Play Guitar By Following The Most Effective Techniques – Master The Art Of Playing Guitar And Surprise Your Family And Friends ... Play Guitar, How to Play Guitar Book 1)",Edison Salazar,22.0,1.0,2015.0
2395959,Swan Song,Robert McCammon,880.0,3.8,1987.0
1172375,Queen bee x Queen bee,irua,36.0,4.33333333333333,
436891,Handboek chakrapsychologie: zelfverwerkelijking in zeven stappen,Anodea Judith,495.0,5.0,1966.0
721636,La dimora delle bambole,Yukio Mishima,146.0,4.0,1953.0
2585826,Displaced Persons,Ghita Schwarz,356.0,3.0,2010.0
706278,The Dog That Whispered: A Novel,Jim Kraus,337.0,4.4,2016.0
307300,Negatīvs. Mazgadīgā cietumnieka stāsts,Aigars Dortāns,224.0,3.0,
2216445,"Prince of Secrets (By His Royal Decree, #2)",Lucy Monroe,192.0,2.66666666666667,2013.0
214533,The Other Wolf (The Entire Series Omnibus),Heather G. Harris,765.0,4.6875,2023.0
2025857,How to become a Virtual Assistant: How to set up a VA business at home,Julie Farmer,105.0,4.0,
1386631,Meditation in Action,Chögyam Trungpa,96.0,4.13333333333333,1969.0
1448864,La muerte visita Águilas,Juan Francisco Díaz Navarro,204.0,2.0,2021.0
559179,Palace of Dreams,Adam Jay Epstein,341.0,5.0,2013.0
61366,The Nutfield Saga Books 1-3: Christian Romantic Suspense (Nutfield Saga Boxsets Book 1),Robin Patchen,1190.0,5.0,
2202324,Light of Hope,S.T. Collins,246.0,3.0,
1300347,Temple of the Winds,James Follett,539.0,4.0,2000.0
2183849,Lentekriebels,Milly Johnson,380.0,4.0,2009.0
1501238,"Scion of Midnight (Daizlei Academy, #2)",Kel Carpenter,352.0,3.8,2017.0
1982469,Among the Iranians: A Guide to Iran's Culture and Customs,Sofia  A. Koutlaki,228.0,4.0,2010.0
1585962,Balmoral Kill: A 1930s Spy Thriller,John  Bainbridge,240.0,3.0,2014.0
1046897,Highlander Fallen (Highlander in Time #5),Rebecca Preston,330.0,4.5,
441173,No Sufoco,Chuck Palahniuk,272.0,3.66666666666667,2001.0
2000408,Todo Pasa y Esto Tambien Pasar: Como Superar las Perdidas de la Vida (Spanish Edition),Martha Chavez,112.0,4.0,2008.0
2194840,Vampire Sight (The Shadow Order: Vampire #3),Kristin Kova,234.0,5.0,
1624877,"Love Game (The Matchmaker, #3)",Elise Sax,304.0,4.2,2014.0
2359332,O controle judicial de constitucionalidade das leis no direito comparado,Mauro Cappelletti,142.0,4.0,1978.0
150197,Regency Black Hearts: Collection,Claudia Stone,387.0,4.0,2017.0
23871,Hocus Pocus Puzzle Book: A Great Book Contains Lots Of Interesting And Challenging Puzzles For Anyone Loving Hocus Pocus To Unwind And Enjoy.,Heidee Gomez,,5.0,
124159,Tragická historie nás dvou,Jess Rothenberg,390.0,3.5,2012.0
742758,"Danny Dunn on a Desert Island (Danny Dunn, #2)",Jay Williams,160.0,2.0,1957.0
2263747,Panoramic Views With A New York Millionaire 2: The Finale,Theresa Reese,154.0,3.0,
2509897,"Lessons After Dark (Englefield, #2)",Isabel Cooper,342.0,4.0,2012.0
536866,Wylding Hall,Elizabeth Hand,148.0,4.1875,2015.0
2020552,Tibb ul Qulub - Heilung der Herzen - Teil 1,ابن قيم الجوزية,105.0,4.0,
1084562,Sposób na Alcybiadesa,Edmund Niziurski,191.0,3.0,1964.0
1618812,Ghosted,Leslie Margolis,256.0,4.0,2018.0
2432853,"Baby's First Creamy Feast! (ABDL Nursing, Diaper Lover)",Olivia Lyons,37.0,2.0,
961773,"Options Trading For Beginners - Options Trading 101 - The Basics of Call Options and Put Options (Options Trading, Options Trading For Beginners, Options ... Trading Made Simple, Options Trading 101)",Carter Grant,32.0,4.0,2015.0
528262,The Men I Didn't Marry,Janice Kaplan,285.0,3.11111111111111,2006.0
1829736,Soy asesino y padre de familia,Fabio Rubiano,104.0,4.0,
1388742,Love and the Land Beyond (Dr Jason Love Book 7),James Leasor,241.0,3.0,1979.0
398187,The Alchemist 【Paperback】2014 by Paulo Coelho 25 Anv edition [1796],Paulo Coelho,0.0,4.33333333333333,1993.0
2542287,Skip,Molly Mendoza,168.0,3.66666666666667,2019.0
1056785,Mail Order Molly (A Brides of Beckham Novel),Amelia C. Adams,104.0,4.0,
1715208,O Coração das Trevas,Joseph Conrad,126.0,4.66666666666667,1899.0
2100696,Unihiekkaa etsimässä - ratkaisuja vauvan ja taaperon uniongelmiin,Anna Keski-Rahkonen,236.0,3.75,2011.0
2550188,"Marco's MMA Boys: Starter Set (Marco's MMA Boys, #0.5-#3)",S.M. Donaldson,624.0,5.0,
1621632,Breve tratado del desencanto (Spanish Edition),Nicolas Grimaldi,96.0,4.0,
2031892,‫الكتاب الأسود‬ (Arabic Edition),نرمين نعمان,0.0,3.0,
1469744,هؤلاء علموني,القمص/ اشعياء ميخائيل,,5.0,
2001502,"Selena Gomez: The Ultimate Fan Book 2015: Selena Gomez Biography, Facts and Quiz (Selena Gomez Book 1)",Jenny Kellett,40.0,5.0,2015.0
1385038,আবোল তাবোল,Sukumar Ray,60.0,5.0,1923.0
532265,Heads You Win: A Captivating Standalone From The Bestselling And Sublime Storyteller Jeffrey Archer,Jeffrey Archer,446.0,4.03960396039604,2018.0
247758,What You Are Looking for Is in the Library,Michiko Aoyama,252.0,4.07407407407407,2020.0
1182275,Mr. Watson's Chickens,Jarrett Dapier,48.0,4.0,2021.0
1132786,Il piccolo libro dell'ikigai: La via giapponese alla felicità,Ken Mogi,167.0,3.75,2017.0
107999,源君物語 七,Minori Inaba,200.0,3.0,2015.0
989582,Egon Schiele: 27 Masterworks,Jane Kallir,62.0,3.0,1996.0
2521140,Nasze piękne chwile,Natalia Sońska,384.0,2.5,2021.0
2506048,Friday Black,Nana Kwame Adjei-Brenyah,208.0,5.0,2018.0
2448712,"MacKenzie Fire (Shine Not Burn, #2)",Elle Casey,341.0,3.0,
2137491,El librito de las imágenes imaginables,Fernando de Hoyos,0.0,5.0,
647194,Flowers from Hell: A Satanic Reader,Nikolas Schreck,288.0,5.0,2001.0
2089638,Living with Confidence in a Chaotic World Bible Study Participant's Guide: Discovering What on Earth We Should Do Now,David Jeremiah,80.0,4.5,2000.0
156684,"Excalibur (The Arthur Books, #3)",Bernard Cornwell,480.0,5.0,1997.0
1561565,UNABOMBER Profetul ucigas,Ovidiu Hurduzeu,426.0,4.0,
1983787,"Dragon Flight (Dragon Slippers, #2)",Jessica Day George,288.0,4.6,2008.0
1322870,Privilegiat,Matthew Tree,208.0,3.0,2001.0
1987537,No Ringue (Portuguese Edition),Jordana Ferreira,312.0,5.0,
2383965,Modern Bebek Bakımı,Erhan Ateş,257.0,5.0,2009.0
2111517,The Glass Universe: How the Ladies of the Harvard Observatory Took the Measure of the Stars,Dava Sobel,,2.0,2016.0
1157581,Raid of the Wolves (The Ormstunga Saga #2),Donovan Cook,364.0,4.5,
2234103,Paha meri - Itämeren myrskyisä historia,Petri Laukka,252.0,3.0,
1331189,"Cross-Dressing Villainess Cecilia Sylvie, (Light Novel) Vol. 1",Hiroro Akizakura,180.0,5.0,2019.0
2322729,The Christmas Pearl,Dorothea Benton Frank,247.0,3.0,2007.0
1844902,أقنعة الدّستوبيا,هاني القلاف,220.0,1.0,
839128,Changing Minds: The Art and Science of Changing Our Own and Other Peoples Minds (Leadership for the Common Good),Howard Gardner,272.0,3.81818181818182,2004.0
1999345,Ombelico infinito,Dash Shaw,720.0,4.5,2008.0
2206656,Això no és Amèrica,Jordi Puntí,224.0,4.0,2017.0
2540788,El jardín de Marta,Toni Cifuentes,194.0,5.0,
318556,"From Badger to Worse (Agents of S.U.I.T., #2)",John Patrick Green,208.0,4.25,2024.0
1165824,Heatstroke: The Extended Edition,Taylor V. Donovan,120.0,5.0,2013.0
28882,Kuukivi (Maailma krimiklassika; #6),Wilkie Collins,496.0,4.0,1868.0
146163,"Unwrapped (Clear Security Holiday, #2)",Ainsley St. Claire,267.0,4.5,
1840257,"Pregnancy, Childbirth, and the Newborn:  The Complete Guide",Penny Simkin,512.0,3.5,1984.0
472116,Malabar Mind-Poems,Anita Nair,93.0,2.0,2004.0
1964518,Το έπος του Γκίλγκαμες,Anonymous,234.0,5.0,-1200.0
2599941,The Leftovers,Tom Perrotta,,4.0,2011.0
238110,Girl Town,Casey Nowak,160.0,3.96428571428571,2018.0
2160415,Mistletoe Lies,Ivy Lane,170.0,5.0,
1810628,Point Man: How a Man Can Lead His Family...By Steve Farrar,(Fatherhood/Christian),,4.0,
1459514,Die Hauptstadt,Robert Menasse,460.0,3.70212765957447,2017.0
2169409,唐宋词十七讲,叶嘉莹,548.0,5.0,
550708,The Man Game,Lee Henderson,432.0,4.33333333333333,2008.0
1415494,The Unlikely Escape of Uriah Heep,H.G. Parry,464.0,3.94,2019.0
1723755,Creative Transformation - The Golden Lotus Sutras on Spiritual Practice,Choa Kok Sui,48.0,4.0,2013.0
108909,Di guerra in guerra. Dal 1940 all'Ucraina invasa,Edgar Morin,112.0,3.33333333333333,
208385,United and Ignited: Encountering God Through Dynamic Corporate Prayer,Dennis Fuqua,202.0,2.0,2012.0
1395863,Cal by Bernard MacLaverty (1998-05-07),Bernard MacLaverty,,2.0,1983.0
1385109,"The Voyage of the Dawn Treader (Chronicles of Narnia, #5)",C.S. Lewis,272.0,4.5,1952.0
2168582,The Gospel of John: Commentary by Ray Comfort,Ray Comfort,112.0,5.0,
2013019,Amor armado,Jennifer Clement,264.0,4.0,2018.0
436167,A Frosty Farewell (Space Trippers #3),A. Lightbourne,,3.0,2010.0
2533372,Winner Takes All,Katie Price,400.0,5.0,
2220287,Sacred Compass: The Way of Spiritual Discernment,J. Brent Bill,191.0,4.5,2008.0
1609692,الرسول زوجا,موقع نصرة رسول الله,,4.0,2007.0
246225,Sparkling Cyanide,Agatha Christie,189.0,3.5,1945.0
2044182,Gabriel's Rapture: Part 1 (The Gabriel's Inferno Series),Melanie Zanetti,,4.0,
1846431,"Reaching Out, Joining in: Teaching Social Skills to Young Children With Autism (Topics in Autism)",Mary Jane Weiss,225.0,4.0,2001.0
1124970,I sotterranei del Vaticano,André Gide,292.0,4.25,1914.0
1938186,Апокалипсис в русской литературе,Aleksei Kruchenykh,48.0,5.0,2013.0
2000910,Turnbull Canyon: a teen mystery,Kirk Haggerty,222.0,5.0,
2003603,Het verzetsmeisje,Pam Jenoff,387.0,3.5,2023.0
1272954,La principessa Baciarospi,Garth Nix,456.0,3.5,2017.0
1512402,Invisible Sisters: A Memoir,Jessica Handler,267.0,3.0,2009.0
153620,Dark Persuasion Techniques - The Psychology Of Manipulation,Charles Steed,124.0,3.0,2013.0
2277469,The Revolutionary Jounalism of Big Bill Haywood : On the picket line with the IWW,John Newsinger,170.0,3.0,2016.0
730652,The Beirut Protocol (Marcus Ryker #4),Joel C. Rosenberg,448.0,4.66666666666667,2021.0
2573332,The Business of Trading: 101 steps to trading success,John  Piper,423.0,1.0,2012.0
1466787,Erntejahre - Was wir sind (Die Warthenberg-Saga #3),Izabelle Jardin,358.0,5.0,
1031722,The 13th Reality The Complete Set (Boxed Set): The Journal of Curious Letters; The Hunt for Dark Infinity; The Blade of Shattered Hope; The Void of Mist and Thunder,James Dashner,2096.0,4.2,2012.0
1732681,Visible and Invisible,Jenni DeWitt,268.0,5.0,
537615,حماسه‌ی کرپسلی #4 - برادر تا پای مرگ,Darren Shan,294.0,4.33333333333333,2012.0
765726,Indochine,Christie Dickason,688.0,5.0,1987.0
1771776,MMG Box Set,R.B. Hilliard,1289.0,4.0,
990808,Madame President,Tara Sue Me,292.0,4.5,
2233966,Thriller: Stories to Keep You Up All Night,James Patterson,664.0,3.0,2006.0
472367,"Mark of Damon (The Witch's Consorts, #6)",Eva Chase,132.0,4.0,2020.0
973263,Kamienica pełna cudów,Beata Zdziarska,304.0,4.0,2024.0
2358315,The Christmas Escape,Sarah Morgan,352.0,3.84042553191489,2021.0
1125679,This (last) Christmas,Julia Pelzer,364.0,5.0,
2216795,Haircutting for Dummies,J. Elaine Spear,,4.0,2002.0
1881213,The New Essential Guide to Gay and Lesbian Weddings,Tess Ayers,304.0,2.0,2009.0
2404603,Leroy Ninker Saddles Up,Kate DiCamillo,96.0,5.0,2014.0
974143,A Star at the Bottom of the Sea,Gayle Ridinger,32.0,3.0,2002.0
499660,Always Crew (Crew #3),Tijan,364.0,4.44444444444444,2020.0
1474804,Goenawan Mohamad: Selected Poems,Goenawan Mohamad,227.0,4.0,2004.0
1343808,"Home to Wyoming (Daddy Dude Ranch, #2)",Rebecca Winters,219.0,4.0,2013.0
1359733,Great American Craft Beer: A Guide to the Nation's Finest Beers and Breweries,Andy  Crouch,320.0,3.66666666666667,2006.0
2197218,Claire and the Lady Billionaire 4,Giselle Fox,86.0,4.5,
2468898,"Viva Jacquelina! Being an Account of the Further Adventures of Jacky Faber, Over the Hills and Far Away (Bloody Jack, #10)",L.A. Meyer,368.0,4.44444444444444,2012.0
2281039,Fuera de mi zona de confort,Marena Hope,383.0,4.5,
1901969,The String Quartet,Dan Hupalo,297.0,4.0,2013.0
1742331,"The Notorious Benedict Arnold: A True Story of Adventure, Heroism & Treachery",Steve Sheinkin,353.0,4.66666666666667,2010.0
839516,"The Empress of Salt and Fortune (The Singing Hills Cycle, #1)",Nghi Vo,124.0,4.18571428571429,2020.0
1044816,Dear Aaron,Mariana Zapata,498.0,4.0,2017.0
2166938,Integration of the Indian States,V.P. Menon,769.0,4.0,1956.0
310682,Les chiens et les chats ont aussi une âme,Jenny Smedley,0.0,4.5,
1639655,"Fusion (Sodium, #3)",Stephen Arseneault,145.0,5.0,2012.0
2522194,The Mist (Hidden Iceland #3),Ragnar Jónasson,277.0,4.0,2017.0
288491,Little White Slips,Karen Hitchcock,222.0,4.5,2009.0
2105867,Willow Canyon,Wm Patterson White,,3.0,
513843,Population Zero: Book 2 (The Population Zero Trilogy #2),Ryan Schow,263.0,4.4,
1952544,"Una cita en el Edén (Serie Edén, #2)",Olga Salar,95.0,4.0,
929801,Inside the Mind of C.J. Galaway: An Introduction,C.J. Galaway,112.0,5.0,
599137,Rebecca,Daphne du Maurier,357.0,4.5,1938.0
2396966,"I'm a Noble on the Brink of Ruin, So I Might as Well Try Mastering Magic (Manga): Volume 1",Rio Akisaki,0.0,4.0,
1722730,Diana's Leap,D. Glenn Millar,310.0,4.0,
1651308,Mage Accession,Christopher George,453.0,2.0,
1409660,Blood and Blasphemy,Gerri R. Gray,427.0,5.0,
171326,Tangled Innocence (Egorov Bratva #1),Nicole Fox,575.0,4.33103448275862,
677663,Bluish,Virginia Hamilton,128.0,3.6,1999.0
1120691,Sun Tzu on the Art of War - A Business Strategy Handbook,Gary Gagliardi,,2.0,
1933430,Mr Romance,Miles Gibson,292.0,5.0,1994.0
22731,Kijk niet achterom,Karin Fossum,312.0,3.71428571428571,2004.0
198930,One Good Turn,Kate Atkinson,544.0,3.8,2006.0
370808,La foresta di Brocelandia,Jean-Louis Fetjaine,255.0,2.0,2003.0
2089402,"Thousand Miles to Freedom, A by Eunsun Kim (2015-08-13)",Eunsun Kim,0.0,5.0,2012.0
2101639,"It's in His Kiss (Bridgertons, #7)",Julia Quinn,12.0,3.5,2005.0
1097589,26 bajek z Afryki,Ryszard Kapuściński,122.0,4.0,2007.0
86722,La otra raya del tigre,Pedro Gómez Valderrama,,5.0,
1461679,Bedgeheimen,Zoe Le Verdier,240.0,2.0,1998.0
2548812,Hitting a Straight Lick with a Crooked Stick,Zora Neale Hurston,304.0,4.0,2020.0
35223,The Lady or the Tiger? And Other Logic Puzzles,Raymond M. Smullyan,226.0,4.25,1982.0
2268413,"Le mal par le mal (W3, #2)",Jérôme Camut,816.0,1.0,2015.0
89648,Vadnai Bébi,Géza Bereményi,,3.0,2013.0
1353239,Contos dos Irmãos Grimm,Clarissa Pinkola Estés,310.0,5.0,
350470,The Substitute Groom (Hawk's Way #12),Joan Johnston,296.0,4.25,1998.0
898948,Season of Anomy,Wole Soyinka,336.0,4.5,1973.0
611992,La llave,Tone Almhjell,352.0,3.66666666666667,2013.0
2048817,Alice in Orcland: A Monster Fantasy Romance Story,Lily Carroll,54.0,5.0,
1542631,A Little Christmas: Sawyer,R.A. Frick,162.0,4.5,2022.0
349171,Our Only World: Ten Essays,Wendell Berry,196.0,4.1,2015.0
2014818,Das 5. Gebot,Nika Lubitsch,242.0,4.5,
489863,"Ódiame de día, ámame de noche (Un romance en Londres, #2)",Nieves Hidalgo,344.0,4.33333333333333,
2200664,"Kopyto, Mňouk a vesmírná brána (Kopyto a Mňouk, #11)",Miloslav Švandrlík,129.0,3.0,1997.0
453803,The Witcher: House of Glass #2,Paul Tobin,24.0,4.0,2013.0
1365911,Alien Mercenary's Prize (Lathar Mercenaries: Warborne #3),Mina Carter,194.0,4.71428571428571,2021.0
2171208,"Number 367 (Agents of the Domes, #1)",Sara Deray,247.0,5.0,
377828,"Red Notice by Bill Browder | A 15-minute Summary & Analysis: A True Story of High Finance, Murder, and One Man's Fight for Justice",Instaread Summaries,24.0,4.57142857142857,2015.0
2283769,Swinging for the Fences,Alex Montoya,208.0,2.0,2008.0
1187698,Quiet Leadership: Six Steps to Transforming Performance at Work,David Rock,290.0,4.6,2006.0
383068,"Maria’s Movie Comeback (The Unicorn Club, #2)",Francine Pascal,135.0,4.0,1994.0
2019362,Vaikas pokyčių kelyje,Asta Blandė,140.0,3.0,2018.0
595184,Jack and the Westbourne Fair - Book and Audio CD Pack - Leve,Martyn Hobbs,64.0,4.0,2009.0
2268798,The Saint,Oliver Broudy,85.0,3.0,2011.0
234529,تهمة اليأس,Arthur Schopenhauer,130.0,3.28571428571429,
1783684,"Tieň kostí (Griša, #1)",Leigh Bardugo,352.0,4.0,2012.0
1978712,"The Heart (The Reluctant Romantics, #2)",Kate  Stewart,263.0,4.375,2016.0
225084,"Caliban's War (Expanse, #2)",James S.A. Corey,608.0,4.57777777777778,2012.0
1460335,Simplify Your Life with Mindfulness: Focus on the important things and regain control of your life,MindfulDevMag,71.0,3.5,
363103,As Born to Rule the Storm,Cate Baumer,111.0,4.25,2023.0
2161035,Edge Of Tomorrow (Eternal Flames Maddox #6),Maggie Walsh,190.0,5.0,2017.0
565725,Dorota i Oz znowu razem,L. Frank Baum,172.0,4.0,1908.0
2349524,La reina del islote de tierra,Donal Ryan,252.0,3.0,2022.0
635571,The Keeper of Secrets,Maria McDonald,314.0,4.0,
1122171,Les fantomes de la colo (Chair de Poule #32),R.L. Stine,,5.0,1996.0
759057,Jampi Cinta Buat Dato' F,Cik Tet,524.0,4.0,2019.0
402199,Vengeful Gods,Elliott Rose,652.0,3.0,
432769,"Kill City Blues (Sandman Slim, #5)",Richard Kadrey,383.0,4.0,2013.0
782940,Война с саламандрами. Рассказы (сборник),Karel Čapek,416.0,4.6,
1112045,Freedom's Children: Young Civil Rights Activists Tell Their Own Stories,Ellen Levine,192.0,4.33333333333333,1993.0
1838852,The Race,Édouard Manceau,64.0,5.0,2014.0
871398,Alice’s Adventures in Wonderland (Collins Classics),Lewis Carroll,69.0,5.0,1865.0
1369299,El oráculo térmico (Biblioteca Breve) (Spanish Edition),María Antonia León,127.0,4.0,
787258,Worm Farming ---- The Fun and Easy Way to Turn your Waste into Amazing Fertilizer!,Kay Summers,25.0,3.0,2012.0
361904,Asteriks. Biały Irys,Fabcaro,48.0,3.0,2023.0
519874,"The Switch: Ignite Your Metabolism with Intermittent Fasting, Protein Cycling, and Keto",James W. Clement,320.0,3.5,2019.0
1857590,Knock Knock!: Over 100 Funny Knock Knock Jokes for Kids (Best Jokes for Kids Book 1),Jimmy Giggles,48.0,3.51851851851852,
722072,The Outworlder (The Silesia Trilogy #1),S.K. Valenzuela,242.0,4.0,2011.0
2400880,The Marriage Test: A completely addictive and pulse-racing psychological thriller with a shocking twist,Ellie Monago,356.0,2.0,
541729,La route du futur,Bill  Gates,360.0,3.0,1995.0
1645089,"Summer at the Shore (Seashell Bay, #2)",V.K. Sykes,384.0,3.0,2015.0
1288304,Marrying Simone (Penny Lake #3),Anna Jacobs,305.0,4.71428571428571,
1194833,"Penny Green Volume 1, #1-3 (Penny Green, #1-3)",Emily Organ,939.0,4.0,2019.0
886051,Kaijumax Season Three: King of the Monstas (3),Zander Cannon,160.0,2.5,2018.0
2603728,Beautifully Painted (Candied Crush #6),Charity Parkerson,140.0,5.0,
2594271,Dirty Pretty Things (Michael Faudet #1),Michael Faudet,290.0,4.0,2014.0
835738,سینوهه پزشک مخصوص فرعون,Mika Waltari,,4.22222222222222,1945.0
2449501,Wake for the Angels,Mary Woronov,205.0,1.0,1994.0
1207139,A Tempest,Aimé Césaire,70.0,2.0,1969.0
2266437,Bushcraft: Outdoor Skills and Wilderness Survival,Mors Kochanski,304.0,4.4,1988.0
1731880,Frühlings Erwachen,Frank Wedekind,77.0,3.25,1891.0
2369651,True North: A Roadmap for Discernment,Joel Stepanek,201.0,5.0,
1979980,เหลี่ยมโบตั๋น,Kevin Kwan,660.0,3.0,2013.0
1178560,Playing to Win Complete Series,Alix Nichols,341.0,4.5,
1181344,I Hate to Wait,Sigal Adler,34.0,3.0,
2207544,Descendant of Hell (Edward King #2),Rick Wood,264.0,3.0,
123741,Hunting for Truth (An Aria For The Vampire #2),Philippa Norcross,296.0,5.0,
2053451,"Malachite (Paladin Cycle, #1)",Kirby Crow,344.0,4.0,2016.0
2472282,"Possessed (Raider Warlords of the Vandar, #1)",Tana Stone,276.0,3.82978723404255,2020.0
132880,Twisted: The Tangled History of Black Hair Culture,Emma Dabiri,272.0,4.66666666666667,2019.0
1079708,The Streets Raised Me,"Deyona ""Yona"" Pearson",217.0,5.0,2015.0
196675,Cartagena!: a Hidden Gem guide to surgical tourism,K. Eckland,154.0,5.0,2011.0
1176356,The Nine of Us: Growing Up Kennedy,Jean Kennedy Smith,195.0,3.63636363636364,2016.0
1210208,"The Blood of Olympus (The Heroes of Olympus, #5)",Rick Riordan,502.0,4.46153846153846,2014.0
427580,Cocktails for Three,Madeleine Wickham,301.0,3.0,2001.0
1342937,Sunakay (Spanish Edition),Meritxell Martí,104.0,3.0,
2255731,Great Sedona Hikes,William Bohan,130.0,3.0,2010.0
986868,The Librarian's Skillbook: 51 Essential Career Skills for Information Professionals,Deborah Hunt,182.0,5.0,2013.0
1197376,"Viral Loop: From Facebook to Twitter, How Today's Smartest Businesses Grow Themselves",Adam L. Penenberg,293.0,4.0,2009.0
607534,Countdown,Ben Mikaelsen,256.0,3.0,1996.0
372310,"Греховна империя (Mount Trilogy, #3)",Meghan March,272.0,4.66666666666667,2017.0
1759726,The New Age Lotus Sutra Prayer,Umesh Mathur,21.0,5.0,
725399,"Ascendance of a Bookworm (Light Novel), Part 4 Volume 5",Miya Kazuki,356.0,4.66666666666667,2018.0
2078060,Ventos do Apocalipse: Romance,Paulina Chiziane,278.0,4.0,1993.0
286667,Salmo y otros cuentos inéditos,Mikhail Bulgakov,158.0,3.0,2011.0
2316344,Die Tochter,Jessica Durlacher,327.0,3.0,2000.0
521705,Stay In Tonight 2,Anya Merchant,283.0,4.5,
1894511,The Forsaken,Estevan Vega,402.0,4.0,2007.0
1747500,Box: Henry Brown Mails Himself to Freedom,Carole Boston Weatherford,56.0,4.6,2020.0
1730418,Learn C the Hard Way: Practical Exercises on the Computational Subjects You Keep Avoiding (Like C) (Zed Shaw's Hard Way Series),Zed A. Shaw,384.0,4.0,2015.0
2367999,Fantômas,Marcel Allain,284.0,3.5,1911.0
640674,Još jednom,Ken Grimwood,320.0,3.0,1987.0
1601002,A Question of Time,Steven Lazaroff,334.0,4.0,
2441925,Le temps des guépards: La guerre mondiale de la France de 1961 à nos jours,Michel Goya,368.0,3.0,
1062551,Hope Under Mistletoe (Seasons of Hope #1),Jessica R. Patch,113.0,4.5,2015.0
762734,"Heartsong (Green Creek, #3)",T.J. Klune,480.0,4.48663101604278,2019.0
2112098,Neuromancer (Voyager Classics) by William Gibson (2013-03-28),William Gibson,,4.0,1984.0
1600820,I passeri di fango,Francesco Nappo,192.0,3.0,
624228,Indiana Jones Y La Ultima Cruzada,Rob MacGregor,0.0,3.0,1989.0
310250,Πετρέλαιο!,Upton Sinclair,652.0,4.0,1926.0
1481290,"Potwór z Podhala (Paweł Wolski, #3)",Bartłomiej Kowaliński,376.0,4.0,
26589,A cincea fiolă,Michael           Palmer,272.0,5.0,2000.0
2563781,Your Love Is All I Have 2,Lady Trice,166.0,5.0,
803670,Des secrets en héritage (French Edition),Lise Bergeron,329.0,5.0,
17752,Propósito - A Coragem de Ser Quem Somos,Sri Prem Baba,156.0,3.84,
2434388,Ο γάτος της Σοφίας,Billi Rosen,,5.0,
241469,Gesammelte Werke Bd.54: Trapper Geierschnabel (German Edition),Karl May,448.0,5.0,
1449980,HappyHead,Josh  Silver,363.0,4.66666666666667,2023.0
811944,"Sticks & Stones (Cut & Run, #2)",Abigail Roux,298.0,5.0,2010.0
2092356,The Lovesick Maid: A Pride and Prejudice Sequel,Mark Brownlow,88.0,4.0,
1729555,The Curious Cases of Sherlock Holmes - Volume One,Stephen Herczeg,214.0,5.0,
1128420,"Heart Journey (Celta's Heartmates, #9)",Robin D. Owens,368.0,4.5,2010.0
1569294,Белый клык. Любовь к жизни. Путешествие на «Ослепительном»,Jack London,426.0,5.0,1907.0
585534,Accelerated Learning and Unlimited Memory Techniques and Strategies. Tips & Tricks for Students and Adults,Jimmy Cooper,78.0,3.5,
1115371,"For You, Anything",Elizabeth SaFleur,186.0,3.0,
1924472,"The Rotary Cement Kiln: Total Productive Maintenance, Techniques and Management",J.P. Saxena,336.0,4.0,2009.0
490790,I'm Trying to Love Rocks,Bethany Barton,40.0,4.5,
493531,Wild Fermentation: A Do-It-Yourself Guide to Cultural Manipulation (DIY),Sandor Ellix Katz,64.0,5.0,2001.0
1617264,The Red Book,Rangddo,,5.0,2015.0
266796,"Ms. Marvel, Vol. 3: Crushed",G. Willow Wilson,112.0,4.27142857142857,2015.0
2444332,"Now I See You (Mountain Resort Mystery, #1)",Shannon Work,500.0,4.4,
1323647,The Gates of November,Chaim Potok,274.0,3.75,1996.0
330866,Metropolis,Christian Montenegro,128.0,4.0,
240744,Attack of the Black Rectangles,Amy Sarig King,258.0,4.15189873417722,2022.0
2313957,The Party Faithful: How and Why Democrats Are Closing the God Gap,Amy Sullivan,272.0,5.0,2008.0
1883052,El Pacto: [Cuentos] (Spanish Edition),Anibal Silvero,46.0,3.0,
2491885,Master and Man,Leo Tolstoy,75.0,2.0,1895.0
299991,"Fierce (Fierce, #1)",Ginger Voight,294.0,4.0,2013.0
1150674,Dare to...Sex Guide (DK Pocket Encyclopedia),Anne Hooper,,3.0,2005.0
704648,"Snowy and the Seven Doves (A Twist Upon a Regency Tale, #3)",Jude Knight,270.0,4.0,
1912774,Ciel,Sophie Labelle,123.0,5.0,2017.0
2488381,Moon Knight: Divided We Fall (1992) #1,Bruce Jones,51.0,4.0,
2302158,Is This . . . Winter? (Helen Yoon’s Is This . . .?),Helen Yoon,33.0,4.0,
938590,La mélodie des jours,Lorraine Fouchet,364.0,5.0,2010.0
537759,Finding Violet (Shadows of Obsession Book 3),I.A. Dice,340.0,4.06896551724138,
88209,Poor Economics for Kids,Esther Duflo,339.0,5.0,
2473274,True Crime Case Histories - Volume 8: 12 Disturbing True Crime Stories (True Crime Collection),Jason Neal,186.0,4.33333333333333,
494979,Viimeinen katekeetta - opettajana Inarin erämaissa,Laura Lehtola (*),190.0,3.0,1984.0
543320,Mrs Hopkins,Shirley Barrett,448.0,4.0,
1467345,"Cryptography: The Key to Digital Security, How It Works, and Why It Matters",Keith M. Martin,316.0,3.66666666666667,2020.0
1721928,The Storm,Arif Anwar,320.0,4.25,2018.0
956423,On the Night of the Seventh Moon: The Classic Novel of Romantic Suspense,Victoria Holt,336.0,4.77777777777778,1972.0
514783,The Lonely Ones (Inspector Barbarotti Book 4),Håkan Nesser,566.0,3.0,2010.0
1699882,After the Fall: Being American in the World We've Made,Ben  Rhodes,339.0,4.19444444444444,2021.0
1209052,How To DELETE Books From My Kindle Library: A NEW Complete Step By Step Guide On How To Delete Books Off Your Kindle in 30 Seconds With Actual Screenshots (User Guides Book 8),Ultimate Guides,13.0,4.5,
2384379,Praying the Words of Jesus from Your Heart (Praying God's Word Daily Book 1),Adam Houge,118.0,5.0,2015.0
2020232,Un romanzo inglese,Stéphanie Hochet,126.0,4.0,2015.0
1656058,Shazam!: The Greatest Stories Ever Told,Bill   Parker,222.0,5.0,2008.0
1103968,On the Edge (Full Throttle #2),K. Bromberg,320.0,3.9438202247191,2024.0
22670,PJ Harvey's Rid of Me: A Story,Kate Schatz,129.0,1.0,2007.0
588019,After Midnight (Neversink),Irmgard Keun,168.0,4.09090909090909,1937.0
1388629,Perder-se,Annie Ernaux,272.0,4.5,2001.0
1635238,"Hard Merchandise (Star Wars: The Bounty Hunter Wars, #3)",K.W. Jeter,353.0,5.0,1999.0
107587,Cowboys' Mom Finds Love (Baker Brothers of Copper Creek #7),Natalie Dean,272.0,4.5,
892984,Cranberry Candies and Crimes (Candy Covered Cozy Mysteries #4),Patti Benning,130.0,5.0,
97352,"Fountain of Fire (Akora, #6)",Josie Litton,384.0,4.33333333333333,2003.0
7749,"Presagio (Almas Oscuras, #2)",Maria  Martinez,,4.5,2012.0
344270,What I Talk About When I Talk About Running,Haruki Murakami,192.0,5.0,2007.0
1710062,The Billionaire's Fake Girlfriend - Part 1,Sierra  Rose,264.0,4.3,2015.0
1863955,The Cook Up: A Crack Rock Memoir,D. Watkins,272.0,4.13333333333333,2016.0
575418,துப்பறியும் சாம்பு,Devan,600.0,4.6,1991.0
1744117,"The Long, Hot Texas Summer (McCabe Homecoming #2)",Cathy Gillen Thacker,219.0,5.0,2013.0
1372883,Sam's Letters to Jennifer,James Patterson,0.0,5.0,1991.0
198539,A Shot in the Bark: A Cozy Canine Caper (Paws and Poltergeists #5),Mara Webb,152.0,4.66666666666667,
995050,Where the Red Fern Grows: The Story of Two Dogs and a Boy,Wilson Rawls,212.0,5.0,1961.0
541021,"Thor Visionaries: Walter Simonson, Vol. 2",Walter Simonson,237.0,5.0,2003.0
2274408,Harry Potter et l'Ordre du Phénix: Poufsouffle,J.K. Rowling,928.0,5.0,2003.0
1633238,Guardian of Talons and Snares (The Zheninghai Chronicles #1),Anastasis Blythe,358.0,3.5,
341941,There is a Season (The Liverpool Sagas Book 3),Elizabeth Murphy,533.0,4.44444444444444,1991.0
438361,When a Marquis Chooses a Bride (The Worthingtons #2),Ella Quinn,320.0,4.0,2016.0
1800454,Funny Story,Emily Henry,384.0,4.2317880794702,2024.0
574176,IELTS Writing Task 1 + 2: The Ultimate Guide with Practice to Get a Target Band Score of 8.0+ In 10 Minutes a Day,Rachel Mitchell,159.0,5.0,
742062,Fire in the Minds of Men: Origins of the Revolutionary Faith,James H. Billington,677.0,4.66666666666667,1980.0
740316,The Amazing Book of Useless Information: More Things You Didn't Need to Know But Are About to Find Out,Noel Botham,233.0,4.0,2008.0
67969,23Rd June 2169: Will Ztocmi Be Able to Put Earth Resort into the Orbit?,Gajender Sharma,222.0,4.5,
2275416,Notre-Dame De Paris,Victor Hugo,156.0,4.0,1831.0
2561046,Viata care ma asteapta,Julien Sandrel,240.0,4.25,2019.0
101167,In Search of the Old Ones (A Brief History of the Anasazi),David  Roberts,360.0,4.66666666666667,1996.0
1258500,Beautiful Broken Girls,Kim  Savage,336.0,3.0,2017.0
